"student_id","name","total_enrollments","avg_completion_pct","engagement_segment"
"STU02862","Andi Saputra",11,63.18,"At Risk"
"STU02753","Permata Santoso",5,47.60,"Low Engagement"
"STU00611","Lestari Rahmawati",3,66.67,"Low Engagement"
"STU02332","Sinta Hakim",0,0.00,"Inactive"
"STU01318","Ferdi Anggara",4,50.50,"Low Engagement"
"STU02334","Citra Saputra",3,100.00,"Focused Learner"
"STU01644","Indah Putra",3,67.33,"Low Engagement"
"STU01552","Nita Yusuf",3,65.67,"Low Engagement"
"STU00939","Galih Saputra",1,91.00,"Focused Learner"
"STU02108","Wahyu Maulana",6,70.17,"Low Engagement"
"STU02568","Sinta Santoso",3,68.00,"Low Engagement"
"STU02604","Nita Hidayat",3,71.67,"Low Engagement"
"STU02878","Zahra Pertiwi",9,41.56,"At Risk"
"STU00062","Sari Permadi",1,47.00,"Low Engagement"
"STU00955","Ferdi Ramadhan",1,100.00,"Focused Learner"
"STU00616","Vina Lestari",6,67.50,"Low Engagement"
"STU01238","Vina Putra",6,38.00,"Low Engagement"
"STU00290","Budi Permadi",1,51.00,"Low Engagement"
"STU01869","Dimas Pertiwi",3,64.33,"Low Engagement"
"STU00043","Indah Susanto",5,40.40,"Low Engagement"
"STU00767","Bayu Pramudita",0,0.00,"Inactive"
"STU01924","Zahra Wibowo",1,100.00,"Focused Learner"
"STU00058","Galih Nugroho",0,0.00,"Inactive"
"STU02121","Putri Pratama",3,36.67,"Low Engagement"
"STU00930","Adi Pramudita",1,5.00,"Low Engagement"
"STU01602","Hadi Yusuf",2,87.50,"Focused Learner"
"STU01147","Indah Wijaya",6,70.83,"Low Engagement"
"STU01546","Dewi Susanto",4,20.50,"Low Engagement"
"STU02418","Vina Yusuf",3,48.33,"Low Engagement"
"STU02782","Krisna Cahyani",2,100.00,"Focused Learner"
"STU02762","Fitri Ramadhan",3,25.00,"Low Engagement"
"STU02370","Permata Susanto",4,44.25,"Low Engagement"
"STU00489","Putra Anggraini",4,43.75,"Low Engagement"
"STU01494","Arif Anggara",0,0.00,"Inactive"
"STU02191","Dimas Nugroho",6,37.67,"Low Engagement"
"STU02206","Ratna Wulandari",11,47.45,"At Risk"
"STU02296","Vina Setyowati",0,0.00,"Inactive"
"STU00114","Eka Hakim",6,48.00,"Low Engagement"
"STU01391","Intan Yusuf",0,0.00,"Inactive"
"STU02144","Fitri Kurniawan",1,74.00,"Low Engagement"
"STU02739","Luthfi Hakim",1,7.00,"Low Engagement"
"STU02301","Maya Maulana",6,77.17,"Low Engagement"
"STU00655","Aditya Nugroho",6,68.00,"Low Engagement"
"STU02343","Reza Saputra",1,46.00,"Low Engagement"
"STU02767","Putra Pramudita",5,55.00,"Low Engagement"
"STU02460","Dito Wibowo",6,62.00,"Low Engagement"
"STU01470","Budi Yusuf",1,8.00,"Low Engagement"
"STU01096","Bagus Anggraini",5,41.60,"Low Engagement"
"STU00160","Naufal Anggraini",3,27.67,"Low Engagement"
"STU01257","Adi Anggara",3,85.33,"Focused Learner"
"STU02905","Krisna Putra",4,51.00,"Low Engagement"
"STU02853","Eko Iskandar",1,100.00,"Focused Learner"
"STU02297","Eko Susanto",4,62.25,"Low Engagement"
"STU00723","Surya Pertiwi",10,48.40,"At Risk"
"STU02185","Diah Damayanti",5,49.60,"Low Engagement"
"STU02355","Maya Yusuf",11,56.00,"At Risk"
"STU02328","Dewi Santoso",3,59.33,"Low Engagement"
"STU01595","Fitri Damayanti",1,9.00,"Low Engagement"
"STU01350","Krisna Mahendra",11,58.18,"At Risk"
"STU00786","Nita Lestari",3,81.67,"Focused Learner"
"STU02973","Dito Nugroho",6,36.00,"Low Engagement"
"STU02304","Bayu Cahyani",9,63.67,"At Risk"
"STU00473","Panji Maulana",3,41.00,"Low Engagement"
"STU00770","Reza Maulana",0,0.00,"Inactive"
"STU01444","Ayu Anggara",5,76.60,"Low Engagement"
"STU00508","Rahmat Wijaya",0,0.00,"Inactive"
"STU02350","Dewi Yusuf",2,44.00,"Low Engagement"
"STU02655","Indah Wulandari",3,60.33,"Low Engagement"
"STU01308","Arif Damayanti",1,4.00,"Low Engagement"
"STU01294","Rizky Wulandari",4,33.00,"Low Engagement"
"STU00892","Rizky Pertiwi",0,0.00,"Inactive"
"STU00246","Reza Iskandar",2,76.50,"Low Engagement"
"STU00200","Umi Anggara",2,52.00,"Low Engagement"
"STU00640","Dito Susanto",0,0.00,"Inactive"
"STU01571","Reno Kusuma",0,0.00,"Inactive"
"STU01392","Diah Pratama",3,67.33,"Low Engagement"
"STU00248","Ratna Kurniawan",6,48.00,"Low Engagement"
"STU02441","Citra Hidayat",3,89.67,"Focused Learner"
"STU00657","Fitri Kurniawan",4,42.75,"Low Engagement"
"STU00707","Mawar Kurniawan",3,33.33,"Low Engagement"
"STU02496","Surya Rahmawati",8,69.50,"At Risk"
"STU02600","Yoga Saputra",0,0.00,"Inactive"
"STU02163","Budi Pramudita",3,24.33,"Low Engagement"
"STU00684","Tia Pratama",3,67.67,"Low Engagement"
"STU01396","Hadi Setyowati",7,15.29,"Low Engagement"
"STU00859","Hadi Kurniawan",0,0.00,"Inactive"
"STU00699","Fajar Anggara",0,0.00,"Inactive"
"STU00128","Olivia Wibowo",0,0.00,"Inactive"
"STU00849","Gilang Kurniawan",2,18.00,"Low Engagement"
"STU00746","Krisna Lestari",3,52.00,"Low Engagement"
"STU02389","Lestari Rahmawati",3,42.67,"Low Engagement"
"STU02837","Adi Setyowati",0,0.00,"Inactive"
"STU02868","Olivia Kusuma",3,21.00,"Low Engagement"
"STU01182","Rizky Nugroho",1,77.00,"Low Engagement"
"STU02008","Umi Setiawan",1,25.00,"Low Engagement"
"STU00935","Ratna Permadi",4,31.00,"Low Engagement"
"STU01842","Rizky Wijaya",2,56.00,"Low Engagement"
"STU01921","Fitri Anggara",6,56.33,"Low Engagement"
"STU00716","Maya Wibowo",3,26.00,"Low Engagement"
"STU00050","Yuni Saputra",4,41.50,"Low Engagement"
"STU01664","Ratna Anggara",3,36.33,"Low Engagement"
"STU01398","Ayu Susanto",6,35.50,"Low Engagement"
"STU01030","Naufal Anggraini",0,0.00,"Inactive"
"STU00666","Wahyu Hidayat",6,54.50,"Low Engagement"
"STU00693","Adi Iskandar",1,83.00,"Focused Learner"
"STU02793","Surya Saputra",7,52.00,"Low Engagement"
"STU01537","Citra Iskandar",0,0.00,"Inactive"
"STU01054","Wahyu Wijaya",5,46.00,"Low Engagement"
"STU00314","Gilang Hapsari",6,79.83,"Low Engagement"
"STU02694","Reza Kurniawan",2,57.50,"Low Engagement"
"STU02573","Rahmat Hidayat",3,85.00,"Focused Learner"
"STU00503","Umi Lestari",2,39.50,"Low Engagement"
"STU02930","Fitri Ramadhan",0,0.00,"Inactive"
"STU00812","Vina Hidayat",0,0.00,"Inactive"
"STU02279","Rahmat Kusuma",3,37.00,"Low Engagement"
"STU01621","Iqbal Setiawan",1,100.00,"Focused Learner"
"STU00646","Nadia Susanto",6,75.83,"Low Engagement"
"STU02962","Putri Kusuma",0,0.00,"Inactive"
"STU01882","Umi Setiawan",3,15.00,"Low Engagement"
"STU02463","Reno Mahendra",0,0.00,"Inactive"
"STU00006","Winda Mahendra",10,48.00,"At Risk"
"STU02731","Maya Ramadhan",4,55.75,"Low Engagement"
"STU02244","Kirana Iskandar",5,55.00,"Low Engagement"
"STU02200","Citra Damayanti",2,40.50,"Low Engagement"
"STU02122","Dewi Setyowati",4,37.25,"Low Engagement"
"STU01864","Ayu Putra",5,47.40,"Low Engagement"
"STU01640","Zahra Hakim",10,67.90,"At Risk"
"STU01547","Citra Mahendra",0,0.00,"Inactive"
"STU01955","Sinta Permadi",3,82.67,"Focused Learner"
"STU02921","Hana Rahmawati",0,0.00,"Inactive"
"STU02940","Luthfi Hapsari",6,54.17,"Low Engagement"
"STU01109","Eko Nugroho",0,0.00,"Inactive"
"STU01823","Naufal Hakim",3,50.33,"Low Engagement"
"STU02827","Vina Lestari",3,89.33,"Focused Learner"
"STU01336","Nita Permadi",3,19.33,"Low Engagement"
"STU02292","Citra Maulana",3,69.33,"Low Engagement"
"STU01652","Winda Wijaya",7,61.00,"Low Engagement"
"STU02798","Krisna Nugroho",1,100.00,"Focused Learner"
"STU02269","Dito Iskandar",6,31.67,"Low Engagement"
"STU01947","Intan Hakim",3,82.67,"Focused Learner"
"STU02546","Andi Setiawan",0,0.00,"Inactive"
"STU01636","Dewi Nugroho",2,86.00,"Focused Learner"
"STU00667","Gita Anggraini",4,52.75,"Low Engagement"
"STU01239","Satria Iskandar",0,0.00,"Inactive"
"STU02871","Winda Hapsari",11,43.82,"At Risk"
"STU02800","Surya Pertiwi",6,50.33,"Low Engagement"
"STU00566","Kirana Putra",2,35.00,"Low Engagement"
"STU01206","Sari Cahyani",6,52.83,"Low Engagement"
"STU01295","Ayu Anggara",7,56.00,"Low Engagement"
"STU01738","Galih Setyowati",2,64.50,"Low Engagement"
"STU01154","Olivia Anggraini",0,0.00,"Inactive"
"STU02484","Andi Anggara",0,0.00,"Inactive"
"STU02053","Bayu Lestari",2,92.00,"Focused Learner"
"STU01258","Indah Lestari",1,100.00,"Focused Learner"
"STU02469","Fitri Yusuf",0,0.00,"Inactive"
"STU00402","Dito Wijaya",3,70.00,"Low Engagement"
"STU01740","Dewi Hidayat",4,26.00,"Low Engagement"
"STU00202","Bagus Saputra",1,100.00,"Focused Learner"
"STU02408","Sinta Kusuma",2,51.00,"Low Engagement"
"STU00749","Panji Nugroho",6,26.83,"Low Engagement"
"STU02529","Siti Setiawan",1,7.00,"Low Engagement"
"STU01243","Adi Nugroho",3,82.00,"Focused Learner"
"STU00760","Reza Rahmawati",0,0.00,"Inactive"
"STU02906","Dimas Permadi",0,0.00,"Inactive"
"STU01482","Galih Hakim",1,72.00,"Low Engagement"
"STU01701","Bayu Pertiwi",5,79.20,"Low Engagement"
"STU01792","Gita Saputra",2,31.00,"Low Engagement"
"STU02766","Putri Iskandar",3,37.00,"Low Engagement"
"STU00476","Zahra Pertiwi",11,47.82,"At Risk"
"STU01450","Andi Hidayat",0,0.00,"Inactive"
"STU00407","Reza Maulana",5,53.60,"Low Engagement"
"STU00149","Putri Hapsari",0,0.00,"Inactive"
"STU02394","Luthfi Lestari",3,62.00,"Low Engagement"
"STU00983","Indah Susanto",5,52.20,"Low Engagement"
"STU00030","Eko Setiawan",6,73.00,"Low Engagement"
"STU02525","Panji Hapsari",8,78.25,"At Risk"
"STU02456","Rizky Ramadhan",6,43.33,"Low Engagement"
"STU02630","Adi Pertiwi",1,7.00,"Low Engagement"
"STU01460","Ferdi Lestari",1,60.00,"Low Engagement"
"STU00717","Galih Kusuma",2,47.50,"Low Engagement"
"STU02717","Wahyu Pramudita",3,88.00,"Focused Learner"
"STU02018","Eka Maulana",1,1.00,"Low Engagement"
"STU00997","Intan Permadi",5,56.00,"Low Engagement"
"STU02068","Rahmat Wibowo",5,85.80,"Focused Learner"
"STU01554","Yuni Kusuma",2,100.00,"Focused Learner"
"STU02886","Sari Pramudita",7,72.86,"Low Engagement"
"STU02701","Luthfi Putra",3,37.00,"Low Engagement"
"STU02349","Krisna Pertiwi",4,47.00,"Low Engagement"
"STU00462","Andi Damayanti",6,25.67,"Low Engagement"
"STU01198","Satria Maulana",3,46.67,"Low Engagement"
"STU02954","Rizky Damayanti",1,100.00,"Focused Learner"
"STU00608","Satria Cahyani",3,49.00,"Low Engagement"
"STU00968","Umi Kurniawan",9,49.44,"At Risk"
"STU00132","Surya Santoso",0,0.00,"Inactive"
"STU00199","Dito Yusuf",0,0.00,"Inactive"
"STU02616","Yoga Damayanti",0,0.00,"Inactive"
"STU00574","Dimas Kurniawan",1,23.00,"Low Engagement"
"STU00220","Putra Lestari",1,72.00,"Low Engagement"
"STU02090","Indah Ramadhan",1,100.00,"Focused Learner"
"STU02744","Iqbal Wulandari",5,60.80,"Low Engagement"
"STU02943","Putra Ramadhan",3,41.00,"Low Engagement"
"STU02288","Winda Hidayat",11,32.55,"At Risk"
"STU02318","Mega Setiawan",3,43.67,"Low Engagement"
"STU01732","Fajar Hapsari",5,24.20,"Low Engagement"
"STU00155","Hadi Lestari",2,90.00,"Focused Learner"
"STU00688","Tia Ramadhan",6,32.00,"Low Engagement"
"STU00475","Aditya Mahendra",4,52.75,"Low Engagement"
"STU00836","Panji Cahyani",1,59.00,"Low Engagement"
"STU00159","Putra Wibowo",11,53.36,"At Risk"
"STU02915","Eko Hapsari",8,56.13,"At Risk"
"STU02877","Maya Iskandar",0,0.00,"Inactive"
"STU02091","Umi Wibowo",3,37.33,"Low Engagement"
"STU02634","Sinta Pramudita",3,53.67,"Low Engagement"
"STU02256","Siti Wibowo",0,0.00,"Inactive"
"STU00773","Umi Mahendra",0,0.00,"Inactive"
"STU00015","Putri Hidayat",11,40.09,"At Risk"
"STU01018","Ferdi Damayanti",3,70.67,"Low Engagement"
"STU02309","Ratna Kusuma",3,30.33,"Low Engagement"
"STU01233","Kirana Cahyani",2,92.50,"Focused Learner"
"STU01529","Tia Wibowo",3,76.00,"Low Engagement"
"STU00830","Nita Kusuma",2,71.50,"Low Engagement"
"STU02748","Ratna Yusuf",3,38.00,"Low Engagement"
"STU02110","Ayu Mahendra",3,7.33,"Low Engagement"
"STU00343","Reno Wulandari",2,14.00,"Low Engagement"
"STU00236","Maya Rahmawati",5,62.80,"Low Engagement"
"STU00158","Mega Maulana",5,96.00,"Focused Learner"
"STU01703","Winda Yusuf",3,26.33,"Low Engagement"
"STU00008","Siti Permadi",2,54.50,"Low Engagement"
"STU00526","Permata Iskandar",3,62.00,"Low Engagement"
"STU02388","Citra Permadi",3,12.00,"Low Engagement"
"STU01351","Kirana Iskandar",3,100.00,"Focused Learner"
"STU00401","Adi Kurniawan",9,52.00,"At Risk"
"STU00431","Permata Pramudita",3,36.67,"Low Engagement"
"STU00197","Hana Iskandar",5,50.00,"Low Engagement"
"STU01562","Maya Mahendra",3,47.33,"Low Engagement"
"STU01085","Reza Saputra",3,47.00,"Low Engagement"
"STU00829","Aditya Setyowati",9,37.89,"At Risk"
"STU01271","Bagus Kusuma",1,1.00,"Low Engagement"
"STU02123","Adi Hakim",2,51.00,"Low Engagement"
"STU01913","Hendra Hakim",2,58.00,"Low Engagement"
"STU00322","Lestari Rahmawati",2,5.50,"Low Engagement"
"STU01831","Sari Wijaya",0,0.00,"Inactive"
"STU02669","Gilang Santoso",1,32.00,"Low Engagement"
"STU01417","Nadia Cahyani",2,23.50,"Low Engagement"
"STU01335","Naufal Setiawan",1,100.00,"Focused Learner"
"STU01753","Bayu Setiawan",3,46.67,"Low Engagement"
"STU00405","Fajar Cahyani",4,9.25,"Low Engagement"
"STU00090","Gilang Setiawan",5,81.00,"Focused Learner"
"STU00087","Dewi Yusuf",11,55.82,"At Risk"
"STU02362","Vina Hakim",4,60.00,"Low Engagement"
"STU01169","Kirana Pertiwi",0,0.00,"Inactive"
"STU01366","Tia Pratama",6,54.67,"Low Engagement"
"STU01953","Umi Hapsari",10,41.70,"At Risk"
"STU02100","Dewi Wijaya",3,85.00,"Focused Learner"
"STU02950","Budi Wijaya",3,98.33,"Focused Learner"
"STU00635","Indah Anggara",10,50.00,"At Risk"
"STU02538","Ferdi Maulana",5,82.40,"Focused Learner"
"STU01082","Nita Cahyani",3,56.00,"Low Engagement"
"STU01187","Umi Pertiwi",11,43.27,"At Risk"
"STU00784","Fitri Damayanti",0,0.00,"Inactive"
"STU02792","Satria Anggraini",3,64.67,"Low Engagement"
"STU01775","Surya Susanto",1,2.00,"Low Engagement"
"STU00309","Citra Setiawan",8,74.63,"At Risk"
"STU01824","Indah Anggara",8,73.63,"At Risk"
"STU01072","Sari Lestari",6,35.50,"Low Engagement"
"STU02781","Dito Mahendra",3,23.33,"Low Engagement"
"STU02761","Reno Putra",5,42.00,"Low Engagement"
"STU02586","Krisna Pertiwi",2,54.00,"Low Engagement"
"STU00376","Ayu Hidayat",11,51.09,"At Risk"
"STU02471","Iqbal Yusuf",11,52.27,"At Risk"
"STU02577","Eko Cahyani",2,48.00,"Low Engagement"
"STU01804","Dimas Damayanti",0,0.00,"Inactive"
"STU01305","Nadia Maulana",1,3.00,"Low Engagement"
"STU02183","Reno Setiawan",9,52.33,"At Risk"
"STU00282","Nadia Wulandari",3,77.00,"Low Engagement"
"STU02094","Yoga Santoso",0,0.00,"Inactive"
"STU01175","Siti Maulana",3,96.33,"Focused Learner"
"STU00491","Citra Anggraini",1,6.00,"Low Engagement"
"STU02093","Hadi Nugroho",4,75.75,"Low Engagement"
"STU00437","Dewi Pertiwi",3,51.67,"Low Engagement"
"STU01968","Hadi Permadi",2,52.00,"Low Engagement"
"STU01229","Ratna Hapsari",2,53.00,"Low Engagement"
"STU01871","Luthfi Permadi",6,88.17,"Focused Learner"
"STU01665","Intan Kurniawan",3,89.67,"Focused Learner"
"STU01326","Aditya Lestari",2,28.50,"Low Engagement"
"STU01895","Budi Rahmawati",4,71.75,"Low Engagement"
"STU00592","Siti Susanto",3,78.33,"Low Engagement"
"STU02375","Eka Setiawan",2,2.50,"Low Engagement"
"STU01129","Rizky Yusuf",0,0.00,"Inactive"
"STU00330","Andi Putra",1,7.00,"Low Engagement"
"STU01745","Olivia Maulana",0,0.00,"Inactive"
"STU00788","Ferdi Permadi",1,100.00,"Focused Learner"
"STU02424","Budi Anggraini",6,35.67,"Low Engagement"
"STU01577","Dewi Setyowati",6,58.33,"Low Engagement"
"STU00487","Aditya Ramadhan",5,65.20,"Low Engagement"
"STU01130","Siti Nugroho",2,82.00,"Focused Learner"
"STU02840","Reza Pertiwi",11,73.45,"At Risk"
"STU01341","Olivia Nugroho",0,0.00,"Inactive"
"STU01337","Naufal Pertiwi",3,55.00,"Low Engagement"
"STU02035","Arif Lestari",7,28.29,"Low Engagement"
"STU02666","Nadia Setiawan",3,57.00,"Low Engagement"
"STU00216","Putra Permadi",1,100.00,"Focused Learner"
"STU01173","Eka Kurniawan",1,100.00,"Focused Learner"
"STU02506","Umi Permadi",3,16.67,"Low Engagement"
"STU01313","Fajar Wibowo",3,59.67,"Low Engagement"
"STU00792","Reza Permadi",3,60.00,"Low Engagement"
"STU01755","Bayu Santoso",0,0.00,"Inactive"
"STU02335","Satria Anggraini",0,0.00,"Inactive"
"STU00109","Rahmat Setiawan",0,0.00,"Inactive"
"STU01376","Eka Kusuma",0,0.00,"Inactive"
"STU02039","Surya Lestari",2,11.50,"Low Engagement"
"STU00250","Bagus Santoso",3,34.33,"Low Engagement"
"STU00670","Reza Cahyani",0,0.00,"Inactive"
"STU02236","Winda Anggraini",3,39.00,"Low Engagement"
"STU02990","Gita Pratama",8,39.75,"At Risk"
"STU01402","Iqbal Permadi",3,38.67,"Low Engagement"
"STU00024","Fajar Maulana",10,31.20,"At Risk"
"STU02698","Krisna Anggara",3,40.33,"Low Engagement"
"STU01124","Gilang Anggraini",2,99.50,"Focused Learner"
"STU02926","Luthfi Hapsari",2,61.50,"Low Engagement"
"STU01538","Gilang Yusuf",11,79.00,"At Risk"
"STU02274","Mega Lestari",3,26.33,"Low Engagement"
"STU01550","Panji Hapsari",1,100.00,"Focused Learner"
"STU02240","Iqbal Wibowo",2,47.00,"Low Engagement"
"STU00296","Siti Santoso",6,60.17,"Low Engagement"
"STU01807","Fajar Pratama",7,44.57,"Low Engagement"
"STU02932","Ayu Wibowo",3,67.33,"Low Engagement"
"STU00645","Permata Permadi",5,75.00,"Low Engagement"
"STU02282","Satria Yusuf",3,67.67,"Low Engagement"
"STU00819","Surya Mahendra",5,74.60,"Low Engagement"
"STU00265","Tia Iskandar",6,26.83,"Low Engagement"
"STU01945","Ratna Hapsari",1,100.00,"Focused Learner"
"STU01340","Iqbal Mahendra",0,0.00,"Inactive"
"STU02472","Putra Lestari",11,56.64,"At Risk"
"STU01969","Bagus Pratama",6,59.33,"Low Engagement"
"STU02033","Arif Wulandari",1,4.00,"Low Engagement"
"STU02224","Ferdi Santoso",7,55.00,"Low Engagement"
"STU01407","Winda Setiawan",3,68.67,"Low Engagement"
"STU01155","Permata Susanto",2,100.00,"Focused Learner"
"STU02038","Mawar Hakim",3,71.33,"Low Engagement"
"STU02072","Permata Damayanti",1,3.00,"Low Engagement"
"STU00752","Yuni Pertiwi",5,51.60,"Low Engagement"
"STU00310","Diah Saputra",11,53.91,"At Risk"
"STU02852","Gilang Maulana",6,31.83,"Low Engagement"
"STU01623","Andi Saputra",6,38.00,"Low Engagement"
"STU00362","Fajar Saputra",0,0.00,"Inactive"
"STU01005","Hana Hakim",6,46.67,"Low Engagement"
"STU01314","Tia Putra",0,0.00,"Inactive"
"STU02102","Zahra Wulandari",3,35.00,"Low Engagement"
"STU01776","Putra Hapsari",3,60.67,"Low Engagement"
"STU00335","Indah Hakim",0,0.00,"Inactive"
"STU01877","Rizky Kusuma",1,30.00,"Low Engagement"
"STU00722","Reno Pramudita",2,5.00,"Low Engagement"
"STU00675","Budi Hapsari",9,45.56,"At Risk"
"STU00825","Winda Pramudita",1,0.00,"Low Engagement"
"STU02610","Mawar Hakim",4,67.00,"Low Engagement"
"STU02478","Hadi Kurniawan",1,11.00,"Low Engagement"
"STU00278","Hana Anggraini",0,0.00,"Inactive"
"STU01936","Satria Pertiwi",3,35.67,"Low Engagement"
"STU02203","Maya Lestari",8,41.88,"At Risk"
"STU01903","Yuni Nugroho",5,79.20,"Low Engagement"
"STU01519","Nadia Saputra",1,17.00,"Low Engagement"
"STU01339","Adi Rahmawati",6,67.50,"Low Engagement"
"STU01880","Gilang Anggraini",6,55.50,"Low Engagement"
"STU01518","Zahra Yusuf",11,31.18,"At Risk"
"STU02369","Dewi Nugroho",3,49.33,"Low Engagement"
"STU01760","Permata Hapsari",9,80.67,"Highly Engaged"
"STU01245","Reza Ramadhan",3,54.33,"Low Engagement"
"STU02780","Nadia Hidayat",0,0.00,"Inactive"
"STU01984","Kirana Susanto",2,52.00,"Low Engagement"
"STU01978","Diah Hidayat",11,63.27,"At Risk"
"STU02513","Ferdi Kusuma",3,45.00,"Low Engagement"
"STU00795","Citra Pramudita",1,64.00,"Low Engagement"
"STU02719","Yuni Maulana",3,57.33,"Low Engagement"
"STU02232","Dito Hidayat",9,54.22,"At Risk"
"STU00721","Andi Yusuf",2,79.00,"Low Engagement"
"STU00527","Citra Hidayat",3,6.33,"Low Engagement"
"STU02947","Krisna Damayanti",5,69.20,"Low Engagement"
"STU01600","Ferdi Saputra",0,0.00,"Inactive"
"STU01283","Gilang Lestari",4,96.25,"Focused Learner"
"STU01003","Yoga Pratama",2,89.00,"Focused Learner"
"STU00563","Krisna Rahmawati",0,0.00,"Inactive"
"STU01748","Adi Wibowo",2,34.00,"Low Engagement"
"STU00597","Rizky Iskandar",3,38.00,"Low Engagement"
"STU02681","Fitri Santoso",3,48.33,"Low Engagement"
"STU00691","Olivia Setiawan",3,83.00,"Focused Learner"
"STU00400","Sinta Wulandari",3,55.33,"Low Engagement"
"STU00906","Maya Nugroho",4,32.25,"Low Engagement"
"STU00557","Maya Lestari",5,32.20,"Low Engagement"
"STU02695","Budi Wibowo",2,56.50,"Low Engagement"
"STU00288","Hana Mahendra",2,98.00,"Focused Learner"
"STU00898","Panji Anggara",3,44.33,"Low Engagement"
"STU00685","Eko Wulandari",11,50.09,"At Risk"
"STU01097","Eka Pratama",1,29.00,"Low Engagement"
"STU01638","Aditya Damayanti",1,6.00,"Low Engagement"
"STU01125","Bagus Maulana",2,69.00,"Low Engagement"
"STU00415","Diah Anggara",0,0.00,"Inactive"
"STU01835","Iqbal Setyowati",1,83.00,"Focused Learner"
"STU00495","Vina Wijaya",0,0.00,"Inactive"
"STU02205","Bayu Saputra",9,70.22,"At Risk"
"STU00048","Fitri Anggara",3,34.67,"Low Engagement"
"STU02152","Lestari Pertiwi",5,62.40,"Low Engagement"
"STU01047","Ferdi Anggara",0,0.00,"Inactive"
"STU02429","Putri Permadi",3,9.67,"Low Engagement"
"STU02491","Nadia Rahmawati",4,92.00,"Focused Learner"
"STU00832","Aditya Pratama",8,66.13,"At Risk"
"STU00147","Reza Wulandari",10,76.30,"At Risk"
"STU01416","Gita Pramudita",3,9.33,"Low Engagement"
"STU02688","Yuni Putra",3,90.67,"Focused Learner"
"STU01650","Aditya Setyowati",1,1.00,"Low Engagement"
"STU02439","Intan Anggara",0,0.00,"Inactive"
"STU00778","Diah Yusuf",0,0.00,"Inactive"
"STU02783","Hadi Kusuma",2,32.00,"Low Engagement"
"STU02248","Surya Pertiwi",1,8.00,"Low Engagement"
"STU01670","Kirana Kurniawan",3,60.67,"Low Engagement"
"STU02449","Naufal Yusuf",5,37.60,"Low Engagement"
"STU00320","Mawar Wijaya",2,100.00,"Focused Learner"
"STU02790","Citra Yusuf",11,52.82,"At Risk"
"STU02031","Bayu Setyowati",6,68.33,"Low Engagement"
"STU02397","Hana Wulandari",0,0.00,"Inactive"
"STU02997","Ferdi Yusuf",5,27.60,"Low Engagement"
"STU00568","Budi Wijaya",9,59.00,"At Risk"
"STU00037","Hadi Hapsari",11,61.45,"At Risk"
"STU01281","Naufal Permadi",11,62.64,"At Risk"
"STU00348","Hadi Hidayat",5,70.60,"Low Engagement"
"STU00304","Luthfi Lestari",5,62.40,"Low Engagement"
"STU01235","Ayu Kurniawan",1,72.00,"Low Engagement"
"STU01490","Naufal Anggraini",0,0.00,"Inactive"
"STU01468","Citra Kurniawan",3,32.00,"Low Engagement"
"STU01240","Budi Cahyani",3,54.33,"Low Engagement"
"STU01123","Galih Susanto",6,64.83,"Low Engagement"
"STU02843","Dewi Damayanti",2,28.00,"Low Engagement"
"STU02571","Intan Cahyani",4,84.75,"Focused Learner"
"STU00116","Hana Permadi",4,38.25,"Low Engagement"
"STU02115","Winda Maulana",4,28.25,"Low Engagement"
"STU01593","Olivia Santoso",2,54.50,"Low Engagement"
"STU02994","Umi Wulandari",6,49.50,"Low Engagement"
"STU00326","Ferdi Mahendra",0,0.00,"Inactive"
"STU02535","Intan Maulana",5,50.80,"Low Engagement"
"STU02348","Aditya Cahyani",3,59.67,"Low Engagement"
"STU01632","Fitri Iskandar",7,81.86,"Focused Learner"
"STU02078","Olivia Setiawan",0,0.00,"Inactive"
"STU02686","Putra Pertiwi",11,69.00,"At Risk"
"STU02234","Eko Ramadhan",3,87.67,"Focused Learner"
"STU01683","Dimas Rahmawati",0,0.00,"Inactive"
"STU00528","Reno Setiawan",3,57.67,"Low Engagement"
"STU01992","Kirana Damayanti",1,5.00,"Low Engagement"
"STU00577","Iqbal Santoso",3,67.00,"Low Engagement"
"STU02865","Andi Pertiwi",7,46.14,"Low Engagement"
"STU02806","Dewi Cahyani",2,6.00,"Low Engagement"
"STU01285","Intan Iskandar",7,56.43,"Low Engagement"
"STU00995","Surya Pramudita",0,0.00,"Inactive"
"STU02734","Fitri Hakim",3,44.33,"Low Engagement"
"STU00877","Naufal Setyowati",1,38.00,"Low Engagement"
"STU00096","Olivia Anggraini",4,29.25,"Low Engagement"
"STU00066","Permata Maulana",5,17.80,"Low Engagement"
"STU00525","Umi Mahendra",2,100.00,"Focused Learner"
"STU02903","Nita Mahendra",3,30.00,"Low Engagement"
"STU02861","Olivia Saputra",0,0.00,"Inactive"
"STU01317","Mawar Iskandar",0,0.00,"Inactive"
"STU00886","Nita Pratama",4,77.25,"Low Engagement"
"STU01122","Vina Maulana",3,29.00,"Low Engagement"
"STU00694","Surya Rahmawati",1,62.00,"Low Engagement"
"STU00231","Ayu Kurniawan",6,63.33,"Low Engagement"
"STU00141","Luthfi Cahyani",3,57.33,"Low Engagement"
"STU01677","Reza Iskandar",4,66.25,"Low Engagement"
"STU00891","Bayu Maulana",11,54.45,"At Risk"
"STU01289","Arif Pertiwi",2,72.00,"Low Engagement"
"STU01118","Eka Santoso",2,54.00,"Low Engagement"
"STU00576","Eko Pratama",2,28.00,"Low Engagement"
"STU00546","Umi Saputra",4,81.25,"Focused Learner"
"STU01645","Yuni Pertiwi",11,52.73,"At Risk"
"STU00521","Citra Kurniawan",3,73.67,"Low Engagement"
"STU02356","Hana Cahyani",5,16.20,"Low Engagement"
"STU01846","Adi Susanto",3,58.00,"Low Engagement"
"STU01662","Andi Ramadhan",10,53.40,"At Risk"
"STU02081","Putra Mahendra",7,31.86,"Low Engagement"
"STU00263","Hendra Nugroho",3,39.00,"Low Engagement"
"STU00379","Putra Hidayat",8,61.88,"At Risk"
"STU01191","Sinta Setyowati",4,67.25,"Low Engagement"
"STU00506","Vina Kurniawan",3,58.33,"Low Engagement"
"STU01580","Winda Hakim",5,46.60,"Low Engagement"
"STU00840","Vina Anggara",3,29.00,"Low Engagement"
"STU00644","Ayu Kusuma",8,26.38,"At Risk"
"STU02308","Arif Susanto",3,76.33,"Low Engagement"
"STU02657","Eka Setiawan",6,38.67,"Low Engagement"
"STU02405","Arif Lestari",0,0.00,"Inactive"
"STU01618","Budi Damayanti",4,64.25,"Low Engagement"
"STU02384","Gita Iskandar",2,43.50,"Low Engagement"
"STU00281","Fajar Ramadhan",2,30.00,"Low Engagement"
"STU00681","Bagus Kusuma",2,100.00,"Focused Learner"
"STU02466","Ferdi Pratama",4,46.50,"Low Engagement"
"STU02167","Yoga Iskandar",4,32.25,"Low Engagement"
"STU00192","Galih Wulandari",4,32.50,"Low Engagement"
"STU01676","Citra Pertiwi",0,0.00,"Inactive"
"STU01503","Yuni Nugroho",1,97.00,"Focused Learner"
"STU02048","Indah Nugroho",1,0.00,"Low Engagement"
"STU00403","Reno Wijaya",2,52.00,"Low Engagement"
"STU00233","Yoga Kusuma",3,74.67,"Low Engagement"
"STU01963","Olivia Anggraini",4,22.75,"Low Engagement"
"STU02135","Tia Cahyani",3,19.67,"Low Engagement"
"STU01937","Tia Kurniawan",2,27.50,"Low Engagement"
"STU01513","Yuni Hapsari",1,1.00,"Low Engagement"
"STU01860","Andi Nugroho",11,49.91,"At Risk"
"STU01014","Vina Anggara",3,64.33,"Low Engagement"
"STU00989","Indah Hidayat",9,58.00,"At Risk"
"STU02070","Wahyu Anggraini",11,57.36,"At Risk"
"STU00726","Mawar Pratama",2,50.50,"Low Engagement"
"STU00648","Galih Kusuma",0,0.00,"Inactive"
"STU00166","Yuni Nugroho",6,52.50,"Low Engagement"
"STU00252","Sinta Nugroho",0,0.00,"Inactive"
"STU02041","Umi Pramudita",1,100.00,"Focused Learner"
"STU00866","Reno Hidayat",0,0.00,"Inactive"
"STU00106","Arif Wijaya",11,66.64,"At Risk"
"STU02015","Galih Saputra",6,33.67,"Low Engagement"
"STU02526","Putra Pertiwi",3,73.33,"Low Engagement"
"STU02493","Putri Wibowo",3,35.00,"Low Engagement"
"STU01387","Dito Hakim",10,68.50,"At Risk"
"STU00492","Ratna Yusuf",0,0.00,"Inactive"
"STU00873","Putri Kusuma",9,61.56,"At Risk"
"STU00619","Reza Anggara",0,0.00,"Inactive"
"STU00161","Panji Kusuma",5,38.40,"Low Engagement"
"STU00119","Tia Wulandari",3,100.00,"Focused Learner"
"STU01898","Permata Kusuma",0,0.00,"Inactive"
"STU01658","Permata Yusuf",3,80.00,"Focused Learner"
"STU00276","Dimas Iskandar",3,62.00,"Low Engagement"
"STU01031","Putra Nugroho",5,19.80,"Low Engagement"
"STU01092","Intan Yusuf",1,51.00,"Low Engagement"
"STU00188","Hendra Lestari",1,70.00,"Low Engagement"
"STU02497","Diah Mahendra",3,9.33,"Low Engagement"
"STU01680","Hendra Anggara",0,0.00,"Inactive"
"STU02150","Hendra Pratama",6,40.00,"Low Engagement"
"STU00512","Wahyu Anggraini",1,29.00,"Low Engagement"
"STU00762","Aditya Mahendra",1,1.00,"Low Engagement"
"STU00422","Umi Anggara",5,31.80,"Low Engagement"
"STU01207","Rahmat Pratama",2,58.00,"Low Engagement"
"STU02024","Umi Iskandar",11,75.27,"At Risk"
"STU02897","Aditya Setiawan",4,52.50,"Low Engagement"
"STU00421","Mega Putra",9,63.67,"At Risk"
"STU00354","Dimas Anggara",5,15.60,"Low Engagement"
"STU02727","Vina Setyowati",0,0.00,"Inactive"
"STU01927","Nita Yusuf",5,33.60,"Low Engagement"
"STU01060","Naufal Kurniawan",1,100.00,"Focused Learner"
"STU02764","Yoga Pratama",2,76.00,"Low Engagement"
"STU00046","Satria Setyowati",8,49.63,"At Risk"
"STU01478","Putri Putra",1,100.00,"Focused Learner"
"STU00965","Nita Hidayat",1,100.00,"Focused Learner"
"STU00662","Reno Yusuf",5,56.20,"Low Engagement"
"STU02385","Dimas Lestari",10,61.10,"At Risk"
"STU01630","Budi Kusuma",2,59.00,"Low Engagement"
"STU01773","Sinta Kurniawan",4,29.00,"Low Engagement"
"STU02626","Galih Pramudita",7,46.86,"Low Engagement"
"STU02087","Intan Iskandar",0,0.00,"Inactive"
"STU02685","Fitri Ramadhan",6,20.17,"Low Engagement"
"STU02007","Siti Setiawan",2,2.50,"Low Engagement"
"STU02314","Luthfi Wibowo",0,0.00,"Inactive"
"STU02606","Satria Susanto",0,0.00,"Inactive"
"STU01161","Gita Lestari",2,90.00,"Focused Learner"
"STU01046","Krisna Permadi",2,83.50,"Focused Learner"
"STU00900","Adi Cahyani",5,55.40,"Low Engagement"
"STU01631","Ratna Wibowo",5,60.40,"Low Engagement"
"STU01136","Naufal Pratama",3,38.00,"Low Engagement"
"STU01690","Luthfi Maulana",3,74.33,"Low Engagement"
"STU01926","Eko Nugroho",3,90.33,"Focused Learner"
"STU02354","Yoga Anggara",8,42.88,"At Risk"
"STU01474","Andi Putra",0,0.00,"Inactive"
"STU00650","Bagus Santoso",2,18.00,"Low Engagement"
"STU02428","Satria Nugroho",10,55.30,"At Risk"
"STU01467","Rahmat Santoso",11,53.27,"At Risk"
"STU00854","Budi Rahmawati",5,50.80,"Low Engagement"
"STU02451","Eka Yusuf",11,49.55,"At Risk"
"STU00941","Surya Rahmawati",0,0.00,"Inactive"
"STU01821","Iqbal Kurniawan",3,98.67,"Focused Learner"
"STU02509","Lestari Cahyani",2,8.00,"Low Engagement"
"STU01616","Zahra Nugroho",3,58.00,"Low Engagement"
"STU00084","Indah Saputra",1,0.00,"Low Engagement"
"STU02412","Reno Kusuma",11,79.00,"At Risk"
"STU00329","Intan Cahyani",2,54.50,"Low Engagement"
"STU02291","Lestari Kurniawan",0,0.00,"Inactive"
"STU01574","Siti Wijaya",0,0.00,"Inactive"
"STU02548","Dimas Wibowo",4,62.00,"Low Engagement"
"STU01861","Rahmat Santoso",3,58.67,"Low Engagement"
"STU00337","Bagus Pratama",3,70.33,"Low Engagement"
"STU00033","Arif Wibowo",2,88.50,"Focused Learner"
"STU01611","Iqbal Kusuma",0,0.00,"Inactive"
"STU01408","Kirana Rahmawati",1,93.00,"Focused Learner"
"STU00987","Tia Saputra",5,53.80,"Low Engagement"
"STU02661","Naufal Ramadhan",2,100.00,"Focused Learner"
"STU02633","Satria Rahmawati",1,43.00,"Low Engagement"
"STU02117","Eko Iskandar",2,95.00,"Focused Learner"
"STU02663","Andi Mahendra",0,0.00,"Inactive"
"STU00969","Aditya Hapsari",1,87.00,"Focused Learner"
"STU00690","Satria Damayanti",6,17.83,"Low Engagement"
"STU01004","Sinta Susanto",2,37.50,"Low Engagement"
"STU00365","Eka Hidayat",1,100.00,"Focused Learner"
"STU00534","Mega Pertiwi",6,48.33,"Low Engagement"
"STU01461","Krisna Hidayat",1,100.00,"Focused Learner"
"STU02936","Eka Susanto",3,43.00,"Low Engagement"
"STU02822","Dito Setiawan",3,56.33,"Low Engagement"
"STU01101","Hendra Saputra",2,56.50,"Low Engagement"
"STU02153","Gilang Kusuma",10,50.70,"At Risk"
"STU00652","Eka Lestari",3,35.33,"Low Engagement"
"STU01401","Yoga Pertiwi",3,96.33,"Focused Learner"
"STU01865","Andi Kurniawan",6,37.00,"Low Engagement"
"STU00573","Fitri Maulana",2,54.50,"Low Engagement"
"STU02054","Sinta Anggraini",2,74.00,"Low Engagement"
"STU02518","Budi Nugroho",11,69.00,"At Risk"
"STU00079","Bagus Anggraini",1,79.00,"Low Engagement"
"STU01117","Rahmat Pertiwi",9,58.56,"At Risk"
"STU00932","Lestari Anggara",6,68.00,"Low Engagement"
"STU02627","Naufal Damayanti",0,0.00,"Inactive"
"STU02585","Umi Pertiwi",1,8.00,"Low Engagement"
"STU01583","Hendra Permadi",3,33.00,"Low Engagement"
"STU02603","Sari Yusuf",7,18.00,"Low Engagement"
"STU01215","Gilang Rahmawati",3,59.67,"Low Engagement"
"STU00453","Intan Damayanti",6,35.83,"Low Engagement"
"STU02608","Indah Susanto",5,32.60,"Low Engagement"
"STU00340","Ayu Ramadhan",3,45.67,"Low Engagement"
"STU02902","Vina Setiawan",1,100.00,"Focused Learner"
"STU00356","Eko Hidayat",3,73.00,"Low Engagement"
"STU02287","Olivia Kurniawan",2,6.00,"Low Engagement"
"STU02584","Adi Hidayat",6,53.33,"Low Engagement"
"STU00727","Surya Hapsari",8,57.50,"At Risk"
"STU01756","Putra Permadi",3,69.00,"Low Engagement"
"STU00165","Olivia Setiawan",3,97.67,"Focused Learner"
"STU00005","Siti Mahendra",0,0.00,"Inactive"
"STU01227","Bayu Pratama",1,64.00,"Low Engagement"
"STU00151","Umi Santoso",4,92.50,"Focused Learner"
"STU03000","Winda Pratama",1,100.00,"Focused Learner"
"STU02382","Aditya Mahendra",0,0.00,"Inactive"
"STU02146","Hana Mahendra",3,34.67,"Low Engagement"
"STU01327","Dito Pramudita",0,0.00,"Inactive"
"STU02365","Vina Pratama",6,67.17,"Low Engagement"
"STU02835","Yuni Hidayat",6,65.33,"Low Engagement"
"STU00679","Citra Susanto",9,64.44,"At Risk"
"STU02468","Yoga Pertiwi",1,9.00,"Low Engagement"
"STU02112","Tia Hidayat",2,50.50,"Low Engagement"
"STU02802","Luthfi Kusuma",2,29.50,"Low Engagement"
"STU00676","Nita Hapsari",2,63.50,"Low Engagement"
"STU00545","Lestari Saputra",2,27.50,"Low Engagement"
"STU01367","Fajar Rahmawati",7,45.71,"Low Engagement"
"STU02317","Nadia Wijaya",3,83.67,"Focused Learner"
"STU00893","Gita Cahyani",3,60.00,"Low Engagement"
"STU01464","Bayu Kusuma",0,0.00,"Inactive"
"STU02690","Indah Anggraini",0,0.00,"Inactive"
"STU01931","Permata Hapsari",0,0.00,"Inactive"
"STU00357","Olivia Saputra",1,30.00,"Low Engagement"
"STU02928","Mega Kurniawan",6,15.67,"Low Engagement"
"STU01970","Krisna Saputra",4,51.50,"Low Engagement"
"STU02099","Siti Setyowati",0,0.00,"Inactive"
"STU02233","Budi Rahmawati",3,69.00,"Low Engagement"
"STU02557","Citra Nugroho",5,61.80,"Low Engagement"
"STU02420","Panji Wibowo",5,68.80,"Low Engagement"
"STU02124","Budi Wibowo",2,1.50,"Low Engagement"
"STU02162","Dimas Setyowati",7,51.29,"Low Engagement"
"STU00601","Hadi Hapsari",6,52.83,"Low Engagement"
"STU02965","Tia Pertiwi",3,63.33,"Low Engagement"
"STU02088","Yoga Wijaya",11,50.00,"At Risk"
"STU00260","Rizky Nugroho",3,46.67,"Low Engagement"
"STU01989","Fitri Pratama",2,94.00,"Focused Learner"
"STU01016","Dito Kurniawan",0,0.00,"Inactive"
"STU00038","Bayu Pramudita",3,38.00,"Low Engagement"
"STU02197","Dito Damayanti",2,59.50,"Low Engagement"
"STU02745","Nadia Putra",2,100.00,"Focused Learner"
"STU02032","Galih Nugroho",5,55.00,"Low Engagement"
"STU01320","Nadia Hakim",6,72.33,"Low Engagement"
"STU02275","Tia Iskandar",6,55.00,"Low Engagement"
"STU00175","Mega Iskandar",1,1.00,"Low Engagement"
"STU01276","Ratna Pertiwi",1,100.00,"Focused Learner"
"STU00104","Wahyu Wijaya",3,46.33,"Low Engagement"
"STU00035","Budi Setyowati",3,100.00,"Focused Learner"
"STU00807","Krisna Mahendra",9,33.11,"At Risk"
"STU02508","Sinta Rahmawati",1,16.00,"Low Engagement"
"STU00485","Rahmat Cahyani",2,21.50,"Low Engagement"
"STU01378","Nita Hakim",2,72.50,"Low Engagement"
"STU01536","Mega Wulandari",2,96.50,"Focused Learner"
"STU02487","Dewi Mahendra",0,0.00,"Inactive"
"STU01765","Galih Rahmawati",5,56.40,"Low Engagement"
"STU00396","Bayu Anggara",5,69.60,"Low Engagement"
"STU00120","Ratna Wijaya",3,81.00,"Focused Learner"
"STU00111","Indah Kusuma",4,37.50,"Low Engagement"
"STU00239","Sinta Kusuma",5,55.20,"Low Engagement"
"STU01887","Naufal Kusuma",0,0.00,"Inactive"
"STU01022","Diah Mahendra",0,0.00,"Inactive"
"STU01324","Nadia Permadi",11,53.36,"At Risk"
"STU02703","Ayu Damayanti",2,85.50,"Focused Learner"
"STU00032","Bagus Iskandar",0,0.00,"Inactive"
"STU01569","Fajar Lestari",4,66.75,"Low Engagement"
"STU02378","Siti Anggara",3,48.33,"Low Engagement"
"STU02028","Budi Hapsari",7,61.71,"Low Engagement"
"STU00696","Reza Kusuma",0,0.00,"Inactive"
"STU00847","Mawar Mahendra",3,29.33,"Low Engagement"
"STU00839","Olivia Hapsari",1,66.00,"Low Engagement"
"STU02052","Umi Pratama",3,35.33,"Low Engagement"
"STU01817","Sari Rahmawati",5,41.00,"Low Engagement"
"STU02572","Sinta Hakim",2,51.50,"Low Engagement"
"STU02114","Kirana Pratama",1,13.00,"Low Engagement"
"STU01424","Nadia Permadi",6,34.33,"Low Engagement"
"STU00856","Ratna Kusuma",11,56.09,"At Risk"
"STU00194","Reza Maulana",1,7.00,"Low Engagement"
"STU01135","Olivia Lestari",3,30.00,"Low Engagement"
"STU02953","Ratna Hidayat",2,60.00,"Low Engagement"
"STU02446","Satria Putra",3,21.33,"Low Engagement"
"STU02000","Kirana Cahyani",3,88.67,"Focused Learner"
"STU01421","Hadi Santoso",6,35.50,"Low Engagement"
"STU02590","Zahra Hakim",2,88.00,"Focused Learner"
"STU02842","Andi Nugroho",0,0.00,"Inactive"
"STU00810","Gilang Cahyani",0,0.00,"Inactive"
"STU01742","Gita Nugroho",2,35.50,"Low Engagement"
"STU01575","Gita Kusuma",8,48.88,"At Risk"
"STU01349","Dito Hidayat",2,75.50,"Low Engagement"
"STU01514","Dewi Kusuma",6,49.83,"Low Engagement"
"STU00022","Mawar Pramudita",6,51.17,"Low Engagement"
"STU00975","Yoga Cahyani",11,41.64,"At Risk"
"STU01436","Reza Iskandar",0,0.00,"Inactive"
"STU02273","Ferdi Anggraini",3,97.67,"Focused Learner"
"STU02552","Maya Damayanti",2,52.50,"Low Engagement"
"STU01559","Arif Damayanti",2,48.00,"Low Engagement"
"STU02235","Indah Anggara",3,62.00,"Low Engagement"
"STU02510","Siti Susanto",3,85.33,"Focused Learner"
"STU01370","Mawar Permadi",11,50.27,"At Risk"
"STU00040","Umi Nugroho",3,54.33,"Low Engagement"
"STU02193","Eko Setiawan",7,61.71,"Low Engagement"
"STU01504","Zahra Lestari",7,60.00,"Low Engagement"
"STU02864","Bayu Pratama",1,8.00,"Low Engagement"
"STU01011","Indah Pratama",6,80.33,"Focused Learner"
"STU00751","Ratna Pratama",3,32.67,"Low Engagement"
"STU00671","Luthfi Putra",2,53.50,"Low Engagement"
"STU01889","Ayu Santoso",3,68.33,"Low Engagement"
"STU01704","Dimas Hapsari",5,46.60,"Low Engagement"
"STU01582","Mawar Anggraini",1,44.00,"Low Engagement"
"STU01098","Lestari Ramadhan",3,36.00,"Low Engagement"
"STU01794","Galih Ramadhan",0,0.00,"Inactive"
"STU01017","Bagus Wijaya",2,51.00,"Low Engagement"
"STU00890","Vina Pramudita",1,100.00,"Focused Learner"
"STU02760","Olivia Permadi",3,30.67,"Low Engagement"
"STU00375","Arif Wijaya",3,44.67,"Low Engagement"
"STU02211","Sinta Maulana",0,0.00,"Inactive"
"STU02583","Permata Pratama",5,59.20,"Low Engagement"
"STU02559","Indah Cahyani",3,100.00,"Focused Learner"
"STU00481","Krisna Hapsari",10,62.90,"At Risk"
"STU02536","Panji Anggraini",7,70.14,"Low Engagement"
"STU01045","Naufal Saputra",1,100.00,"Focused Learner"
"STU02208","Krisna Setiawan",1,92.00,"Focused Learner"
"STU01297","Wahyu Nugroho",6,35.00,"Low Engagement"
"STU00232","Aditya Pramudita",1,2.00,"Low Engagement"
"STU00803","Dito Setiawan",0,0.00,"Inactive"
"STU02137","Ayu Pratama",2,95.00,"Focused Learner"
"STU00270","Putra Setiawan",4,69.25,"Low Engagement"
"STU00215","Rahmat Hidayat",7,52.14,"Low Engagement"
"STU01141","Krisna Susanto",3,37.33,"Low Engagement"
"STU01001","Reno Iskandar",6,40.50,"Low Engagement"
"STU02059","Ratna Kurniawan",4,52.50,"Low Engagement"
"STU00857","Indah Anggraini",0,0.00,"Inactive"
"STU02358","Eka Cahyani",5,62.80,"Low Engagement"
"STU01902","Adi Kurniawan",2,41.00,"Low Engagement"
"STU02675","Luthfi Iskandar",3,66.67,"Low Engagement"
"STU01653","Aditya Hidayat",4,66.50,"Low Engagement"
"STU01263","Indah Saputra",3,69.67,"Low Engagement"
"STU02893","Rizky Hakim",0,0.00,"Inactive"
"STU02040","Tia Anggraini",2,52.50,"Low Engagement"
"STU00443","Dimas Saputra",3,48.67,"Low Engagement"
"STU00775","Yuni Kusuma",2,31.00,"Low Engagement"
"STU02026","Reza Saputra",3,95.67,"Focused Learner"
"STU00064","Dito Hakim",1,100.00,"Focused Learner"
"STU00869","Sari Hapsari",0,0.00,"Inactive"
"STU00184","Ferdi Hidayat",6,43.00,"Low Engagement"
"STU02290","Dewi Rahmawati",6,30.17,"Low Engagement"
"STU00737","Aditya Maulana",0,0.00,"Inactive"
"STU02629","Mega Hidayat",3,23.33,"Low Engagement"
"STU02470","Bayu Anggara",11,45.00,"At Risk"
"STU00237","Bagus Cahyani",4,82.50,"Focused Learner"
"STU02252","Yuni Mahendra",0,0.00,"Inactive"
"STU02172","Bayu Anggara",3,96.00,"Focused Learner"
"STU00985","Putri Wulandari",6,64.17,"Low Engagement"
"STU01587","Ferdi Iskandar",0,0.00,"Inactive"
"STU01888","Reno Rahmawati",1,34.00,"Low Engagement"
"STU02863","Fajar Santoso",0,0.00,"Inactive"
"STU00771","Putra Cahyani",2,33.50,"Low Engagement"
"STU00311","Tia Pramudita",11,46.45,"At Risk"
"STU02488","Arif Susanto",5,80.40,"Focused Learner"
"STU00725","Putri Kusuma",2,35.00,"Low Engagement"
"STU02925","Nadia Rahmawati",5,40.20,"Low Engagement"
"STU00045","Iqbal Damayanti",10,49.10,"At Risk"
"STU02187","Ratna Hapsari",5,78.60,"Low Engagement"
"STU00827","Wahyu Pertiwi",0,0.00,"Inactive"
"STU00098","Intan Rahmawati",0,0.00,"Inactive"
"STU01010","Gita Wulandari",1,36.00,"Low Engagement"
"STU01527","Aditya Setiawan",9,39.78,"At Risk"
"STU01543","Budi Yusuf",6,52.00,"Low Engagement"
"STU02178","Hadi Damayanti",2,7.00,"Low Engagement"
"STU02818","Surya Wijaya",6,45.33,"Low Engagement"
"STU02212","Ratna Hapsari",4,35.25,"Low Engagement"
"STU01165","Dewi Pertiwi",6,31.67,"Low Engagement"
"STU00226","Sari Kusuma",3,67.33,"Low Engagement"
"STU01481","Indah Hidayat",0,0.00,"Inactive"
"STU02637","Fajar Setyowati",3,34.33,"Low Engagement"
"STU01844","Mega Anggraini",2,61.50,"Low Engagement"
"STU02284","Indah Permadi",0,0.00,"Inactive"
"STU00732","Indah Setiawan",3,69.67,"Low Engagement"
"STU00368","Indah Pramudita",5,29.60,"Low Engagement"
"STU02959","Siti Pramudita",2,52.00,"Low Engagement"
"STU01189","Citra Rahmawati",2,24.00,"Low Engagement"
"STU02799","Bagus Maulana",1,28.00,"Low Engagement"
"STU01252","Zahra Rahmawati",6,64.00,"Low Engagement"
"STU01057","Umi Putra",4,91.25,"Focused Learner"
"STU00905","Diah Rahmawati",6,45.17,"Low Engagement"
"STU01570","Arif Damayanti",1,0.00,"Low Engagement"
"STU01881","Wahyu Permadi",5,77.00,"Low Engagement"
"STU02632","Maya Wibowo",7,42.29,"Low Engagement"
"STU01715","Dito Maulana",5,49.60,"Low Engagement"
"STU00544","Mega Wulandari",3,35.00,"Low Engagement"
"STU01446","Rizky Wibowo",11,45.64,"At Risk"
"STU01434","Mega Santoso",0,0.00,"Inactive"
"STU01938","Ratna Lestari",1,2.00,"Low Engagement"
"STU02390","Galih Lestari",0,0.00,"Inactive"
"STU00703","Fitri Hapsari",5,56.80,"Low Engagement"
"STU01805","Yuni Damayanti",1,37.00,"Low Engagement"
"STU02911","Bayu Kusuma",3,22.00,"Low Engagement"
"STU01380","Putra Cahyani",1,100.00,"Focused Learner"
"STU02381","Dito Cahyani",1,3.00,"Low Engagement"
"STU00371","Arif Lestari",2,19.50,"Low Engagement"
"STU02159","Nita Hidayat",1,26.00,"Low Engagement"
"STU01977","Fajar Damayanti",3,73.67,"Low Engagement"
"STU01435","Nita Anggraini",2,53.50,"Low Engagement"
"STU01091","Reno Lestari",0,0.00,"Inactive"
"STU01390","Indah Iskandar",1,30.00,"Low Engagement"
"STU01686","Citra Hakim",3,99.33,"Focused Learner"
"STU01409","Indah Maulana",6,72.17,"Low Engagement"
"STU01414","Bagus Rahmawati",2,32.00,"Low Engagement"
"STU01269","Fajar Mahendra",3,75.67,"Low Engagement"
"STU02436","Dimas Mahendra",3,37.33,"Low Engagement"
"STU02207","Yoga Pertiwi",3,59.67,"Low Engagement"
"STU02017","Dimas Hakim",5,50.60,"Low Engagement"
"STU01832","Vina Kusuma",6,24.50,"Low Engagement"
"STU01637","Iqbal Pramudita",6,35.33,"Low Engagement"
"STU00916","Sinta Lestari",3,43.33,"Low Engagement"
"STU01825","Hadi Nugroho",0,0.00,"Inactive"
"STU01781","Bayu Anggara",0,0.00,"Inactive"
"STU00012","Intan Hapsari",3,6.67,"Low Engagement"
"STU02779","Dito Pertiwi",6,79.67,"Low Engagement"
"STU02267","Permata Cahyani",11,60.18,"At Risk"
"STU01053","Kirana Kurniawan",10,39.40,"At Risk"
"STU01892","Sinta Yusuf",0,0.00,"Inactive"
"STU02079","Adi Saputra",4,67.00,"Low Engagement"
"STU00855","Eko Iskandar",3,58.67,"Low Engagement"
"STU00289","Ayu Nugroho",2,27.50,"Low Engagement"
"STU02549","Dewi Hidayat",6,66.00,"Low Engagement"
"STU00853","Sinta Setiawan",2,53.50,"Low Engagement"
"STU02640","Indah Iskandar",0,0.00,"Inactive"
"STU01810","Arif Cahyani",3,97.67,"Focused Learner"
"STU02957","Wahyu Cahyani",5,34.80,"Low Engagement"
"STU02190","Iqbal Pertiwi",5,44.40,"Low Engagement"
"STU00477","Luthfi Iskandar",3,90.00,"Focused Learner"
"STU00292","Nadia Cahyani",2,50.50,"Low Engagement"
"STU01331","Fitri Rahmawati",3,65.33,"Low Engagement"
"STU02598","Ayu Putra",1,100.00,"Focused Learner"
"STU02831","Tia Lestari",2,56.00,"Low Engagement"
"STU02971","Andi Putra",6,61.00,"Low Engagement"
"STU01521","Lestari Hakim",6,23.33,"Low Engagement"
"STU00225","Fajar Kurniawan",2,68.00,"Low Engagement"
"STU02379","Siti Nugroho",3,99.67,"Focused Learner"
"STU00324","Indah Setyowati",3,56.33,"Low Engagement"
"STU02113","Iqbal Pramudita",6,55.67,"Low Engagement"
"STU02696","Mawar Nugroho",2,100.00,"Focused Learner"
"STU01321","Aditya Iskandar",1,4.00,"Low Engagement"
"STU00389","Lestari Susanto",0,0.00,"Inactive"
"STU01601","Kirana Susanto",6,34.67,"Low Engagement"
"STU01115","Rizky Yusuf",0,0.00,"Inactive"
"STU00606","Winda Anggara",10,39.20,"At Risk"
"STU01859","Bayu Iskandar",4,83.25,"Focused Learner"
"STU00469","Fitri Rahmawati",11,73.00,"At Risk"
"STU01718","Wahyu Susanto",7,32.57,"Low Engagement"
"STU01451","Eka Hidayat",6,50.67,"Low Engagement"
"STU00299","Andi Susanto",4,47.75,"Low Engagement"
"STU00089","Aditya Setyowati",3,49.33,"Low Engagement"
"STU00117","Hana Wibowo",1,66.00,"Low Engagement"
"STU02679","Ayu Hakim",11,62.18,"At Risk"
"STU02540","Hendra Santoso",1,71.00,"Low Engagement"
"STU00193","Siti Hidayat",10,45.40,"At Risk"
"STU00126","Hendra Cahyani",3,60.67,"Low Engagement"
"STU02096","Eko Permadi",1,49.00,"Low Engagement"
"STU01382","Yuni Pratama",4,64.25,"Low Engagement"
"STU00176","Eko Setyowati",1,100.00,"Focused Learner"
"STU02345","Zahra Setyowati",3,45.00,"Low Engagement"
"STU02285","Vina Wibowo",7,60.57,"Low Engagement"
"STU02467","Putri Hapsari",1,1.00,"Low Engagement"
"STU01744","Naufal Anggara",3,64.67,"Low Engagement"
"STU00505","Umi Rahmawati",6,48.83,"Low Engagement"
"STU02631","Panji Saputra",11,22.18,"At Risk"
"STU00072","Gita Anggara",2,100.00,"Focused Learner"
"STU01133","Satria Lestari",1,7.00,"Low Engagement"
"STU00229","Rizky Damayanti",2,8.50,"Low Engagement"
"STU01789","Yuni Saputra",7,80.43,"Focused Learner"
"STU01076","Siti Saputra",0,0.00,"Inactive"
"STU01171","Zahra Pramudita",0,0.00,"Inactive"
"STU01998","Hadi Hakim",2,15.00,"Low Engagement"
"STU02969","Nadia Wulandari",6,52.67,"Low Engagement"
"STU02340","Maya Yusuf",1,100.00,"Focused Learner"
"STU01107","Bayu Hakim",1,100.00,"Focused Learner"
"STU00540","Indah Hidayat",2,34.50,"Low Engagement"
"STU02907","Rizky Kusuma",4,81.50,"Focused Learner"
"STU02816","Sinta Wijaya",2,53.00,"Low Engagement"
"STU01589","Rizky Anggraini",6,37.50,"Low Engagement"
"STU00450","Nadia Pratama",2,72.00,"Low Engagement"
"STU00307","Bayu Iskandar",5,68.40,"Low Engagement"
"STU00257","Gilang Cahyani",3,32.00,"Low Engagement"
"STU01873","Winda Permadi",3,60.67,"Low Engagement"
"STU01812","Siti Hakim",4,35.00,"Low Engagement"
"STU01274","Vina Maulana",8,72.00,"At Risk"
"STU01841","Mawar Pertiwi",0,0.00,"Inactive"
"STU02217","Krisna Pramudita",0,0.00,"Inactive"
"STU00924","Ratna Kurniawan",0,0.00,"Inactive"
"STU01286","Galih Santoso",3,35.33,"Low Engagement"
"STU02814","Maya Damayanti",3,56.67,"Low Engagement"
"STU00338","Bagus Anggara",4,79.25,"Low Engagement"
"STU01050","Putri Saputra",7,52.71,"Low Engagement"
"STU01660","Putri Saputra",2,50.50,"Low Engagement"
"STU02678","Olivia Mahendra",6,47.83,"Low Engagement"
"STU01716","Gilang Yusuf",2,54.00,"Low Engagement"
"STU01532","Ferdi Kurniawan",3,23.00,"Low Engagement"
"STU02360","Indah Santoso",1,100.00,"Focused Learner"
"STU01393","Winda Hakim",4,98.00,"Focused Learner"
"STU00636","Sinta Permadi",2,51.00,"Low Engagement"
"STU01342","Siti Pramudita",11,35.82,"At Risk"
"STU01177","Satria Permadi",6,20.50,"Low Engagement"
"STU00663","Tia Setyowati",9,67.11,"At Risk"
"STU02142","Surya Setiawan",1,7.00,"Low Engagement"
"STU02061","Aditya Pertiwi",11,56.00,"At Risk"
"STU02421","Mega Putra",6,66.33,"Low Engagement"
"STU00352","Yoga Putra",11,64.00,"At Risk"
"STU00814","Bagus Anggara",0,0.00,"Inactive"
"STU00720","Ferdi Wulandari",3,6.67,"Low Engagement"
"STU02866","Intan Hidayat",1,68.00,"Low Engagement"
"STU00398","Satria Hakim",0,0.00,"Inactive"
"STU02746","Sinta Lestari",3,53.00,"Low Engagement"
"STU00346","Luthfi Wulandari",3,93.00,"Focused Learner"
"STU02507","Winda Kusuma",0,0.00,"Inactive"
"STU00277","Nadia Setiawan",0,0.00,"Inactive"
"STU01542","Citra Ramadhan",2,41.00,"Low Engagement"
"STU00978","Tia Wulandari",3,68.67,"Low Engagement"
"STU02239","Reza Wibowo",3,36.00,"Low Engagement"
"STU01908","Maya Wibowo",2,77.50,"Low Engagement"
"STU00588","Nadia Cahyani",11,46.09,"At Risk"
"STU01021","Gita Ramadhan",3,35.67,"Low Engagement"
"STU02972","Intan Pertiwi",0,0.00,"Inactive"
"STU01584","Ratna Kurniawan",3,36.33,"Low Engagement"
"STU01036","Putra Susanto",2,44.00,"Low Engagement"
"STU00244","Hana Lestari",9,58.56,"At Risk"
"STU01741","Umi Susanto",5,65.00,"Low Engagement"
"STU01195","Andi Wibowo",1,93.00,"Focused Learner"
"STU01563","Iqbal Hakim",0,0.00,"Inactive"
"STU02652","Aditya Hakim",3,51.33,"Low Engagement"
"STU02524","Iqbal Wibowo",0,0.00,"Inactive"
"STU02625","Andi Cahyani",1,3.00,"Low Engagement"
"STU01019","Gita Setyowati",4,63.50,"Low Engagement"
"STU01512","Permata Rahmawati",2,10.50,"Low Engagement"
"STU00069","Panji Putra",0,0.00,"Inactive"
"STU01403","Kirana Wijaya",4,77.00,"Low Engagement"
"STU01951","Vina Hakim",10,54.50,"At Risk"
"STU00047","Gita Maulana",3,59.00,"Low Engagement"
"STU01012","Lestari Pratama",0,0.00,"Inactive"
"STU00772","Hana Kurniawan",3,81.67,"Focused Learner"
"STU01429","Indah Setiawan",9,26.67,"At Risk"
"STU01553","Panji Setiawan",3,100.00,"Focused Learner"
"STU00392","Iqbal Setyowati",5,34.80,"Low Engagement"
"STU02908","Yoga Anggraini",0,0.00,"Inactive"
"STU01708","Zahra Nugroho",0,0.00,"Inactive"
"STU02082","Naufal Anggara",9,47.44,"At Risk"
"STU01726","Rizky Setiawan",3,66.67,"Low Engagement"
"STU02498","Siti Wulandari",11,62.73,"At Risk"
"STU02832","Putra Setiawan",1,100.00,"Focused Learner"
"STU01423","Hana Anggara",6,72.17,"Low Engagement"
"STU00318","Eko Susanto",2,54.50,"Low Engagement"
"STU02416","Fitri Cahyani",0,0.00,"Inactive"
"STU02073","Nita Setiawan",1,100.00,"Focused Learner"
"STU01663","Bagus Pratama",3,52.67,"Low Engagement"
"STU02569","Ayu Susanto",6,85.33,"Focused Learner"
"STU02218","Sari Iskandar",3,69.67,"Low Engagement"
"STU01905","Wahyu Hapsari",3,66.00,"Low Engagement"
"STU00950","Tia Setiawan",6,70.17,"Low Engagement"
"STU00998","Yuni Kurniawan",11,55.18,"At Risk"
"STU02547","Zahra Anggraini",3,100.00,"Focused Learner"
"STU02409","Dewi Santoso",7,56.43,"Low Engagement"
"STU02180","Andi Hakim",6,54.17,"Low Engagement"
"STU00441","Ferdi Putra",1,100.00,"Focused Learner"
"STU01386","Bayu Ramadhan",2,39.00,"Low Engagement"
"STU00306","Reno Anggraini",4,38.50,"Low Engagement"
"STU02196","Gilang Permadi",3,81.00,"Focused Learner"
"STU00993","Hana Pratama",9,75.11,"At Risk"
"STU01214","Ferdi Hidayat",2,3.50,"Low Engagement"
"STU02367","Adi Kurniawan",10,64.80,"At Risk"
"STU02856","Hendra Kurniawan",0,0.00,"Inactive"
"STU00603","Intan Saputra",0,0.00,"Inactive"
"STU01152","Bagus Pertiwi",5,87.40,"Focused Learner"
"STU00374","Wahyu Kurniawan",0,0.00,"Inactive"
"STU01874","Arif Wibowo",0,0.00,"Inactive"
"STU02737","Bagus Ramadhan",3,30.33,"Low Engagement"
"STU01205","Rizky Susanto",5,76.60,"Low Engagement"
"STU01466","Iqbal Cahyani",0,0.00,"Inactive"
"STU02710","Arif Pertiwi",3,6.67,"Low Engagement"
"STU02544","Fajar Wulandari",2,73.50,"Low Engagement"
"STU02158","Krisna Saputra",5,38.40,"Low Engagement"
"STU01291","Luthfi Hidayat",11,58.45,"At Risk"
"STU01975","Krisna Setyowati",10,60.80,"At Risk"
"STU02230","Siti Pratama",0,0.00,"Inactive"
"STU00883","Adi Santoso",4,47.75,"Low Engagement"
"STU02773","Adi Lestari",0,0.00,"Inactive"
"STU01925","Hana Kurniawan",6,40.33,"Low Engagement"
"STU02641","Mawar Rahmawati",1,91.00,"Focused Learner"
"STU00440","Mawar Kusuma",1,63.00,"Low Engagement"
"STU01334","Surya Hapsari",4,91.25,"Focused Learner"
"STU01960","Wahyu Yusuf",3,44.33,"Low Engagement"
"STU00140","Budi Rahmawati",7,67.00,"Low Engagement"
"STU02151","Sinta Saputra",7,52.71,"Low Engagement"
"STU00539","Intan Kurniawan",11,45.09,"At Risk"
"STU02454","Mawar Setyowati",5,83.80,"Focused Learner"
"STU00135","Nita Mahendra",11,73.00,"At Risk"
"STU01696","Hendra Wulandari",3,72.33,"Low Engagement"
"STU00649","Galih Ramadhan",3,73.67,"Low Engagement"
"STU01185","Wahyu Kurniawan",3,31.33,"Low Engagement"
"STU01052","Surya Setiawan",2,36.50,"Low Engagement"
"STU00734","Arif Wibowo",7,61.86,"Low Engagement"
"STU02858","Gilang Wibowo",1,27.00,"Low Engagement"
"STU00913","Eko Nugroho",3,44.67,"Low Engagement"
"STU00228","Eko Wijaya",3,6.33,"Low Engagement"
"STU00674","Zahra Setiawan",6,41.83,"Low Engagement"
"STU02445","Rahmat Putra",0,0.00,"Inactive"
"STU02765","Permata Wijaya",5,18.40,"Low Engagement"
"STU02366","Luthfi Cahyani",3,100.00,"Focused Learner"
"STU00439","Andi Kurniawan",0,0.00,"Inactive"
"STU02778","Naufal Damayanti",2,51.50,"Low Engagement"
"STU00999","Nita Rahmawati",2,12.50,"Low Engagement"
"STU00359","Hana Yusuf",6,65.50,"Low Engagement"
"STU00624","Vina Lestari",6,82.50,"Focused Learner"
"STU02697","Winda Hidayat",0,0.00,"Inactive"
"STU02607","Eko Saputra",11,34.73,"At Risk"
"STU00598","Mawar Hidayat",8,16.13,"At Risk"
"STU01112","Eko Nugroho",4,39.00,"Low Engagement"
"STU02480","Fajar Iskandar",4,65.00,"Low Engagement"
"STU00748","Zahra Wibowo",5,72.60,"Low Engagement"
"STU02101","Rizky Saputra",1,100.00,"Focused Learner"
"STU01986","Maya Iskandar",5,86.60,"Focused Learner"
"STU00181","Diah Hakim",3,28.33,"Low Engagement"
"STU01140","Mawar Susanto",1,100.00,"Focused Learner"
"STU00317","Gilang Hidayat",9,50.67,"At Risk"
"STU02016","Yoga Pratama",6,75.33,"Low Engagement"
"STU00113","Wahyu Cahyani",0,0.00,"Inactive"
"STU01948","Putri Damayanti",0,0.00,"Inactive"
"STU00867","Zahra Lestari",0,0.00,"Inactive"
"STU01292","Wahyu Wijaya",1,16.00,"Low Engagement"
"STU00336","Olivia Wibowo",10,31.50,"At Risk"
"STU02706","Citra Saputra",1,5.00,"Low Engagement"
"STU02643","Maya Santoso",0,0.00,"Inactive"
"STU00639","Hadi Setiawan",9,44.89,"At Risk"
"STU01974","Bagus Setyowati",6,47.33,"Low Engagement"
"STU00911","Fajar Putra",0,0.00,"Inactive"
"STU01728","Indah Pertiwi",10,36.30,"At Risk"
"STU01330","Rahmat Lestari",6,62.83,"Low Engagement"
"STU01788","Mega Wibowo",0,0.00,"Inactive"
"STU02570","Aditya Kurniawan",11,46.18,"At Risk"
"STU02106","Winda Ramadhan",3,98.67,"Focused Learner"
"STU01723","Eka Iskandar",2,63.00,"Low Engagement"
"STU00115","Sari Nugroho",2,5.00,"Low Engagement"
"STU02516","Dimas Hakim",6,44.33,"Low Engagement"
"STU01328","Reno Ramadhan",10,67.10,"At Risk"
"STU00325","Arif Ramadhan",5,56.60,"Low Engagement"
"STU00077","Fitri Pertiwi",1,36.00,"Low Engagement"
"STU02899","Reno Pratama",4,54.00,"Low Engagement"
"STU00409","Nadia Pratama",1,100.00,"Focused Learner"
"STU00917","Bayu Mahendra",1,30.00,"Low Engagement"
"STU00593","Yoga Anggraini",1,98.00,"Focused Learner"
"STU00208","Vina Nugroho",6,61.00,"Low Engagement"
"STU02759","Mawar Permadi",0,0.00,"Inactive"
"STU01669","Citra Kurniawan",9,46.78,"At Risk"
"STU01524","Siti Yusuf",1,100.00,"Focused Learner"
"STU00499","Umi Pertiwi",0,0.00,"Inactive"
"STU02665","Bagus Pratama",1,100.00,"Focused Learner"
"STU02415","Luthfi Maulana",11,58.27,"At Risk"
"STU00903","Surya Hakim",3,53.33,"Low Engagement"
"STU00342","Vina Pramudita",2,75.50,"Low Engagement"
"STU01980","Dewi Pramudita",3,77.00,"Low Engagement"
"STU02327","Putra Kusuma",3,66.67,"Low Engagement"
"STU02111","Bayu Pramudita",1,3.00,"Low Engagement"
"STU02882","Yoga Wibowo",2,76.00,"Low Engagement"
"STU01033","Hendra Anggara",0,0.00,"Inactive"
"STU00092","Arif Hidayat",6,21.33,"Low Engagement"
"STU02004","Wahyu Kusuma",4,76.00,"Low Engagement"
"STU01836","Sinta Pertiwi",4,63.25,"Low Engagement"
"STU01628","Maya Setyowati",11,62.91,"At Risk"
"STU01083","Zahra Hakim",3,50.33,"Low Engagement"
"STU00303","Dito Anggara",0,0.00,"Inactive"
"STU02848","Dito Rahmawati",5,81.60,"Focused Learner"
"STU01796","Nita Permadi",3,50.33,"Low Engagement"
"STU02967","Krisna Saputra",6,47.83,"Low Engagement"
"STU02504","Naufal Santoso",5,62.80,"Low Engagement"
"STU00028","Bagus Santoso",1,27.00,"Low Engagement"
"STU00171","Tia Anggraini",3,74.67,"Low Engagement"
"STU01946","Winda Pramudita",2,56.00,"Low Engagement"
"STU01949","Rahmat Wulandari",0,0.00,"Inactive"
"STU01204","Putra Hapsari",0,0.00,"Inactive"
"STU02991","Naufal Wibowo",0,0.00,"Inactive"
"STU02216","Siti Pertiwi",1,46.00,"Low Engagement"
"STU02013","Krisna Kurniawan",2,4.50,"Low Engagement"
"STU00863","Ayu Damayanti",2,54.00,"Low Engagement"
"STU02461","Arif Pratama",5,57.40,"Low Engagement"
"STU02567","Sari Hakim",1,53.00,"Low Engagement"
"STU01358","Yuni Setyowati",6,62.83,"Low Engagement"
"STU00222","Dimas Hidayat",10,47.80,"At Risk"
"STU00620","Indah Rahmawati",2,6.50,"Low Engagement"
"STU00227","Arif Damayanti",6,82.50,"Focused Learner"
"STU02138","Ayu Ramadhan",1,22.00,"Low Engagement"
"STU00851","Nadia Pertiwi",6,33.50,"Low Engagement"
"STU02037","Sinta Hakim",0,0.00,"Inactive"
"STU01568","Tia Hakim",3,84.00,"Focused Learner"
"STU00973","Diah Setyowati",3,82.67,"Focused Learner"
"STU02119","Putri Mahendra",6,43.17,"Low Engagement"
"STU01158","Mawar Santoso",4,65.50,"Low Engagement"
"STU01837","Vina Kurniawan",1,100.00,"Focused Learner"
"STU01120","Rahmat Wijaya",3,100.00,"Focused Learner"
"STU00383","Winda Anggraini",2,64.50,"Low Engagement"
"STU00059","Umi Lestari",3,46.33,"Low Engagement"
"STU01747","Aditya Anggara",1,100.00,"Focused Learner"
"STU00355","Lestari Pramudita",3,28.00,"Low Engagement"
"STU02913","Kirana Pramudita",6,69.67,"Low Engagement"
"STU02960","Umi Mahendra",3,44.67,"Low Engagement"
"STU01800","Maya Iskandar",3,75.33,"Low Engagement"
"STU01051","Satria Wulandari",0,0.00,"Inactive"
"STU00623","Krisna Setiawan",4,57.00,"Low Engagement"
"STU02740","Nadia Pramudita",2,24.50,"Low Engagement"
"STU00134","Eko Yusuf",0,0.00,"Inactive"
"STU01296","Luthfi Pratama",5,77.40,"Low Engagement"
"STU00385","Yuni Hapsari",5,59.60,"Low Engagement"
"STU02435","Surya Pramudita",2,37.50,"Low Engagement"
"STU01622","Hadi Setiawan",4,58.50,"Low Engagement"
"STU00180","Wahyu Kurniawan",4,69.50,"Low Engagement"
"STU02742","Reno Pertiwi",0,0.00,"Inactive"
"STU02614","Nadia Permadi",3,100.00,"Focused Learner"
"STU01210","Maya Yusuf",2,51.50,"Low Engagement"
"STU01525","Naufal Hidayat",2,100.00,"Focused Learner"
"STU00945","Nita Anggraini",4,57.75,"Low Engagement"
"STU02777","Tia Anggara",6,66.33,"Low Engagement"
"STU02363","Maya Wijaya",10,40.70,"At Risk"
"STU00728","Nita Kurniawan",1,100.00,"Focused Learner"
"STU00372","Ratna Pratama",3,79.00,"Low Engagement"
"STU02131","Wahyu Pertiwi",3,94.67,"Focused Learner"
"STU00284","Andi Cahyani",9,62.00,"At Risk"
"STU02483","Bagus Setyowati",3,50.67,"Low Engagement"
"STU00881","Reno Anggraini",11,44.36,"At Risk"
"STU02492","Lestari Wijaya",0,0.00,"Inactive"
"STU01890","Rizky Putra",3,9.33,"Low Engagement"
"STU01721","Eka Pratama",1,6.00,"Low Engagement"
"STU01770","Permata Permadi",2,51.00,"Low Engagement"
"STU01288","Yoga Lestari",2,65.00,"Low Engagement"
"STU02442","Putri Pertiwi",3,67.67,"Low Engagement"
"STU00794","Nita Kurniawan",3,99.33,"Focused Learner"
"STU01830","Tia Setyowati",6,84.17,"Focused Learner"
"STU00615","Ayu Damayanti",0,0.00,"Inactive"
"STU01492","Hendra Yusuf",1,15.00,"Low Engagement"
"STU02966","Winda Hakim",0,0.00,"Inactive"
"STU00198","Eko Iskandar",2,52.50,"Low Engagement"
"STU01674","Budi Nugroho",7,44.14,"Low Engagement"
"STU00764","Krisna Nugroho",0,0.00,"Inactive"
"STU01768","Panji Hakim",0,0.00,"Inactive"
"STU02958","Mawar Pramudita",1,100.00,"Focused Learner"
"STU01819","Andi Hakim",5,48.20,"Low Engagement"
"STU01808","Zahra Saputra",3,72.33,"Low Engagement"
"STU01957","Olivia Hapsari",4,59.00,"Low Engagement"
"STU01838","Wahyu Damayanti",11,37.73,"At Risk"
"STU00238","Ferdi Anggara",11,57.27,"At Risk"
"STU00472","Ratna Ramadhan",3,34.67,"Low Engagement"
"STU02127","Ratna Hapsari",11,50.27,"At Risk"
"STU00835","Ferdi Susanto",6,49.50,"Low Engagement"
"STU02850","Eko Pramudita",1,52.00,"Low Engagement"
"STU02202","Hendra Putra",3,29.67,"Low Engagement"
"STU00936","Galih Cahyani",5,71.80,"Low Engagement"
"STU00622","Dimas Wulandari",6,59.17,"Low Engagement"
"STU01717","Zahra Setyowati",3,36.33,"Low Engagement"
"STU00828","Tia Setyowati",3,38.00,"Low Engagement"
"STU02576","Hendra Hakim",6,80.33,"Focused Learner"
"STU01111","Indah Anggraini",1,77.00,"Low Engagement"
"STU01784","Budi Maulana",3,33.67,"Low Engagement"
"STU01671","Luthfi Santoso",10,70.20,"At Risk"
"STU02486","Permata Wibowo",3,74.67,"Low Engagement"
"STU01162","Sinta Anggraini",1,100.00,"Focused Learner"
"STU01813","Hendra Anggraini",5,31.40,"Low Engagement"
"STU02795","Intan Mahendra",1,100.00,"Focused Learner"
"STU00931","Putra Susanto",1,100.00,"Focused Learner"
"STU01620","Bagus Permadi",9,80.56,"Highly Engaged"
"STU01544","Intan Iskandar",6,41.33,"Low Engagement"
"STU01073","Arif Yusuf",3,45.67,"Low Engagement"
"STU02392","Surya Setiawan",1,100.00,"Focused Learner"
"STU00692","Fitri Putra",8,55.00,"At Risk"
"STU02411","Gilang Setyowati",2,59.50,"Low Engagement"
"STU00370","Reza Hapsari",0,0.00,"Inactive"
"STU02154","Lestari Setiawan",5,21.20,"Low Engagement"
"STU00777","Bayu Anggraini",0,0.00,"Inactive"
"STU01452","Nadia Cahyani",9,49.67,"At Risk"
"STU01858","Diah Hakim",0,0.00,"Inactive"
"STU02656","Hadi Permadi",2,4.00,"Low Engagement"
"STU02278","Luthfi Damayanti",3,61.67,"Low Engagement"
"STU01909","Eko Wibowo",5,60.80,"Low Engagement"
"STU01498","Gilang Anggraini",3,20.67,"Low Engagement"
"STU01132","Panji Wijaya",2,51.00,"Low Engagement"
"STU02946","Iqbal Kurniawan",1,1.00,"Low Engagement"
"STU00980","Sari Anggraini",8,54.38,"At Risk"
"STU00561","Fitri Permadi",1,32.00,"Low Engagement"
"STU00130","Arif Wijaya",1,9.00,"Low Engagement"
"STU00660","Zahra Anggraini",0,0.00,"Inactive"
"STU02894","Budi Saputra",3,51.00,"Low Engagement"
"STU02165","Panji Saputra",6,61.67,"Low Engagement"
"STU01713","Yoga Nugroho",3,81.00,"Focused Learner"
"STU02025","Adi Anggara",3,61.00,"Low Engagement"
"STU02069","Budi Wibowo",3,5.33,"Low Engagement"
"STU00614","Rahmat Setyowati",2,2.50,"Low Engagement"
"STU00706","Krisna Kurniawan",4,71.00,"Low Engagement"
"STU01449","Dimas Damayanti",3,67.00,"Low Engagement"
"STU01345","Zahra Wijaya",0,0.00,"Inactive"
"STU01055","Galih Wijaya",0,0.00,"Inactive"
"STU00637","Hana Lestari",4,39.75,"Low Engagement"
"STU00977","Bayu Wibowo",0,0.00,"Inactive"
"STU00504","Citra Iskandar",5,42.20,"Low Engagement"
"STU00387","Surya Anggara",2,100.00,"Focused Learner"
"STU00293","Naufal Cahyani",0,0.00,"Inactive"
"STU01134","Nita Cahyani",1,7.00,"Low Engagement"
"STU01075","Nadia Kurniawan",4,71.25,"Low Engagement"
"STU00815","Maya Maulana",1,99.00,"Focused Learner"
"STU01259","Krisna Pratama",0,0.00,"Inactive"
"STU00672","Ferdi Hapsari",6,81.50,"Focused Learner"
"STU02262","Citra Putra",1,18.00,"Low Engagement"
"STU01413","Putri Putra",4,45.75,"Low Engagement"
"STU01201","Zahra Hakim",6,76.67,"Low Engagement"
"STU02920","Wahyu Cahyani",2,95.50,"Focused Learner"
"STU02615","Hendra Permadi",1,92.00,"Focused Learner"
"STU00543","Budi Kusuma",1,66.00,"Low Engagement"
"STU00124","Reno Mahendra",3,58.67,"Low Engagement"
"STU00808","Umi Setiawan",3,50.33,"Low Engagement"
"STU00408","Reza Susanto",3,56.00,"Low Engagement"
"STU01576","Indah Kurniawan",3,67.00,"Low Engagement"
"STU02664","Arif Ramadhan",3,67.00,"Low Engagement"
"STU00804","Winda Putra",3,4.33,"Low Engagement"
"STU02914","Yuni Setiawan",6,37.33,"Low Engagement"
"STU02020","Satria Wulandari",6,55.67,"Low Engagement"
"STU02725","Putra Anggraini",3,38.00,"Low Engagement"
"STU00887","Dito Anggraini",6,47.17,"Low Engagement"
"STU02579","Indah Susanto",7,32.86,"Low Engagement"
"STU00555","Permata Kusuma",6,41.33,"Low Engagement"
"STU01262","Galih Susanto",6,32.83,"Low Engagement"
"STU02462","Ratna Maulana",0,0.00,"Inactive"
"STU01203","Rizky Hidayat",0,0.00,"Inactive"
"STU01121","Galih Anggara",1,51.00,"Low Engagement"
"STU01039","Rizky Santoso",1,100.00,"Focused Learner"
"STU01764","Gilang Ramadhan",0,0.00,"Inactive"
"STU00094","Dewi Saputra",2,48.50,"Low Engagement"
"STU00001","Arif Setyowati",6,81.50,"Focused Learner"
"STU00085","Iqbal Ramadhan",3,21.00,"Low Engagement"
"STU00319","Hendra Anggara",3,31.00,"Low Engagement"
"STU01475","Iqbal Permadi",4,78.00,"Low Engagement"
"STU00451","Bagus Rahmawati",7,37.00,"Low Engagement"
"STU00530","Panji Wijaya",4,59.75,"Low Engagement"
"STU00896","Reno Rahmawati",3,35.67,"Low Engagement"
"STU00533","Mawar Yusuf",3,16.00,"Low Engagement"
"STU02900","Winda Santoso",10,74.10,"At Risk"
"STU00514","Ayu Maulana",1,100.00,"Focused Learner"
"STU02687","Luthfi Lestari",1,6.00,"Low Engagement"
"STU02823","Maya Pramudita",0,0.00,"Inactive"
"STU02352","Ayu Hidayat",6,40.83,"Low Engagement"
"STU00480","Fitri Kusuma",3,80.67,"Focused Learner"
"STU01901","Sari Wibowo",6,52.83,"Low Engagement"
"STU01486","Ferdi Damayanti",3,54.00,"Low Engagement"
"STU01040","Maya Yusuf",1,67.00,"Low Engagement"
"STU00463","Satria Setiawan",4,75.25,"Low Engagement"
"STU01772","Lestari Iskandar",5,45.80,"Low Engagement"
"STU00205","Eko Pratama",6,52.00,"Low Engagement"
"STU02426","Naufal Pramudita",4,65.25,"Low Engagement"
"STU01596","Budi Putra",5,53.20,"Low Engagement"
"STU02595","Yuni Nugroho",4,65.50,"Low Engagement"
"STU02377","Luthfi Mahendra",2,100.00,"Focused Learner"
"STU00428","Gilang Putra",3,39.00,"Low Engagement"
"STU00373","Wahyu Saputra",2,100.00,"Focused Learner"
"STU01146","Yuni Saputra",3,100.00,"Focused Learner"
"STU02156","Sari Damayanti",2,51.50,"Low Engagement"
"STU02721","Mega Anggara",0,0.00,"Inactive"
"STU00831","Diah Susanto",1,7.00,"Low Engagement"
"STU01803","Dimas Pratama",4,52.75,"Low Engagement"
"STU02648","Tia Setyowati",1,100.00,"Focused Learner"
"STU01668","Reza Rahmawati",1,100.00,"Focused Learner"
"STU00323","Yoga Damayanti",0,0.00,"Inactive"
"STU02594","Panji Pertiwi",2,28.00,"Low Engagement"
"STU01078","Nita Hidayat",2,27.50,"Low Engagement"
"STU00088","Galih Wulandari",3,60.67,"Low Engagement"
"STU01131","Kirana Iskandar",0,0.00,"Inactive"
"STU00524","Kirana Maulana",0,0.00,"Inactive"
"STU00629","Wahyu Iskandar",2,66.00,"Low Engagement"
"STU02214","Panji Pertiwi",5,31.60,"Low Engagement"
"STU01430","Dimas Cahyani",2,53.00,"Low Engagement"
"STU00596","Diah Yusuf",6,41.17,"Low Engagement"
"STU01886","Reno Damayanti",3,70.33,"Low Engagement"
"STU02651","Yoga Hidayat",1,47.00,"Low Engagement"
"STU00023","Nita Susanto",5,51.40,"Low Engagement"
"STU01695","Mawar Yusuf",0,0.00,"Inactive"
"STU00381","Mega Anggraini",4,51.00,"Low Engagement"
"STU00399","Intan Susanto",0,0.00,"Inactive"
"STU01412","Bagus Pramudita",0,0.00,"Inactive"
"STU02295","Diah Santoso",3,24.67,"Low Engagement"
"STU01144","Fitri Damayanti",2,29.00,"Low Engagement"
"STU00554","Intan Lestari",3,21.67,"Low Engagement"
"STU00651","Putri Susanto",8,58.25,"At Risk"
"STU02705","Iqbal Rahmawati",9,63.78,"At Risk"
"STU02635","Budi Permadi",1,1.00,"Low Engagement"
"STU00948","Nita Mahendra",1,59.00,"Low Engagement"
"STU02983","Putri Wibowo",2,100.00,"Focused Learner"
"STU01727","Zahra Setyowati",4,60.25,"Low Engagement"
"STU02720","Hadi Rahmawati",4,30.50,"Low Engagement"
"STU00154","Panji Permadi",8,65.88,"At Risk"
"STU02895","Panji Setyowati",3,78.00,"Low Engagement"
"STU00150","Eka Wulandari",4,80.25,"Focused Learner"
"STU02465","Mega Wulandari",5,57.60,"Low Engagement"
"STU01319","Winda Pertiwi",8,57.00,"At Risk"
"STU01256","Winda Setyowati",4,34.75,"Low Engagement"
"STU01202","Zahra Pramudita",1,66.00,"Low Engagement"
"STU00571","Naufal Cahyani",3,78.00,"Low Engagement"
"STU00937","Satria Anggara",2,20.50,"Low Engagement"
"STU00585","Satria Hidayat",1,4.00,"Low Engagement"
"STU02045","Luthfi Susanto",1,5.00,"Low Engagement"
"STU01270","Galih Wibowo",2,50.00,"Low Engagement"
"STU00483","Dimas Anggara",1,100.00,"Focused Learner"
"STU01966","Iqbal Pratama",7,58.71,"Low Engagement"
"STU00078","Fitri Anggara",3,67.67,"Low Engagement"
"STU02890","Krisna Ramadhan",9,57.78,"At Risk"
"STU01234","Gilang Putra",5,88.00,"Focused Learner"
"STU00287","Krisna Setiawan",3,73.33,"Low Engagement"
"STU00589","Ayu Mahendra",0,0.00,"Inactive"
"STU01678","Dewi Santoso",0,0.00,"Inactive"
"STU01585","Surya Anggara",5,61.80,"Low Engagement"
"STU01148","Andi Setiawan",6,82.17,"Focused Learner"
"STU01400","Winda Susanto",3,56.33,"Low Engagement"
"STU00426","Siti Mahendra",1,40.00,"Low Engagement"
"STU01008","Sari Rahmawati",6,49.00,"Low Engagement"
"STU01246","Arif Saputra",0,0.00,"Inactive"
"STU02001","Iqbal Kurniawan",1,63.00,"Low Engagement"
"STU01095","Eko Yusuf",1,100.00,"Focused Learner"
"STU02916","Lestari Hidayat",0,0.00,"Inactive"
"STU00073","Ratna Setyowati",8,51.88,"At Risk"
"STU01675","Gita Santoso",11,58.00,"At Risk"
"STU01642","Dewi Anggara",0,0.00,"Inactive"
"STU02941","Fitri Lestari",2,28.50,"Low Engagement"
"STU00301","Fitri Pramudita",8,32.38,"At Risk"
"STU01359","Intan Wulandari",3,68.33,"Low Engagement"
"STU00944","Andi Anggraini",1,100.00,"Focused Learner"
"STU00520","Kirana Cahyani",6,67.83,"Low Engagement"
"STU00178","Reza Damayanti",3,63.67,"Low Engagement"
"STU02372","Maya Maulana",1,100.00,"Focused Learner"
"STU00515","Putri Rahmawati",2,22.50,"Low Engagement"
"STU00153","Nadia Damayanti",5,41.80,"Low Engagement"
"STU00966","Galih Iskandar",11,40.64,"At Risk"
"STU02834","Vina Kusuma",2,72.00,"Low Engagement"
"STU01176","Mawar Putra",4,85.00,"Focused Learner"
"STU01605","Putra Maulana",3,55.33,"Low Engagement"
"STU00044","Lestari Iskandar",3,95.00,"Focused Learner"
"STU00344","Vina Setyowati",3,65.67,"Low Engagement"
"STU00206","Maya Cahyani",3,69.00,"Low Engagement"
"STU00678","Olivia Yusuf",3,41.00,"Low Engagement"
"STU01034","Ferdi Yusuf",1,4.00,"Low Engagement"
"STU00951","Putri Lestari",5,62.60,"Low Engagement"
"STU02860","Hendra Mahendra",5,31.40,"Low Engagement"
"STU02283","Iqbal Pramudita",4,76.50,"Low Engagement"
"STU01863","Putri Susanto",0,0.00,"Inactive"
"STU02265","Panji Lestari",0,0.00,"Inactive"
"STU02157","Andi Anggraini",3,54.67,"Low Engagement"
"STU00434","Bayu Maulana",8,73.38,"At Risk"
"STU01958","Dimas Wijaya",0,0.00,"Inactive"
"STU00884","Reno Rahmawati",1,100.00,"Focused Learner"
"STU00025","Arif Rahmawati",11,37.82,"At Risk"
"STU00095","Ferdi Hakim",0,0.00,"Inactive"
"STU01013","Rizky Permadi",6,58.83,"Low Engagement"
"STU01739","Yuni Pramudita",3,55.33,"Low Engagement"
"STU01411","Luthfi Wibowo",1,54.00,"Low Engagement"
"STU02514","Wahyu Permadi",0,0.00,"Inactive"
"STU01511","Kirana Pramudita",11,40.82,"At Risk"
"STU00518","Dimas Yusuf",2,50.00,"Low Engagement"
"STU01848","Fajar Hakim",0,0.00,"Inactive"
"STU01344","Permata Nugroho",3,92.67,"Focused Learner"
"STU00256","Aditya Kurniawan",2,60.00,"Low Engagement"
"STU00673","Sinta Anggraini",0,0.00,"Inactive"
"STU02095","Gilang Saputra",9,53.11,"At Risk"
"STU01208","Kirana Santoso",0,0.00,"Inactive"
"STU02553","Galih Permadi",1,15.00,"Low Engagement"
"STU01782","Olivia Hakim",4,69.00,"Low Engagement"
"STU02937","Bagus Setiawan",5,60.60,"Low Engagement"
"STU01487","Fitri Mahendra",3,68.67,"Low Engagement"
"STU00805","Yuni Kusuma",0,0.00,"Inactive"
"STU00912","Kirana Damayanti",3,55.00,"Low Engagement"
"STU00785","Hana Kusuma",2,3.00,"Low Engagement"
"STU00273","Diah Pramudita",3,68.33,"Low Engagement"
"STU02215","Luthfi Iskandar",3,81.00,"Focused Learner"
"STU01617","Hana Setyowati",10,46.20,"At Risk"
"STU02058","Putri Wulandari",3,75.67,"Low Engagement"
"STU00010","Budi Kusuma",3,79.33,"Low Engagement"
"STU01209","Diah Nugroho",6,75.50,"Low Engagement"
"STU00432","Nadia Mahendra",1,69.00,"Low Engagement"
"STU00054","Vina Iskandar",3,37.00,"Low Engagement"
"STU00781","Siti Hapsari",1,100.00,"Focused Learner"
"STU02769","Rizky Wulandari",1,100.00,"Focused Learner"
"STU02999","Ferdi Santoso",1,5.00,"Low Engagement"
"STU01159","Zahra Anggraini",4,37.75,"Low Engagement"
"STU00709","Ratna Anggara",5,52.00,"Low Engagement"
"STU02386","Sinta Anggara",2,10.50,"Low Engagement"
"STU00743","Aditya Mahendra",2,50.50,"Low Engagement"
"STU00990","Bagus Lestari",1,100.00,"Focused Learner"
"STU02646","Bagus Pratama",4,32.25,"Low Engagement"
"STU00865","Zahra Wibowo",11,55.55,"At Risk"
"STU01567","Dimas Nugroho",6,49.17,"Low Engagement"
"STU02692","Vina Ramadhan",6,74.83,"Low Engagement"
"STU02246","Hadi Damayanti",4,74.00,"Low Engagement"
"STU01710","Fitri Permadi",0,0.00,"Inactive"
"STU00962","Permata Wijaya",0,0.00,"Inactive"
"STU02922","Eka Maulana",0,0.00,"Inactive"
"STU01394","Vina Kurniawan",5,79.00,"Low Engagement"
"STU00745","Rizky Santoso",3,100.00,"Focused Learner"
"STU02276","Nita Setiawan",2,7.00,"Low Engagement"
"STU01866","Naufal Rahmawati",0,0.00,"Inactive"
"STU00918","Nita Wulandari",2,50.50,"Low Engagement"
"STU02555","Arif Santoso",3,65.33,"Low Engagement"
"STU02067","Lestari Anggraini",3,93.67,"Focused Learner"
"STU01919","Ayu Iskandar",7,19.00,"Low Engagement"
"STU02387","Fitri Cahyani",0,0.00,"Inactive"
"STU00455","Gita Anggraini",8,48.25,"At Risk"
"STU02130","Winda Hidayat",0,0.00,"Inactive"
"STU01442","Indah Santoso",5,43.00,"Low Engagement"
"STU01509","Mawar Saputra",11,83.45,"Highly Engaged"
"STU00179","Umi Susanto",6,48.67,"Low Engagement"
"STU02873","Adi Kurniawan",0,0.00,"Inactive"
"STU01081","Sari Wijaya",6,47.83,"Low Engagement"
"STU02722","Dimas Wulandari",0,0.00,"Inactive"
"STU01822","Bayu Santoso",2,70.50,"Low Engagement"
"STU01272","Nita Ramadhan",5,31.60,"Low Engagement"
"STU00279","Fitri Hakim",3,83.00,"Focused Learner"
"STU02985","Adi Iskandar",0,0.00,"Inactive"
"STU02776","Winda Damayanti",1,100.00,"Focused Learner"
"STU00083","Naufal Pratama",2,53.50,"Low Engagement"
"STU02963","Yoga Wijaya",11,50.64,"At Risk"
"STU00412","Naufal Pratama",0,0.00,"Inactive"
"STU01867","Galih Cahyani",6,49.33,"Low Engagement"
"STU00826","Gita Hapsari",6,62.17,"Low Engagement"
"STU02619","Budi Rahmawati",3,53.33,"Low Engagement"
"STU02874","Fitri Yusuf",0,0.00,"Inactive"
"STU02264","Eka Pratama",0,0.00,"Inactive"
"STU02910","Aditya Anggraini",2,48.00,"Low Engagement"
"STU02977","Gita Hakim",6,65.83,"Low Engagement"
"STU01820","Eka Pertiwi",2,54.50,"Low Engagement"
"STU02125","Aditya Damayanti",3,32.00,"Low Engagement"
"STU01037","Rahmat Anggraini",4,43.00,"Low Engagement"
"STU00003","Bayu Kurniawan",0,0.00,"Inactive"
"STU01526","Ferdi Mahendra",6,83.17,"Focused Learner"
"STU00638","Tia Kurniawan",3,62.67,"Low Engagement"
"STU00103","Tia Pratama",0,0.00,"Inactive"
"STU02876","Ferdi Pertiwi",3,69.33,"Low Engagement"
"STU01853","Tia Maulana",3,43.33,"Low Engagement"
"STU02277","Lestari Yusuf",1,39.00,"Low Engagement"
"STU01943","Olivia Putra",6,49.67,"Low Engagement"
"STU02302","Bayu Santoso",0,0.00,"Inactive"
"STU00424","Yoga Kusuma",3,100.00,"Focused Learner"
"STU01267","Dito Kurniawan",0,0.00,"Inactive"
"STU00824","Bagus Susanto",3,67.33,"Low Engagement"
"STU00741","Rahmat Ramadhan",10,55.70,"At Risk"
"STU02891","Dito Rahmawati",3,100.00,"Focused Learner"
"STU00793","Bagus Damayanti",3,86.33,"Focused Learner"
"STU00641","Luthfi Ramadhan",2,75.50,"Low Engagement"
"STU01299","Gilang Wulandari",3,56.33,"Low Engagement"
"STU02667","Putri Maulana",2,37.50,"Low Engagement"
"STU02542","Fitri Wibowo",11,30.36,"At Risk"
"STU02175","Ratna Mahendra",1,7.00,"Low Engagement"
"STU01465","Putra Santoso",11,58.91,"At Risk"
"STU02336","Dito Setiawan",0,0.00,"Inactive"
"STU01915","Hana Wibowo",1,93.00,"Focused Learner"
"STU00982","Vina Cahyani",5,78.60,"Low Engagement"
"STU01363","Surya Pertiwi",0,0.00,"Inactive"
"STU00177","Putri Maulana",7,46.14,"Low Engagement"
"STU02147","Reno Maulana",3,62.00,"Low Engagement"
"STU00449","Permata Kurniawan",3,72.00,"Low Engagement"
"STU02303","Mega Iskandar",2,60.00,"Low Engagement"
"STU00218","Sinta Mahendra",3,69.33,"Low Engagement"
"STU00446","Vina Yusuf",3,100.00,"Focused Learner"
"STU00938","Budi Hapsari",4,84.75,"Focused Learner"
"STU00928","Bayu Yusuf",11,68.00,"At Risk"
"STU00067","Aditya Damayanti",4,41.50,"Low Engagement"
"STU02836","Hadi Hapsari",3,45.67,"Low Engagement"
"STU01405","Satria Susanto",3,60.67,"Low Engagement"
"STU00118","Eko Wulandari",6,47.00,"Low Engagement"
"STU02118","Lestari Permadi",6,59.67,"Low Engagement"
"STU01833","Bayu Hakim",7,59.57,"Low Engagement"
"STU02887","Eka Susanto",4,15.75,"Low Engagement"
"STU01183","Indah Hidayat",1,53.00,"Low Engagement"
"STU02173","Reza Pramudita",0,0.00,"Inactive"
"STU00384","Gilang Pramudita",1,60.00,"Low Engagement"
"STU01891","Dimas Lestari",2,54.50,"Low Engagement"
"STU01954","Galih Mahendra",3,25.00,"Low Engagement"
"STU01590","Andi Wulandari",2,13.00,"Low Engagement"
"STU01448","Eko Wijaya",5,28.60,"Low Engagement"
"STU01840","Ratna Kurniawan",2,21.00,"Low Engagement"
"STU01361","Panji Setyowati",1,16.00,"Low Engagement"
"STU00498","Dito Wibowo",4,64.25,"Low Engagement"
"STU00308","Krisna Damayanti",4,20.25,"Low Engagement"
"STU01090","Winda Yusuf",0,0.00,"Inactive"
"STU00312","Galih Damayanti",4,58.75,"Low Engagement"
"STU00459","Fajar Hidayat",0,0.00,"Inactive"
"STU00478","Nita Cahyani",3,34.67,"Low Engagement"
"STU01186","Putra Wulandari",0,0.00,"Inactive"
"STU01360","Sinta Setyowati",6,27.83,"Low Engagement"
"STU00255","Winda Rahmawati",6,59.83,"Low Engagement"
"STU01981","Reno Susanto",2,13.50,"Low Engagement"
"STU00386","Ratna Yusuf",3,71.67,"Low Engagement"
"STU01534","Iqbal Kurniawan",0,0.00,"Inactive"
"STU02752","Adi Anggraini",5,38.60,"Low Engagement"
"STU01757","Eko Yusuf",4,73.00,"Low Engagement"
"STU01027","Dito Anggraini",2,21.00,"Low Engagement"
"STU01223","Iqbal Pramudita",6,62.67,"Low Engagement"
"STU00423","Permata Nugroho",6,37.67,"Low Engagement"
"STU01872","Maya Setyowati",1,71.00,"Low Engagement"
"STU02564","Mega Hidayat",0,0.00,"Inactive"
"STU02129","Fitri Kurniawan",5,41.00,"Low Engagement"
"STU01806","Citra Kusuma",3,100.00,"Focused Learner"
"STU01365","Reno Permadi",2,99.00,"Focused Learner"
"STU02056","Hana Kurniawan",3,35.67,"Low Engagement"
"STU02485","Eko Hakim",2,86.00,"Focused Learner"
"STU00797","Putri Hapsari",3,55.67,"Low Engagement"
"STU01961","Eka Kurniawan",3,68.67,"Low Engagement"
"STU02475","Sari Iskandar",5,56.20,"Low Engagement"
"STU02002","Krisna Permadi",0,0.00,"Inactive"
"STU02511","Eko Iskandar",3,68.33,"Low Engagement"
"STU02704","Rizky Wibowo",1,68.00,"Low Engagement"
"STU02715","Satria Iskandar",0,0.00,"Inactive"
"STU02755","Rizky Permadi",11,53.73,"At Risk"
"STU01230","Eko Kusuma",3,18.00,"Low Engagement"
"STU00516","Nita Hapsari",0,0.00,"Inactive"
"STU00583","Ratna Putra",9,54.22,"At Risk"
"STU02324","Nadia Pertiwi",0,0.00,"Inactive"
"STU01607","Winda Saputra",7,65.57,"Low Engagement"
"STU02772","Aditya Anggraini",5,43.60,"Low Engagement"
"STU01139","Ferdi Hakim",2,13.50,"Low Engagement"
"STU00086","Iqbal Anggraini",10,66.90,"At Risk"
"STU01911","Eko Nugroho",0,0.00,"Inactive"
"STU01730","Iqbal Damayanti",6,74.67,"Low Engagement"
"STU00959","Dimas Pratama",1,9.00,"Low Engagement"
"STU02672","Dito Yusuf",3,45.00,"Low Engagement"
"STU01192","Adi Maulana",1,51.00,"Low Engagement"
"STU00152","Aditya Cahyani",2,43.50,"Low Engagement"
"STU00060","Permata Pertiwi",0,0.00,"Inactive"
"STU02104","Dewi Pertiwi",6,39.00,"Low Engagement"
"STU01751","Indah Wulandari",1,0.00,"Low Engagement"
"STU01608","Budi Saputra",1,100.00,"Focused Learner"
"STU00541","Zahra Kurniawan",6,53.17,"Low Engagement"
"STU02689","Krisna Kurniawan",0,0.00,"Inactive"
"STU02266","Dewi Kurniawan",1,27.00,"Low Engagement"
"STU02551","Bayu Nugroho",0,0.00,"Inactive"
"STU00247","Intan Anggraini",3,34.33,"Low Engagement"
"STU02443","Luthfi Damayanti",2,54.00,"Low Engagement"
"STU02306","Eka Saputra",0,0.00,"Inactive"
"STU02364","Dewi Nugroho",11,58.00,"At Risk"
"STU01850","Mawar Pramudita",6,30.83,"Low Engagement"
"STU02023","Nita Susanto",11,55.27,"At Risk"
"STU01579","Bagus Yusuf",1,65.00,"Low Engagement"
"STU02554","Dimas Pertiwi",0,0.00,"Inactive"
"STU02596","Rahmat Wijaya",0,0.00,"Inactive"
"STU01061","Siti Putra",9,72.56,"At Risk"
"STU00618","Arif Setyowati",1,81.00,"Focused Learner"
"STU00185","Bayu Wibowo",6,17.33,"Low Engagement"
"STU02796","Ferdi Yusuf",3,56.67,"Low Engagement"
"STU01684","Hadi Iskandar",11,53.45,"At Risk"
"STU02245","Sinta Anggraini",0,0.00,"Inactive"
"STU00170","Andi Hidayat",2,53.00,"Low Engagement"
"STU02929","Ferdi Kurniawan",8,67.38,"At Risk"
"STU01852","Intan Yusuf",10,54.80,"At Risk"
"STU01253","Wahyu Pramudita",1,32.00,"Low Engagement"
"STU00429","Putra Wulandari",4,95.75,"Focused Learner"
"STU00196","Reno Wijaya",3,80.00,"Focused Learner"
"STU02116","Luthfi Pertiwi",4,52.25,"Low Engagement"
"STU00302","Surya Hapsari",3,88.00,"Focused Learner"
"STU00607","Adi Hakim",1,34.00,"Low Engagement"
"STU02638","Nita Iskandar",0,0.00,"Inactive"
"STU02955","Luthfi Maulana",5,79.60,"Low Engagement"
"STU00349","Aditya Putra",2,76.00,"Low Engagement"
"STU01918","Andi Pratama",0,0.00,"Inactive"
"STU00448","Putra Kusuma",3,30.33,"Low Engagement"
"STU02996","Hendra Cahyani",3,72.33,"Low Engagement"
"STU02395","Reza Damayanti",1,100.00,"Focused Learner"
"STU01353","Gilang Setiawan",0,0.00,"Inactive"
"STU02708","Sari Pratama",4,53.00,"Low Engagement"
"STU02736","Putra Pertiwi",7,62.71,"Low Engagement"
"STU02431","Sinta Iskandar",3,52.00,"Low Engagement"
"STU00654","Permata Cahyani",3,69.33,"Low Engagement"
"STU02517","Ayu Yusuf",11,67.45,"At Risk"
"STU00517","Mega Yusuf",0,0.00,"Inactive"
"STU01535","Kirana Mahendra",3,45.67,"Low Engagement"
"STU01079","Reza Hidayat",1,5.00,"Low Engagement"
"STU02434","Arif Permadi",3,37.00,"Low Engagement"
"STU00031","Galih Pratama",1,100.00,"Focused Learner"
"STU02076","Galih Saputra",3,70.33,"Low Engagement"
"STU01972","Iqbal Anggara",8,45.00,"At Risk"
"STU02160","Krisna Wibowo",0,0.00,"Inactive"
"STU01138","Panji Hapsari",3,69.67,"Low Engagement"
"STU02168","Hendra Wulandari",1,100.00,"Focused Learner"
"STU01406","Winda Pertiwi",2,16.00,"Low Engagement"
"STU00719","Luthfi Wijaya",11,58.73,"At Risk"
"STU00713","Olivia Nugroho",0,0.00,"Inactive"
"STU02432","Intan Mahendra",6,62.50,"Low Engagement"
"STU01164","Fajar Maulana",3,78.00,"Low Engagement"
"STU01996","Surya Susanto",6,66.50,"Low Engagement"
"STU01917","Winda Santoso",5,72.60,"Low Engagement"
"STU02268","Putra Putra",1,100.00,"Focused Learner"
"STU01395","Satria Setyowati",0,0.00,"Inactive"
"STU01247","Ratna Maulana",0,0.00,"Inactive"
"STU01293","Olivia Susanto",2,26.50,"Low Engagement"
"STU00219","Dewi Nugroho",1,6.00,"Low Engagement"
"STU00121","Putra Wijaya",6,43.83,"Low Engagement"
"STU01843","Umi Wulandari",0,0.00,"Inactive"
"STU01516","Ayu Pertiwi",3,27.33,"Low Engagement"
"STU02987","Citra Santoso",2,54.00,"Low Engagement"
"STU01143","Yoga Santoso",6,18.33,"Low Engagement"
"STU01698","Reno Pertiwi",0,0.00,"Inactive"
"STU00105","Intan Susanto",0,0.00,"Inactive"
"STU02968","Nita Susanto",0,0.00,"Inactive"
"STU00757","Gilang Saputra",0,0.00,"Inactive"
"STU00418","Sari Cahyani",0,0.00,"Inactive"
"STU01979","Vina Hakim",3,66.33,"Low Engagement"
"STU00523","Ferdi Santoso",6,45.00,"Low Engagement"
"STU02406","Putra Anggara",2,67.50,"Low Engagement"
"STU00425","Arif Wibowo",5,84.40,"Focused Learner"
"STU02582","Reza Rahmawati",2,10.00,"Low Engagement"
"STU00210","Yoga Wibowo",5,41.00,"Low Engagement"
"STU02452","Sari Ramadhan",1,3.00,"Low Engagement"
"STU00471","Siti Santoso",0,0.00,"Inactive"
"STU01940","Hadi Susanto",6,68.67,"Low Engagement"
"STU01633","Nadia Yusuf",3,35.33,"Low Engagement"
"STU00756","Hadi Damayanti",3,62.00,"Low Engagement"
"STU02566","Zahra Pertiwi",1,100.00,"Focused Learner"
"STU02105","Gilang Maulana",2,61.50,"Low Engagement"
"STU00926","Zahra Anggara",3,51.00,"Low Engagement"
"STU00016","Ayu Yusuf",0,0.00,"Inactive"
"STU01604","Umi Pratama",1,100.00,"Focused Learner"
"STU00080","Winda Putra",3,21.00,"Low Engagement"
"STU02143","Nadia Pramudita",3,37.33,"Low Engagement"
"STU01598","Vina Saputra",2,64.50,"Low Engagement"
"STU01372","Umi Wijaya",0,0.00,"Inactive"
"STU00802","Luthfi Hakim",6,65.67,"Low Engagement"
"STU00107","Reza Iskandar",6,16.50,"Low Engagement"
"STU02774","Bagus Anggara",6,39.67,"Low Engagement"
"STU01456","Siti Hapsari",3,32.00,"Low Engagement"
"STU02329","Hadi Kusuma",9,31.78,"At Risk"
"STU02012","Andi Yusuf",3,68.00,"Low Engagement"
"STU00358","Reza Wibowo",2,8.50,"Low Engagement"
"STU01224","Maya Hakim",0,0.00,"Inactive"
"STU00532","Eko Anggraini",0,0.00,"Inactive"
"STU01997","Rahmat Kusuma",8,55.63,"At Risk"
"STU01343","Indah Wijaya",0,0.00,"Inactive"
"STU02083","Hadi Permadi",2,61.00,"Low Engagement"
"STU02192","Gita Wibowo",8,47.50,"At Risk"
"STU00899","Wahyu Susanto",1,56.00,"Low Engagement"
"STU02238","Hadi Hakim",3,81.00,"Focused Learner"
"STU02419","Dewi Iskandar",2,53.50,"Low Engagement"
"STU00858","Hendra Permadi",3,34.33,"Low Engagement"
"STU02351","Winda Santoso",3,20.33,"Low Engagement"
"STU01900","Adi Damayanti",3,48.67,"Low Engagement"
"STU02140","Hadi Pratama",2,100.00,"Focused Learner"
"STU01995","Hendra Rahmawati",6,57.50,"Low Engagement"
"STU01879","Gilang Hakim",6,38.00,"Low Engagement"
"STU00209","Indah Ramadhan",6,63.67,"Low Engagement"
"STU01647","Tia Maulana",5,52.20,"Low Engagement"
"STU01009","Olivia Pratama",8,76.25,"At Risk"
"STU01851","Yoga Wibowo",2,59.00,"Low Engagement"
"STU01116","Eka Wibowo",10,71.70,"At Risk"
"STU00133","Tia Pratama",1,100.00,"Focused Learner"
"STU01059","Surya Setiawan",2,100.00,"Focused Learner"
"STU00007","Reno Cahyani",1,40.00,"Low Engagement"
"STU02532","Surya Pratama",2,52.50,"Low Engagement"
"STU02030","Putra Setyowati",0,0.00,"Inactive"
"STU01829","Zahra Setyowati",1,9.00,"Low Engagement"
"STU01639","Gilang Mahendra",0,0.00,"Inactive"
"STU01277","Bayu Lestari",3,43.33,"Low Engagement"
"STU01681","Satria Anggara",6,37.67,"Low Engagement"
"STU02398","Olivia Nugroho",1,9.00,"Low Engagement"
"STU02563","Indah Ramadhan",6,70.50,"Low Engagement"
"STU02006","Fajar Anggraini",6,65.83,"Low Engagement"
"STU00461","Tia Mahendra",2,100.00,"Focused Learner"
"STU02881","Dito Rahmawati",5,52.80,"Low Engagement"
"STU02225","Fajar Ramadhan",5,42.60,"Low Engagement"
"STU01049","Olivia Hakim",3,39.00,"Low Engagement"
"STU00245","Kirana Pertiwi",4,66.75,"Low Engagement"
"STU02029","Umi Hidayat",0,0.00,"Inactive"
"STU02344","Eka Pertiwi",6,33.00,"Low Engagement"
"STU02499","Mega Setyowati",7,44.86,"Low Engagement"
"STU00914","Arif Putra",3,38.33,"Low Engagement"
"STU00002","Indah Hakim",1,2.00,"Low Engagement"
"STU00981","Siti Hidayat",4,29.00,"Low Engagement"
"STU00567","Umi Setiawan",5,51.20,"Low Engagement"
"STU02982","Winda Nugroho",2,42.50,"Low Engagement"
"STU01217","Arif Permadi",0,0.00,"Inactive"
"STU00034","Winda Hakim",2,8.50,"Low Engagement"
"STU00879","Indah Pramudita",3,39.33,"Low Engagement"
"STU00163","Putri Maulana",1,73.00,"Low Engagement"
"STU02280","Yuni Rahmawati",1,7.00,"Low Engagement"
"STU00419","Yuni Rahmawati",3,89.33,"Focused Learner"
"STU00599","Sari Setiawan",6,45.50,"Low Engagement"
"STU02046","Lestari Anggara",1,100.00,"Focused Learner"
"STU00212","Galih Pratama",0,0.00,"Inactive"
"STU02164","Dito Permadi",4,49.00,"Low Engagement"
"STU02683","Vina Susanto",1,80.00,"Focused Learner"
"STU00822","Ratna Cahyani",3,65.33,"Low Engagement"
"STU02718","Andi Wibowo",2,98.00,"Focused Learner"
"STU00542","Dimas Putra",2,50.00,"Low Engagement"
"STU02132","Fajar Iskandar",1,11.00,"Low Engagement"
"STU00852","Ferdi Pertiwi",1,63.00,"Low Engagement"
"STU02912","Satria Susanto",6,57.00,"Low Engagement"
"STU02476","Mawar Saputra",5,26.00,"Low Engagement"
"STU00183","Intan Wulandari",5,44.40,"Low Engagement"
"STU02237","Yuni Mahendra",0,0.00,"Inactive"
"STU00811","Intan Hidayat",0,0.00,"Inactive"
"STU01110","Panji Yusuf",5,66.00,"Low Engagement"
"STU01682","Ferdi Pertiwi",2,17.00,"Low Engagement"
"STU02931","Permata Saputra",4,83.50,"Focused Learner"
"STU02437","Lestari Susanto",8,62.38,"At Risk"
"STU00068","Wahyu Mahendra",11,50.27,"At Risk"
"STU01347","Arif Anggara",3,63.00,"Low Engagement"
"STU01025","Naufal Anggraini",6,49.83,"Low Engagement"
"STU00715","Indah Kusuma",3,45.33,"Low Engagement"
"STU02333","Putri Wulandari",4,70.75,"Low Engagement"
"STU01485","Fitri Setyowati",3,75.33,"Low Engagement"
"STU01056","Mawar Maulana",2,56.50,"Low Engagement"
"STU01706","Siti Maulana",4,68.00,"Low Engagement"
"STU01255","Hendra Kurniawan",5,12.00,"Low Engagement"
"STU01157","Nadia Nugroho",3,13.67,"Low Engagement"
"STU00364","Intan Permadi",2,54.50,"Low Engagement"
"STU01720","Fajar Kurniawan",2,84.00,"Focused Learner"
"STU00952","Mawar Pertiwi",2,54.50,"Low Engagement"
"STU01862","Naufal Yusuf",3,67.67,"Low Engagement"
"STU00291","Ratna Santoso",3,71.33,"Low Engagement"
"STU00579","Dimas Hakim",3,64.67,"Low Engagement"
"STU01556","Reza Kurniawan",2,54.00,"Low Engagement"
"STU02036","Satria Nugroho",6,51.50,"Low Engagement"
"STU01397","Naufal Ramadhan",11,63.45,"At Risk"
"STU00174","Ratna Cahyani",0,0.00,"Inactive"
"STU00332","Vina Ramadhan",2,9.50,"Low Engagement"
"STU02612","Ayu Iskandar",1,100.00,"Focused Learner"
"STU01310","Hendra Pramudita",3,24.33,"Low Engagement"
"STU01290","Mawar Susanto",3,67.00,"Low Engagement"
"STU01661","Wahyu Ramadhan",4,2.75,"Low Engagement"
"STU02935","Winda Saputra",0,0.00,"Inactive"
"STU02148","Yuni Lestari",3,81.33,"Focused Learner"
"STU02829","Putri Kurniawan",3,69.67,"Low Engagement"
"STU02229","Fitri Damayanti",8,46.50,"At Risk"
"STU00411","Mawar Pratama",2,68.00,"Low Engagement"
"STU00378","Naufal Permadi",2,6.00,"Low Engagement"
"STU01774","Siti Iskandar",0,0.00,"Inactive"
"STU01225","Winda Lestari",1,76.00,"Low Engagement"
"STU01352","Iqbal Saputra",0,0.00,"Inactive"
"STU02591","Andi Damayanti",8,41.88,"At Risk"
"STU01826","Bayu Susanto",0,0.00,"Inactive"
"STU02255","Budi Pertiwi",6,34.00,"Low Engagement"
"STU01128","Permata Anggraini",0,0.00,"Inactive"
"STU00705","Hendra Hidayat",2,58.50,"Low Engagement"
"STU00604","Naufal Mahendra",0,0.00,"Inactive"
"STU02179","Sinta Kusuma",0,0.00,"Inactive"
"STU02199","Budi Pratama",10,71.40,"At Risk"
"STU02981","Putra Permadi",3,36.67,"Low Engagement"
"STU02797","Diah Rahmawati",2,48.50,"Low Engagement"
"STU00388","Permata Hidayat",3,82.00,"Focused Learner"
"STU02155","Naufal Hapsari",9,42.00,"At Risk"
"STU02623","Wahyu Nugroho",4,30.25,"Low Engagement"
"STU01758","Budi Kusuma",2,82.00,"Focused Learner"
"STU02399","Ratna Pratama",0,0.00,"Inactive"
"STU01374","Bagus Saputra",10,63.60,"At Risk"
"STU02989","Fitri Wijaya",0,0.00,"Inactive"
"STU01967","Luthfi Kurniawan",6,40.33,"Low Engagement"
"STU02455","Reza Anggraini",5,38.80,"Low Engagement"
"STU01530","Ferdi Wibowo",1,59.00,"Low Engagement"
"STU02889","Kirana Santoso",5,62.20,"Low Engagement"
"STU00350","Adi Anggraini",3,91.67,"Focused Learner"
"STU00286","Bayu Ramadhan",6,53.17,"Low Engagement"
"STU02222","Siti Kurniawan",3,30.33,"Low Engagement"
"STU02474","Mawar Susanto",2,49.00,"Low Engagement"
"STU00992","Citra Permadi",4,82.25,"Focused Learner"
"STU01432","Aditya Hakim",9,48.78,"At Risk"
"STU02575","Nadia Permadi",2,21.00,"Low Engagement"
"STU02515","Rahmat Damayanti",3,19.00,"Low Engagement"
"STU01213","Dito Permadi",0,0.00,"Inactive"
"STU00740","Mawar Permadi",6,31.00,"Low Engagement"
"STU02010","Ferdi Anggraini",2,25.50,"Low Engagement"
"STU01418","Rizky Maulana",2,94.00,"Focused Learner"
"STU00971","Putri Maulana",2,50.00,"Low Engagement"
"STU01648","Aditya Hapsari",3,68.67,"Low Engagement"
"STU00712","Diah Cahyani",1,53.00,"Low Engagement"
"STU00363","Sari Saputra",0,0.00,"Inactive"
"STU01048","Diah Hapsari",3,41.67,"Low Engagement"
"STU01007","Gita Permadi",6,56.67,"Low Engagement"
"STU02785","Yuni Pertiwi",5,78.60,"Low Engagement"
"STU02758","Intan Maulana",6,61.33,"Low Engagement"
"STU02250","Maya Anggara",6,50.50,"Low Engagement"
"STU02729","Aditya Hakim",9,66.22,"At Risk"
"STU00507","Siti Anggara",0,0.00,"Inactive"
"STU02242","Mawar Kurniawan",5,61.40,"Low Engagement"
"STU01685","Rahmat Hidayat",8,61.88,"At Risk"
"STU02198","Reno Pramudita",2,8.50,"Low Engagement"
"STU01356","Hana Hakim",4,36.75,"Low Engagement"
"STU00689","Maya Damayanti",3,66.67,"Low Engagement"
"STU00565","Tia Pertiwi",0,0.00,"Inactive"
"STU01287","Sinta Nugroho",10,28.90,"At Risk"
"STU01934","Sari Hidayat",1,1.00,"Low Engagement"
"STU01303","Arif Yusuf",1,100.00,"Focused Learner"
"STU01156","Rizky Wijaya",4,54.75,"Low Engagement"
"STU00531","Bayu Maulana",9,42.44,"At Risk"
"STU01983","Mawar Santoso",3,12.67,"Low Engagement"
"STU01922","Rahmat Pramudita",6,57.17,"Low Engagement"
"STU02133","Diah Kurniawan",3,64.00,"Low Engagement"
"STU01064","Putri Hakim",0,0.00,"Inactive"
"STU01216","Permata Maulana",6,41.00,"Low Engagement"
"STU00754","Dimas Rahmawati",0,0.00,"Inactive"
"STU02602","Hana Damayanti",2,59.50,"Low Engagement"
"STU00253","Naufal Ramadhan",3,43.67,"Low Engagement"
"STU02174","Yoga Pertiwi",3,42.33,"Low Engagement"
"STU01965","Naufal Nugroho",6,19.17,"Low Engagement"
"STU00714","Winda Wulandari",2,20.00,"Low Engagement"
"STU02307","Eka Yusuf",6,51.83,"Low Engagement"
"STU02453","Intan Pratama",4,68.25,"Low Engagement"
"STU02321","Adi Kurniawan",11,61.00,"At Risk"
"STU02811","Budi Damayanti",2,45.50,"Low Engagement"
"STU02009","Gita Anggara",10,48.50,"At Risk"
"STU00927","Permata Iskandar",6,54.83,"Low Engagement"
"STU00776","Bayu Damayanti",3,7.33,"Low Engagement"
"STU01273","Bayu Saputra",6,65.00,"Low Engagement"
"STU02396","Nita Damayanti",3,36.67,"Low Engagement"
"STU01264","Mega Kusuma",1,100.00,"Focused Learner"
"STU01597","Budi Ramadhan",1,43.00,"Low Engagement"
"STU01063","Adi Maulana",2,80.50,"Focused Learner"
"STU00986","Rizky Pertiwi",0,0.00,"Inactive"
"STU01923","Rahmat Ramadhan",6,47.00,"Low Engagement"
"STU00909","Sari Permadi",4,55.50,"Low Engagement"
"STU00633","Permata Iskandar",0,0.00,"Inactive"
"STU01199","Hendra Pertiwi",6,32.50,"Low Engagement"
"STU00946","Rizky Setiawan",0,0.00,"Inactive"
"STU00954","Tia Kusuma",1,8.00,"Low Engagement"
"STU02934","Vina Susanto",5,90.20,"Focused Learner"
"STU01539","Maya Anggraini",3,63.00,"Low Engagement"
"STU02825","Dimas Nugroho",3,80.33,"Focused Learner"
"STU00500","Umi Cahyani",3,99.67,"Focused Learner"
"STU00444","Arif Hidayat",3,68.67,"Low Engagement"
"STU01476","Intan Wijaya",5,20.80,"Low Engagement"
"STU01166","Siti Hidayat",6,34.33,"Low Engagement"
"STU00484","Fitri Wulandari",5,66.60,"Low Engagement"
"STU02828","Hana Santoso",3,69.67,"Low Engagement"
"STU00860","Ayu Setiawan",5,57.80,"Low Engagement"
"STU01114","Intan Wulandari",5,41.20,"Low Engagement"
"STU02978","Umi Kusuma",10,56.20,"At Risk"
"STU02808","Hendra Permadi",10,47.60,"At Risk"
"STU01754","Budi Wibowo",2,75.50,"Low Engagement"
"STU00902","Naufal Permadi",9,59.56,"At Risk"
"STU02502","Maya Hidayat",6,74.50,"Low Engagement"
"STU02176","Winda Setiawan",2,5.00,"Low Engagement"
"STU02659","Reno Hidayat",5,55.00,"Low Engagement"
"STU02904","Eko Maulana",10,70.60,"At Risk"
"STU02556","Ayu Hapsari",4,63.50,"Low Engagement"
"STU00763","Olivia Lestari",1,26.00,"Low Engagement"
"STU01786","Hana Hapsari",6,38.50,"Low Engagement"
"STU00298","Hendra Saputra",1,95.00,"Focused Learner"
"STU02181","Reza Setiawan",3,69.33,"Low Engagement"
"STU00942","Adi Hidayat",1,100.00,"Focused Learner"
"STU02636","Iqbal Hakim",1,39.00,"Low Engagement"
"STU02368","Mawar Anggara",4,33.50,"Low Engagement"
"STU00413","Krisna Nugroho",1,86.00,"Focused Learner"
"STU01705","Indah Nugroho",5,46.00,"Low Engagement"
"STU02621","Budi Kusuma",4,27.25,"Low Engagement"
"STU00609","Budi Iskandar",2,53.00,"Low Engagement"
"STU01497","Maya Santoso",0,0.00,"Inactive"
"STU02527","Yuni Yusuf",3,99.33,"Focused Learner"
"STU02145","Putra Saputra",7,60.29,"Low Engagement"
"STU01578","Nita Yusuf",0,0.00,"Inactive"
"STU01472","Fajar Kurniawan",11,55.55,"At Risk"
"STU01433","Sinta Rahmawati",4,36.75,"Low Engagement"
"STU00433","Mawar Wulandari",6,32.17,"Low Engagement"
"STU01493","Zahra Wulandari",3,29.33,"Low Engagement"
"STU01473","Fitri Pratama",4,42.50,"Low Engagement"
"STU02170","Wahyu Santoso",5,76.00,"Low Engagement"
"STU01654","Olivia Pramudita",2,6.00,"Low Engagement"
"STU00230","Aditya Mahendra",5,29.80,"Low Engagement"
"STU02325","Lestari Hidayat",2,100.00,"Focused Learner"
"STU02359","Fitri Pramudita",1,100.00,"Focused Learner"
"STU00729","Intan Wibowo",2,9.00,"Low Engagement"
"STU02414","Vina Setiawan",1,2.00,"Low Engagement"
"STU02189","Galih Iskandar",2,82.00,"Focused Learner"
"STU01659","Hendra Ramadhan",11,53.36,"At Risk"
"STU01463","Arif Damayanti",1,53.00,"Low Engagement"
"STU01151","Naufal Yusuf",2,52.50,"Low Engagement"
"STU02826","Diah Setiawan",1,1.00,"Low Engagement"
"STU01707","Gita Pertiwi",3,100.00,"Focused Learner"
"STU02271","Putri Anggara",5,46.40,"Low Engagement"
"STU02649","Permata Setiawan",0,0.00,"Inactive"
"STU01087","Reno Setiawan",3,48.67,"Low Engagement"
"STU00901","Reno Hidayat",6,54.33,"Low Engagement"
"STU00081","Permata Cahyani",1,8.00,"Low Engagement"
"STU00138","Adi Hidayat",5,53.60,"Low Engagement"
"STU02833","Fajar Anggara",3,97.33,"Focused Learner"
"STU02846","Mawar Pratama",3,57.00,"Low Engagement"
"STU00169","Hadi Rahmawati",3,100.00,"Focused Learner"
"STU00414","Hana Cahyani",6,63.33,"Low Engagement"
"STU02195","Eko Anggara",0,0.00,"Inactive"
"STU02803","Reno Permadi",0,0.00,"Inactive"
"STU02315","Sinta Wulandari",2,40.50,"Low Engagement"
"STU02618","Dewi Hapsari",3,32.00,"Low Engagement"
"STU00834","Rizky Saputra",6,53.67,"Low Engagement"
"STU02944","Hadi Mahendra",5,76.00,"Low Engagement"
"STU00753","Maya Anggara",2,54.00,"Low Engagement"
"STU02867","Maya Cahyani",0,0.00,"Inactive"
"STU01941","Aditya Wulandari",2,57.00,"Low Engagement"
"STU01952","Indah Hidayat",3,100.00,"Focused Learner"
"STU01379","Ratna Damayanti",3,4.33,"Low Engagement"
"STU00497","Gita Wijaya",1,66.00,"Low Engagement"
"STU02338","Intan Pratama",6,50.17,"Low Engagement"
"STU01555","Krisna Susanto",5,45.80,"Low Engagement"
"STU00056","Sinta Setyowati",11,51.27,"At Risk"
"STU01814","Eka Santoso",1,90.00,"Focused Learner"
"STU02830","Aditya Hidayat",0,0.00,"Inactive"
"STU00328","Bayu Pramudita",3,96.33,"Focused Learner"
"STU00885","Vina Mahendra",6,59.67,"Low Engagement"
"STU00538","Citra Pertiwi",1,3.00,"Low Engagement"
"STU00417","Dito Nugroho",3,66.67,"Low Engagement"
"STU02813","Tia Hapsari",0,0.00,"Inactive"
"STU01026","Hadi Hidayat",10,48.40,"At Risk"
"STU02617","Naufal Permadi",4,33.50,"Low Engagement"
"STU00457","Surya Anggraini",3,48.00,"Low Engagement"
"STU00397","Indah Kurniawan",2,33.00,"Low Engagement"
"STU01581","Reno Pramudita",4,29.00,"Low Engagement"
"STU00550","Hendra Kusuma",11,68.73,"At Risk"
"STU00195","Hadi Ramadhan",3,50.67,"Low Engagement"
"STU01635","Umi Hakim",1,100.00,"Focused Learner"
"STU02293","Budi Cahyani",6,83.00,"Focused Learner"
"STU01113","Yuni Maulana",9,54.78,"At Risk"
"STU02550","Dimas Damayanti",3,5.33,"Low Engagement"
"STU02322","Reno Pratama",10,68.50,"At Risk"
"STU01385","Lestari Setiawan",6,47.83,"Low Engagement"
"STU00572","Dimas Cahyani",6,67.83,"Low Engagement"
"STU00129","Ferdi Nugroho",5,46.20,"Low Engagement"
"STU02171","Lestari Wijaya",10,80.70,"Highly Engaged"
"STU00027","Fitri Susanto",2,100.00,"Focused Learner"
"STU00837","Maya Anggara",1,74.00,"Low Engagement"
"STU01163","Fitri Saputra",11,65.00,"At Risk"
"STU00628","Vina Rahmawati",6,25.50,"Low Engagement"
"STU00556","Mega Hidayat",3,83.00,"Focused Learner"
"STU00395","Krisna Permadi",1,7.00,"Low Engagement"
"STU00377","Surya Pratama",1,42.00,"Low Engagement"
"STU01641","Eko Wulandari",0,0.00,"Inactive"
"STU01857","Satria Ramadhan",5,41.00,"Low Engagement"
"STU00796","Permata Hidayat",8,39.00,"At Risk"
"STU00223","Krisna Lestari",3,48.67,"Low Engagement"
"STU00925","Reno Permadi",4,75.50,"Low Engagement"
"STU00610","Adi Kurniawan",0,0.00,"Inactive"
"STU00522","Luthfi Pertiwi",11,63.45,"At Risk"
"STU00466","Arif Wijaya",3,91.67,"Focused Learner"
"STU02817","Gilang Setyowati",0,0.00,"Inactive"
"STU02261","Adi Pratama",1,7.00,"Low Engagement"
"STU00333","Olivia Anggara",4,41.25,"Low Engagement"
"STU00582","Aditya Anggraini",8,59.63,"At Risk"
"STU00949","Vina Ramadhan",2,79.00,"Low Engagement"
"STU01719","Indah Pramudita",0,0.00,"Inactive"
"STU01709","Yoga Iskandar",0,0.00,"Inactive"
"STU02789","Bayu Susanto",3,62.33,"Low Engagement"
"STU02186","Mega Susanto",3,65.33,"Low Engagement"
"STU00108","Rahmat Cahyani",3,37.67,"Low Engagement"
"STU01242","Naufal Putra",3,55.00,"Low Engagement"
"STU00110","Hendra Damayanti",11,58.91,"At Risk"
"STU00806","Rizky Kurniawan",3,68.67,"Low Engagement"
"STU01904","Mawar Wibowo",6,63.50,"Low Engagement"
"STU02791","Satria Hakim",6,79.67,"Low Engagement"
"STU00172","Lestari Rahmawati",10,45.80,"At Risk"
"STU01384","Hendra Pramudita",6,34.17,"Low Engagement"
"STU00668","Diah Wijaya",11,59.27,"At Risk"
"STU01627","Naufal Lestari",3,30.67,"Low Engagement"
"STU01145","Mawar Permadi",6,62.83,"Low Engagement"
"STU00594","Ayu Wijaya",5,62.00,"Low Engagement"
"STU02883","Sari Cahyani",1,100.00,"Focused Learner"
"STU02609","Budi Nugroho",3,37.67,"Low Engagement"
"STU01058","Reza Permadi",1,96.00,"Focused Learner"
"STU02430","Ferdi Cahyani",2,92.50,"Focused Learner"
"STU02223","Fitri Putra",0,0.00,"Inactive"
"STU01799","Mawar Wulandari",5,38.40,"Low Engagement"
"STU00036","Zahra Putra",3,65.33,"Low Engagement"
"STU01265","Intan Yusuf",1,7.00,"Low Engagement"
"STU01094","Arif Susanto",2,41.00,"Low Engagement"
"STU00809","Naufal Ramadhan",5,56.40,"Low Engagement"
"STU02673","Fitri Mahendra",1,87.00,"Focused Learner"
"STU01194","Maya Wibowo",5,64.00,"Low Engagement"
"STU00351","Gilang Cahyani",2,95.50,"Focused Learner"
"STU01959","Wahyu Pramudita",3,9.33,"Low Engagement"
"STU00919","Rizky Pratama",3,18.00,"Low Engagement"
"STU01551","Krisna Mahendra",0,0.00,"Inactive"
"STU00878","Hadi Ramadhan",3,36.33,"Low Engagement"
"STU02593","Reno Yusuf",1,100.00,"Focused Learner"
"STU02019","Siti Nugroho",9,49.00,"At Risk"
"STU00331","Adi Permadi",5,96.60,"Focused Learner"
"STU00895","Aditya Damayanti",10,65.90,"At Risk"
"STU01565","Diah Hapsari",5,61.80,"Low Engagement"
"STU00758","Surya Wulandari",0,0.00,"Inactive"
"STU00360","Zahra Hidayat",0,0.00,"Inactive"
"STU02565","Winda Iskandar",3,72.33,"Low Engagement"
"STU02126","Hana Cahyani",4,60.50,"Low Engagement"
"STU00467","Aditya Setiawan",3,25.67,"Low Engagement"
"STU01126","Nita Susanto",3,55.00,"Low Engagement"
"STU00656","Putra Rahmawati",2,32.00,"Low Engagement"
"STU01477","Ayu Nugroho",5,26.60,"Low Engagement"
"STU00578","Diah Kusuma",4,81.00,"Focused Learner"
"STU02589","Panji Mahendra",4,42.75,"Low Engagement"
"STU02231","Hendra Mahendra",4,59.25,"Low Engagement"
"STU00602","Tia Permadi",11,43.82,"At Risk"
"STU00156","Wahyu Damayanti",5,45.60,"Low Engagement"
"STU02711","Luthfi Maulana",6,31.67,"Low Engagement"
"STU01950","Galih Hapsari",3,37.33,"Low Engagement"
"STU00841","Olivia Iskandar",6,76.50,"Low Engagement"
"STU01069","Winda Wibowo",5,27.40,"Low Engagement"
"STU01089","Dimas Damayanti",1,0.00,"Low Engagement"
"STU02188","Winda Santoso",2,64.50,"Low Engagement"
"STU01540","Putra Saputra",5,46.40,"Low Engagement"
"STU00700","Winda Maulana",3,49.33,"Low Engagement"
"STU01261","Umi Hidayat",0,0.00,"Inactive"
"STU00249","Yoga Wijaya",2,31.00,"Low Engagement"
"STU00697","Putri Pramudita",4,52.25,"Low Engagement"
"STU00686","Eko Putra",2,82.50,"Focused Learner"
"STU01469","Ferdi Anggraini",6,34.17,"Low Engagement"
"STU02741","Wahyu Damayanti",0,0.00,"Inactive"
"STU02086","Dito Setiawan",2,4.50,"Low Engagement"
"STU01329","Siti Hakim",5,21.40,"Low Engagement"
"STU01080","Ayu Hakim",2,19.00,"Low Engagement"
"STU00262","Eka Pratama",6,63.67,"Low Engagement"
"STU01304","Lestari Susanto",7,33.71,"Low Engagement"
"STU02917","Budi Pramudita",1,56.00,"Low Engagement"
"STU02815","Krisna Cahyani",1,100.00,"Focused Learner"
"STU01150","Vina Kusuma",0,0.00,"Inactive"
"STU02757","Zahra Susanto",3,66.00,"Low Engagement"
"STU01006","Panji Pratama",2,9.50,"Low Engagement"
"STU02810","Olivia Setiawan",2,64.00,"Low Engagement"
"STU01624","Maya Saputra",4,30.00,"Low Engagement"
"STU01672","Surya Wijaya",0,0.00,"Inactive"
"STU02092","Dito Anggraini",1,100.00,"Focused Learner"
"STU00868","Dito Hakim",3,54.33,"Low Engagement"
"STU01415","Mega Wibowo",3,51.33,"Low Engagement"
"STU01517","Reno Yusuf",6,42.67,"Low Engagement"
"STU01236","Zahra Santoso",1,100.00,"Focused Learner"
"STU01932","Indah Hidayat",2,52.50,"Low Engagement"
"STU01798","Ratna Kurniawan",2,4.50,"Low Engagement"
"STU01588","Andi Setyowati",5,24.40,"Low Engagement"
"STU01127","Tia Maulana",0,0.00,"Inactive"
"STU01599","Fitri Kurniawan",3,88.67,"Focused Learner"
"STU00605","Wahyu Pramudita",2,62.00,"Low Engagement"
"STU00264","Wahyu Cahyani",0,0.00,"Inactive"
"STU01531","Tia Cahyani",5,23.40,"Low Engagement"
"STU01447","Surya Mahendra",0,0.00,"Inactive"
"STU00057","Tia Anggraini",0,0.00,"Inactive"
"STU00642","Arif Pramudita",1,100.00,"Focused Learner"
"STU02747","Zahra Hidayat",0,0.00,"Inactive"
"STU02357","Satria Rahmawati",5,83.60,"Focused Learner"
"STU00921","Galih Yusuf",1,100.00,"Focused Learner"
"STU02402","Aditya Setyowati",0,0.00,"Inactive"
"STU00275","Krisna Rahmawati",5,78.20,"Low Engagement"
"STU02676","Rahmat Lestari",3,68.00,"Low Engagement"
"STU01375","Putri Ramadhan",0,0.00,"Inactive"
"STU00482","Dewi Permadi",3,68.00,"Low Engagement"
"STU02410","Adi Maulana",4,76.00,"Low Engagement"
"STU00013","Mawar Hidayat",1,15.00,"Low Engagement"
"STU02063","Ferdi Wijaya",3,54.33,"Low Engagement"
"STU01369","Mawar Nugroho",8,47.25,"At Risk"
"STU02699","Ratna Pratama",6,47.50,"Low Engagement"
"STU00659","Kirana Pertiwi",3,99.33,"Focused Learner"
"STU00470","Ayu Hidayat",3,66.67,"Low Engagement"
"STU00144","Bayu Kusuma",0,0.00,"Inactive"
"STU02839","Satria Lestari",0,0.00,"Inactive"
"STU02464","Ratna Yusuf",6,40.83,"Low Engagement"
"STU01088","Dito Wibowo",3,67.00,"Low Engagement"
"STU00634","Citra Susanto",3,42.33,"Low Engagement"
"STU00488","Hana Lestari",2,15.00,"Low Engagement"
"STU02169","Indah Iskandar",3,51.00,"Low Engagement"
"STU00783","Galih Pramudita",9,37.00,"At Risk"
"STU00445","Yoga Permadi",0,0.00,"Inactive"
"STU02528","Putra Lestari",11,70.55,"At Risk"
"STU00908","Fitri Anggraini",6,37.67,"Low Engagement"
"STU00026","Ratna Anggraini",6,21.17,"Low Engagement"
"STU02298","Maya Anggraini",0,0.00,"Inactive"
"STU02974","Putra Anggraini",1,100.00,"Focused Learner"
"STU01673","Maya Pratama",2,28.50,"Low Engagement"
"STU01694","Olivia Putra",5,95.60,"Focused Learner"
"STU00070","Hadi Anggraini",3,24.00,"Low Engagement"
"STU00816","Fitri Wijaya",9,18.33,"At Risk"
"STU00142","Sinta Yusuf",1,5.00,"Low Engagement"
"STU00766","Rahmat Kurniawan",3,45.00,"Low Engagement"
"STU00366","Fitri Pramudita",5,81.40,"Focused Learner"
"STU02401","Reno Yusuf",9,70.22,"At Risk"
"STU01711","Surya Mahendra",2,6.00,"Low Engagement"
"STU01612","Mega Permadi",7,44.00,"Low Engagement"
"STU01488","Luthfi Hidayat",4,76.50,"Low Engagement"
"STU00061","Satria Nugroho",2,100.00,"Focused Learner"
"STU01610","Rizky Hapsari",2,100.00,"Focused Learner"
"STU01523","Nadia Kurniawan",0,0.00,"Inactive"
"STU00789","Indah Cahyani",5,51.40,"Low Engagement"
"STU01044","Winda Setiawan",3,100.00,"Focused Learner"
"STU01797","Yoga Susanto",3,39.00,"Low Engagement"
"STU00739","Citra Cahyani",8,24.25,"At Risk"
"STU02807","Olivia Wibowo",1,100.00,"Focused Learner"
"STU02450","Naufal Kurniawan",3,81.00,"Focused Learner"
"STU02923","Satria Mahendra",3,82.00,"Focused Learner"
"STU01944","Ayu Setyowati",2,40.50,"Low Engagement"
"STU01731","Satria Setyowati",3,76.00,"Low Engagement"
"STU01160","Sari Ramadhan",7,40.29,"Low Engagement"
"STU00915","Indah Anggara",2,29.00,"Low Engagement"
"STU02684","Panji Santoso",5,24.80,"Low Engagement"
"STU01410","Siti Nugroho",6,51.33,"Low Engagement"
"STU02075","Rizky Cahyani",3,68.00,"Low Engagement"
"STU01884","Iqbal Permadi",6,52.83,"Low Engagement"
"STU01483","Nita Kurniawan",4,75.00,"Low Engagement"
"STU02331","Kirana Yusuf",3,15.33,"Low Engagement"
"STU01106","Vina Hapsari",5,24.00,"Low Engagement"
"STU00173","Rizky Hidayat",4,57.75,"Low Engagement"
"STU01420","Bagus Wibowo",3,62.33,"Low Engagement"
"STU00162","Wahyu Permadi",3,98.00,"Focused Learner"
"STU00009","Putri Wulandari",1,7.00,"Low Engagement"
"STU01566","Lestari Wibowo",2,80.00,"Focused Learner"
"STU02738","Panji Maulana",3,93.00,"Focused Learner"
"STU02481","Sinta Saputra",3,76.00,"Low Engagement"
"STU01505","Mega Hakim",0,0.00,"Inactive"
"STU01785","Bayu Wijaya",4,50.75,"Low Engagement"
"STU01250","Eka Pertiwi",9,39.67,"At Risk"
"STU00014","Luthfi Nugroho",2,93.00,"Focused Learner"
"STU00800","Eko Setyowati",3,36.67,"Low Engagement"
"STU02043","Surya Hidayat",0,0.00,"Inactive"
"STU02341","Siti Wijaya",4,52.25,"Low Engagement"
"STU01070","Surya Putra",4,85.00,"Focused Learner"
"STU00460","Tia Santoso",3,54.33,"Low Engagement"
"STU02219","Panji Setiawan",0,0.00,"Inactive"
"STU01766","Rizky Damayanti",11,36.91,"At Risk"
"STU01068","Ferdi Kusuma",2,100.00,"Focused Learner"
"STU00750","Maya Susanto",1,100.00,"Focused Learner"
"STU00548","Rahmat Hidayat",2,100.00,"Focused Learner"
"STU00430","Reno Kurniawan",6,51.67,"Low Engagement"
"STU00259","Bagus Wibowo",4,63.50,"Low Engagement"
"STU02896","Vina Iskandar",1,6.00,"Low Engagement"
"STU02788","Iqbal Wibowo",1,7.00,"Low Engagement"
"STU02323","Nita Mahendra",1,31.00,"Low Engagement"
"STU01560","Gita Nugroho",4,38.50,"Low Engagement"
"STU01445","Krisna Nugroho",0,0.00,"Inactive"
"STU00410","Hendra Pramudita",2,78.00,"Low Engagement"
"STU00907","Galih Cahyani",1,1.00,"Low Engagement"
"STU01458","Eka Nugroho",0,0.00,"Inactive"
"STU01795","Rahmat Wibowo",4,67.25,"Low Engagement"
"STU01971","Hendra Wulandari",0,0.00,"Inactive"
"STU02787","Olivia Permadi",3,80.00,"Focused Learner"
"STU02347","Ratna Mahendra",3,22.33,"Low Engagement"
"STU00904","Permata Yusuf",7,58.29,"Low Engagement"
"STU02482","Winda Rahmawati",2,50.00,"Low Engagement"
"STU01373","Sinta Yusuf",11,84.00,"Highly Engaged"
"STU02628","Zahra Nugroho",11,61.64,"At Risk"
"STU02353","Indah Hapsari",3,37.67,"Low Engagement"
"STU01976","Gilang Cahyani",11,66.73,"At Risk"
"STU02578","Eka Hapsari",2,59.00,"Low Engagement"
"STU02723","Ayu Kusuma",1,21.00,"Low Engagement"
"STU00436","Umi Santoso",3,100.00,"Focused Learner"
"STU02326","Putra Lestari",0,0.00,"Inactive"
"STU02300","Panji Permadi",2,100.00,"Focused Learner"
"STU02639","Zahra Kusuma",5,45.00,"Low Engagement"
"STU00501","Sinta Wulandari",4,46.50,"Low Engagement"
"STU02743","Olivia Maulana",0,0.00,"Inactive"
"STU02051","Gita Santoso",5,47.80,"Low Engagement"
"STU01172","Lestari Wibowo",0,0.00,"Inactive"
"STU02812","Siti Wulandari",3,68.67,"Low Engagement"
"STU00347","Eko Pramudita",4,51.75,"Low Engagement"
"STU01592","Yoga Wijaya",0,0.00,"Inactive"
"STU01999","Tia Kurniawan",2,49.50,"Low Engagement"
"STU02047","Fajar Iskandar",6,65.67,"Low Engagement"
"STU01389","Hendra Saputra",6,60.17,"Low Engagement"
"STU01000","Andi Permadi",0,0.00,"Inactive"
"STU01573","Aditya Cahyani",4,59.25,"Low Engagement"
"STU00768","Iqbal Damayanti",8,52.50,"At Risk"
"STU02204","Hendra Anggara",0,0.00,"Inactive"
"STU02558","Fitri Hapsari",2,50.00,"Low Engagement"
"STU02824","Naufal Santoso",3,61.00,"Low Engagement"
"STU00321","Hana Putra",5,53.00,"Low Engagement"
"STU00468","Intan Ramadhan",3,41.67,"Low Engagement"
"STU01298","Hana Rahmawati",11,64.09,"At Risk"
"STU00584","Olivia Santoso",2,77.00,"Low Engagement"
"STU00661","Dewi Anggara",1,76.00,"Low Engagement"
"STU02804","Siti Anggraini",1,79.00,"Low Engagement"
"STU02970","Tia Kusuma",0,0.00,"Inactive"
"STU01071","Lestari Kurniawan",7,56.00,"Low Engagement"
"STU00958","Diah Pratama",1,89.00,"Focused Learner"
"STU02726","Fitri Hapsari",0,0.00,"Inactive"
"STU01749","Intan Hapsari",5,73.60,"Low Engagement"
"STU02597","Rizky Susanto",1,3.00,"Low Engagement"
"STU02521","Reno Mahendra",3,34.00,"Low Engagement"
"STU01929","Maya Putra",6,63.17,"Low Engagement"
"STU02400","Mega Nugroho",1,5.00,"Low Engagement"
"STU02647","Bagus Yusuf",2,52.50,"Low Engagement"
"STU01020","Aditya Cahyani",3,65.33,"Low Engagement"
"STU02786","Rahmat Mahendra",3,63.00,"Low Engagement"
"STU00071","Iqbal Saputra",3,31.67,"Low Engagement"
"STU01564","Yoga Nugroho",1,45.00,"Low Engagement"
"STU00122","Hendra Yusuf",6,42.50,"Low Engagement"
"STU02574","Ferdi Anggara",4,56.50,"Low Engagement"
"STU02136","Tia Anggara",3,37.00,"Low Engagement"
"STU02763","Lestari Damayanti",0,0.00,"Inactive"
"STU01168","Rahmat Pertiwi",11,77.64,"At Risk"
"STU01043","Mawar Hidayat",5,49.60,"Low Engagement"
"STU02587","Putra Wulandari",2,57.00,"Low Engagement"
"STU00910","Eka Anggara",1,100.00,"Focused Learner"
"STU02601","Nadia Wulandari",5,55.20,"Low Engagement"
"STU01226","Reno Wibowo",2,54.50,"Low Engagement"
"STU02845","Indah Yusuf",3,72.33,"Low Engagement"
"STU00730","Aditya Kurniawan",6,81.00,"Focused Learner"
"STU01811","Intan Anggraini",3,95.33,"Focused Learner"
"STU01783","Sari Hidayat",4,100.00,"Focused Learner"
"STU02674","Dito Kusuma",1,0.00,"Low Engagement"
"STU00242","Fitri Maulana",6,54.50,"Low Engagement"
"STU02500","Sari Pertiwi",2,4.00,"Low Engagement"
"STU02299","Umi Ramadhan",7,21.86,"Low Engagement"
"STU02459","Mega Hakim",3,35.67,"Low Engagement"
"STU02049","Arif Cahyani",9,52.89,"At Risk"
"STU01302","Citra Setyowati",3,39.33,"Low Engagement"
"STU01733","Tia Susanto",0,0.00,"Inactive"
"STU02139","Permata Cahyani",2,54.50,"Low Engagement"
"STU01332","Umi Mahendra",6,60.67,"Low Engagement"
"STU01778","Bayu Wibowo",2,40.00,"Low Engagement"
"STU02849","Aditya Pratama",0,0.00,"Inactive"
"STU00547","Indah Maulana",3,51.33,"Low Engagement"
"STU01093","Adi Setyowati",0,0.00,"Inactive"
"STU01354","Mega Maulana",1,84.00,"Focused Learner"
"STU00943","Rizky Anggraini",7,74.43,"Low Engagement"
"STU00406","Luthfi Putra",6,55.50,"Low Engagement"
"STU01086","Dimas Santoso",4,43.25,"Low Engagement"
"STU00575","Putri Santoso",10,63.20,"At Risk"
"STU02668","Fajar Pratama",0,0.00,"Inactive"
"STU02754","Rizky Wulandari",0,0.00,"Inactive"
"STU01606","Siti Ramadhan",11,77.18,"At Risk"
"STU00327","Rizky Cahyani",3,49.33,"Low Engagement"
"STU00416","Ayu Kurniawan",0,0.00,"Inactive"
"STU01657","Dito Pertiwi",3,36.67,"Low Engagement"
"STU01200","Fajar Wijaya",2,57.50,"Low Engagement"
"STU00846","Iqbal Kurniawan",3,24.67,"Low Engagement"
"STU00838","Siti Kusuma",3,29.00,"Low Engagement"
"STU01827","Fajar Pratama",5,59.80,"Low Engagement"
"STU01515","Permata Pramudita",4,34.25,"Low Engagement"
"STU02713","Yuni Wulandari",2,100.00,"Focused Learner"
"STU02085","Intan Damayanti",3,83.67,"Focused Learner"
"STU01368","Siti Pertiwi",6,29.50,"Low Engagement"
"STU01067","Tia Damayanti",2,100.00,"Focused Learner"
"STU00427","Galih Pramudita",3,95.33,"Focused Learner"
"STU02074","Rizky Nugroho",3,73.67,"Low Engagement"
"STU00474","Surya Kusuma",0,0.00,"Inactive"
"STU01655","Naufal Kusuma",1,96.00,"Focused Learner"
"STU02880","Sinta Wibowo",1,92.00,"Focused Learner"
"STU01232","Surya Pramudita",0,0.00,"Inactive"
"STU02393","Arif Putra",1,100.00,"Focused Learner"
"STU01381","Eko Rahmawati",4,27.25,"Low Engagement"
"STU02942","Arif Hapsari",3,2.00,"Low Engagement"
"STU01666","Surya Damayanti",6,50.67,"Low Engagement"
"STU02821","Dito Nugroho",3,29.00,"Low Engagement"
"STU01441","Diah Lestari",4,55.00,"Low Engagement"
"STU00261","Gilang Maulana",3,67.33,"Low Engagement"
"STU00339","Sari Santoso",3,71.33,"Low Engagement"
"STU00456","Putri Wulandari",1,40.00,"Low Engagement"
"STU02642","Siti Permadi",2,53.00,"Low Engagement"
"STU01594","Luthfi Kusuma",11,54.45,"At Risk"
"STU02503","Surya Setyowati",3,50.00,"Low Engagement"
"STU01828","Gilang Anggraini",2,100.00,"Focused Learner"
"STU00099","Yoga Santoso",11,35.36,"At Risk"
"STU00872","Tia Putra",0,0.00,"Inactive"
"STU01218","Fitri Wijaya",7,65.14,"Low Engagement"
"STU01894","Eka Hidayat",4,53.25,"Low Engagement"
"STU01697","Ferdi Anggara",4,81.25,"Focused Learner"
"STU00874","Mega Kusuma",3,75.67,"Low Engagement"
"STU00053","Siti Pertiwi",5,92.80,"Focused Learner"
"STU02857","Sinta Hapsari",0,0.00,"Inactive"
"STU01839","Reza Nugroho",6,41.00,"Low Engagement"
"STU00929","Mega Anggraini",10,52.20,"At Risk"
"STU02376","Nita Kusuma",2,55.00,"Low Engagement"
"STU01193","Hana Hakim",3,43.33,"Low Engagement"
"STU02316","Arif Maulana",10,50.70,"At Risk"
"STU00438","Umi Pertiwi",2,77.00,"Low Engagement"
"STU00698","Maya Hapsari",2,49.00,"Low Engagement"
"STU01734","Mawar Mahendra",3,60.33,"Low Engagement"
"STU01437","Dito Pramudita",4,43.50,"Low Engagement"
"STU00052","Lestari Wibowo",6,58.67,"Low Engagement"
"STU02305","Indah Setiawan",5,61.40,"Low Engagement"
"STU02986","Luthfi Mahendra",0,0.00,"Inactive"
"STU02975","Reno Anggara",3,37.00,"Low Engagement"
"STU01750","Arif Hidayat",7,45.57,"Low Engagement"
"STU01404","Hendra Ramadhan",8,37.00,"At Risk"
"STU01307","Hadi Anggraini",9,30.89,"At Risk"
"STU00039","Ratna Ramadhan",1,5.00,"Low Engagement"
"STU02707","Siti Permadi",3,19.33,"Low Engagement"
"STU02417","Olivia Iskandar",3,34.67,"Low Engagement"
"STU02611","Fitri Permadi",2,70.00,"Low Engagement"
"STU00798","Fajar Anggara",1,7.00,"Low Engagement"
"STU02263","Hana Pertiwi",0,0.00,"Inactive"
"STU01987","Dimas Permadi",4,70.00,"Low Engagement"
"STU01426","Gilang Hidayat",4,52.75,"Low Engagement"
"STU00560","Wahyu Pertiwi",0,0.00,"Inactive"
"STU02658","Naufal Nugroho",3,37.33,"Low Engagement"
"STU00020","Diah Mahendra",11,32.18,"At Risk"
"STU02993","Rizky Hakim",2,71.00,"Low Engagement"
"STU01280","Sari Hidayat",1,100.00,"Focused Learner"
"STU00964","Hana Pratama",3,60.33,"Low Engagement"
"STU01816","Panji Santoso",3,42.33,"Low Engagement"
"STU00511","Reza Lestari",2,28.00,"Low Engagement"
"STU01687","Indah Anggraini",3,45.00,"Low Engagement"
"STU01028","Kirana Wulandari",9,57.11,"At Risk"
"STU01818","Intan Cahyani",3,41.33,"Low Engagement"
"STU02270","Rahmat Anggraini",0,0.00,"Inactive"
"STU02423","Nita Wibowo",1,100.00,"Focused Learner"
"STU02071","Bagus Setiawan",5,78.60,"Low Engagement"
"STU02220","Mawar Iskandar",5,44.40,"Low Engagement"
"STU01325","Bagus Anggara",11,41.09,"At Risk"
"STU00817","Olivia Maulana",5,65.80,"Low Engagement"
"STU02213","Nadia Lestari",0,0.00,"Inactive"
"STU01793","Aditya Putra",0,0.00,"Inactive"
"STU00211","Sari Wulandari",3,58.67,"Low Engagement"
"STU02948","Vina Rahmawati",0,0.00,"Inactive"
"STU01779","Gita Hakim",6,38.50,"Low Engagement"
"STU01181","Ayu Pertiwi",4,45.00,"Low Engagement"
"STU01099","Fajar Damayanti",4,71.00,"Low Engagement"
"STU00682","Mega Wibowo",6,49.00,"Low Engagement"
"STU01023","Gita Pertiwi",3,55.00,"Low Engagement"
"STU00957","Siti Damayanti",1,0.00,"Low Engagement"
"STU00643","Rahmat Saputra",3,55.33,"Low Engagement"
"STU01015","Krisna Pramudita",0,0.00,"Inactive"
"STU02888","Zahra Pratama",9,33.89,"At Risk"
"STU02473","Dewi Lestari",7,51.71,"Low Engagement"
"STU00848","Reno Ramadhan",11,69.36,"At Risk"
"STU01457","Satria Susanto",2,51.50,"Low Engagement"
"STU00269","Nadia Ramadhan",3,37.33,"Low Engagement"
"STU00613","Adi Pramudita",2,65.50,"Low Engagement"
"STU02784","Rahmat Wulandari",3,48.67,"Low Engagement"
"STU02541","Wahyu Anggara",3,52.00,"Low Engagement"
"STU01780","Sari Saputra",3,23.67,"Low Engagement"
"STU01323","Eka Iskandar",0,0.00,"Inactive"
"STU01077","Intan Iskandar",0,0.00,"Inactive"
"STU01388","Panji Putra",6,54.67,"Low Engagement"
"STU02884","Tia Hidayat",4,53.25,"Low Engagement"
"STU01188","Naufal Lestari",3,48.67,"Low Engagement"
"STU01462","Rahmat Wulandari",3,97.00,"Focused Learner"
"STU00956","Winda Pramudita",1,100.00,"Focused Learner"
"STU01084","Tia Santoso",3,46.33,"Low Engagement"
"STU02654","Krisna Putra",5,83.60,"Focused Learner"
"STU00145","Indah Pramudita",3,23.00,"Low Engagement"
"STU02022","Rahmat Hakim",0,0.00,"Inactive"
"STU01693","Dito Nugroho",9,60.22,"At Risk"
"STU01357","Satria Setiawan",2,25.50,"Low Engagement"
"STU02980","Iqbal Cahyani",6,32.17,"Low Engagement"
"STU01626","Dimas Iskandar",8,39.25,"At Risk"
"STU00894","Krisna Putra",4,64.50,"Low Engagement"
"STU00168","Satria Wijaya",2,54.50,"Low Engagement"
"STU00353","Permata Wijaya",4,17.75,"Low Engagement"
"STU02373","Ferdi Hakim",0,0.00,"Inactive"
"STU02477","Intan Yusuf",4,29.00,"Low Engagement"
"STU01484","Indah Setyowati",2,65.50,"Low Engagement"
"STU01211","Mawar Putra",3,78.67,"Low Engagement"
"STU01868","Panji Mahendra",0,0.00,"Inactive"
"STU02021","Eko Pramudita",0,0.00,"Inactive"
"STU02560","Olivia Lestari",1,65.00,"Low Engagement"
"STU01548","Kirana Pramudita",5,91.80,"Focused Learner"
"STU02313","Reno Saputra",0,0.00,"Inactive"
"STU01184","Umi Saputra",1,100.00,"Focused Learner"
"STU02254","Hadi Ramadhan",3,68.00,"Low Engagement"
"STU00769","Gita Permadi",2,57.00,"Low Engagement"
"STU00341","Galih Hapsari",2,14.00,"Low Engagement"
"STU00710","Adi Wibowo",0,0.00,"Inactive"
"STU02605","Galih Wibowo",11,68.00,"At Risk"
"STU00947","Ferdi Hidayat",9,54.89,"At Risk"
"STU00552","Rahmat Saputra",4,53.75,"Low Engagement"
"STU02545","Ferdi Cahyani",7,74.14,"Low Engagement"
"STU02927","Citra Wibowo",3,68.33,"Low Engagement"
"STU00382","Nita Hidayat",1,54.00,"Low Engagement"
"STU00274","Umi Wulandari",0,0.00,"Inactive"
"STU00074","Maya Setiawan",0,0.00,"Inactive"
"STU00367","Adi Permadi",1,5.00,"Low Engagement"
"STU01629","Andi Wijaya",4,36.75,"Low Engagement"
"STU00240","Bayu Putra",2,35.50,"Low Engagement"
"STU00967","Fitri Santoso",5,88.80,"Focused Learner"
"STU00934","Yoga Permadi",1,9.00,"Low Engagement"
"STU01399","Galih Yusuf",7,43.00,"Low Engagement"
"STU00065","Rizky Wulandari",0,0.00,"Inactive"
"STU02272","Nita Kurniawan",4,60.25,"Low Engagement"
"STU01735","Budi Hakim",7,52.29,"Low Engagement"
"STU02107","Citra Santoso",0,0.00,"Inactive"
"STU02534","Mawar Setyowati",3,66.00,"Low Engagement"
"STU00842","Umi Hapsari",4,47.50,"Low Engagement"
"STU00744","Luthfi Putra",6,37.67,"Low Engagement"
"STU00735","Ayu Lestari",0,0.00,"Inactive"
"STU00779","Satria Maulana",3,10.00,"Low Engagement"
"STU01311","Rahmat Iskandar",0,0.00,"Inactive"
"STU01315","Rahmat Wijaya",6,66.33,"Low Engagement"
"STU00519","Dito Cahyani",9,70.22,"At Risk"
"STU01845","Ayu Iskandar",0,0.00,"Inactive"
"STU01221","Surya Anggara",1,2.00,"Low Engagement"
"STU02286","Iqbal Nugroho",6,25.50,"Low Engagement"
"STU02819","Olivia Hapsari",5,33.20,"Low Engagement"
"STU00112","Siti Pertiwi",2,50.00,"Low Engagement"
"STU01545","Umi Pramudita",0,0.00,"Inactive"
"STU00213","Budi Ramadhan",8,77.75,"At Risk"
"STU01222","Vina Kusuma",6,51.17,"Low Engagement"
"STU02241","Fajar Kurniawan",3,51.67,"Low Engagement"
"STU01699","Rahmat Kurniawan",7,35.86,"Low Engagement"
"STU00011","Maya Hidayat",5,54.60,"Low Engagement"
"STU02339","Yuni Setyowati",6,8.83,"Low Engagement"
"STU02055","Mega Hakim",3,4.67,"Low Engagement"
"STU01615","Iqbal Wijaya",0,0.00,"Inactive"
"STU00761","Eko Iskandar",2,5.00,"Low Engagement"
"STU02709","Intan Wulandari",9,52.00,"At Risk"
"STU00283","Gita Nugroho",5,77.20,"Low Engagement"
"STU02859","Gita Pertiwi",4,26.75,"Low Engagement"
"STU01985","Gita Lestari",9,32.33,"At Risk"
"STU01651","Budi Pramudita",3,55.00,"Low Engagement"
"STU00042","Tia Pramudita",3,35.33,"Low Engagement"
"STU02027","Yuni Saputra",1,100.00,"Focused Learner"
"STU00845","Luthfi Setyowati",2,87.00,"Focused Learner"
"STU00549","Bagus Rahmawati",3,76.33,"Low Engagement"
"STU02992","Rizky Yusuf",1,3.00,"Low Engagement"
"STU01439","Bayu Hapsari",6,62.17,"Low Engagement"
"STU01988","Putra Kusuma",0,0.00,"Inactive"
"STU00537","Yoga Kusuma",3,57.67,"Low Engagement"
"STU01646","Dito Yusuf",5,39.40,"Low Engagement"
"STU01219","Gilang Anggara",4,94.25,"Focused Learner"
"STU02103","Sinta Hidayat",3,97.00,"Focused Learner"
"STU02809","Kirana Cahyani",4,76.50,"Low Engagement"
"STU02479","Panji Nugroho",4,74.75,"Low Engagement"
"STU01689","Rizky Hakim",1,5.00,"Low Engagement"
"STU02374","Yoga Pramudita",6,47.83,"Low Engagement"
"STU01333","Mawar Susanto",3,25.00,"Low Engagement"
"STU00558","Galih Anggraini",3,30.00,"Low Engagement"
"STU02044","Rahmat Wibowo",0,0.00,"Inactive"
"STU01724","Galih Santoso",6,51.33,"Low Engagement"
"STU00871","Tia Hakim",2,42.50,"Low Engagement"
"STU01787","Siti Anggraini",4,38.50,"Low Engagement"
"STU00097","Winda Lestari",3,50.00,"Low Engagement"
"STU02733","Citra Hakim",6,71.33,"Low Engagement"
"STU02014","Nadia Cahyani",5,49.80,"Low Engagement"
"STU00940","Budi Cahyani",3,32.67,"Low Engagement"
"STU01854","Lestari Yusuf",0,0.00,"Inactive"
"STU00137","Budi Anggara",6,43.83,"Low Engagement"
"STU01939","Dito Setyowati",1,96.00,"Focused Learner"
"STU00864","Naufal Setyowati",2,58.00,"Low Engagement"
"STU02425","Satria Putra",6,46.33,"Low Engagement"
"STU02182","Adi Wijaya",3,35.67,"Low Engagement"
"STU01916","Vina Damayanti",11,41.45,"At Risk"
"STU02380","Siti Saputra",2,31.00,"Low Engagement"
"STU00553","Rahmat Anggraini",2,89.00,"Focused Learner"
"STU02089","Bayu Saputra",5,61.00,"Low Engagement"
"STU02964","Sinta Setiawan",5,61.80,"Low Engagement"
"STU02427","Sinta Maulana",1,4.00,"Low Engagement"
"STU01137","Surya Wibowo",11,54.45,"At Risk"
"STU00791","Gilang Pramudita",0,0.00,"Inactive"
"STU02077","Putra Cahyani",2,53.50,"Low Engagement"
"STU00123","Budi Hidayat",3,50.33,"Low Engagement"
"STU02693","Fitri Kurniawan",3,30.00,"Low Engagement"
"STU02512","Vina Kurniawan",1,25.00,"Low Engagement"
"STU02391","Umi Cahyani",5,51.20,"Low Engagement"
"STU00861","Mega Pratama",11,48.00,"At Risk"
"STU00529","Lestari Pertiwi",1,37.00,"Low Engagement"
"STU01279","Budi Santoso",1,100.00,"Focused Learner"
"STU02448","Arif Kurniawan",3,88.67,"Focused Learner"
"STU01897","Galih Iskandar",0,0.00,"Inactive"
"STU00664","Siti Anggara",2,2.50,"Low Engagement"
"STU00747","Dewi Hidayat",0,0.00,"Inactive"
"STU00953","Sinta Setyowati",1,4.00,"Low Engagement"
"STU02588","Kirana Hapsari",0,0.00,"Inactive"
"STU01700","Gita Anggara",11,72.27,"At Risk"
"STU00243","Yoga Wijaya",5,91.00,"Focused Learner"
"STU00041","Sari Cahyani",3,60.67,"Low Engagement"
"STU00658","Tia Kusuma",2,25.50,"Low Engagement"
"STU02869","Galih Nugroho",1,3.00,"Low Engagement"
"STU01212","Dito Santoso",2,51.50,"Low Engagement"
"STU00787","Fajar Maulana",11,46.55,"At Risk"
"STU02346","Bayu Permadi",5,32.00,"Low Engagement"
"STU01042","Satria Maulana",3,27.00,"Low Engagement"
"STU01990","Eko Hapsari",2,43.50,"Low Engagement"
"STU02057","Permata Santoso",1,100.00,"Focused Learner"
"STU00612","Hana Setiawan",5,46.20,"Low Engagement"
"STU00102","Hendra Susanto",3,69.67,"Low Engagement"
"STU02184","Reza Santoso",2,59.50,"Low Engagement"
"STU02404","Dimas Pratama",3,62.33,"Low Engagement"
"STU00711","Panji Putra",1,100.00,"Focused Learner"
"STU02060","Bagus Kurniawan",1,36.00,"Low Engagement"
"STU02770","Rizky Hakim",3,49.33,"Low Engagement"
"STU01722","Zahra Anggraini",2,6.00,"Low Engagement"
"STU01643","Diah Anggara",3,37.67,"Low Engagement"
"STU01907","Hadi Putra",1,100.00,"Focused Learner"
"STU02312","Krisna Yusuf",4,53.00,"Low Engagement"
"STU02259","Budi Setyowati",9,26.44,"At Risk"
"STU00755","Naufal Maulana",1,2.00,"Low Engagement"
"STU00818","Dimas Anggraini",4,56.50,"Low Engagement"
"STU02838","Putri Mahendra",6,61.67,"Low Engagement"
"STU02961","Dewi Nugroho",9,44.11,"At Risk"
"STU01876","Kirana Putra",3,67.33,"Low Engagement"
"STU00391","Ferdi Saputra",3,58.67,"Low Engagement"
"STU02080","Hana Damayanti",1,56.00,"Low Engagement"
"STU01322","Reno Putra",6,56.17,"Low Engagement"
"STU02243","Tia Hakim",9,64.00,"At Risk"
"STU00447","Reza Nugroho",2,42.50,"Low Engagement"
"STU02644","Iqbal Mahendra",1,2.00,"Low Engagement"
"STU01506","Surya Anggara",1,100.00,"Focused Learner"
"STU02226","Vina Anggara",4,74.00,"Low Engagement"
"STU01561","Satria Setiawan",3,16.00,"Low Engagement"
"STU01179","Siti Hidayat",5,73.40,"Low Engagement"
"STU00704","Galih Mahendra",3,100.00,"Focused Learner"
"STU02875","Vina Hidayat",7,33.00,"Low Engagement"
"STU02210","Fitri Kurniawan",0,0.00,"Inactive"
"STU01933","Siti Kusuma",6,58.00,"Low Engagement"
"STU00268","Nadia Pratama",0,0.00,"Inactive"
"STU01549","Arif Hapsari",3,34.00,"Low Engagement"
"STU01507","Andi Hapsari",4,100.00,"Focused Learner"
"STU02855","Olivia Wibowo",2,66.50,"Low Engagement"
"STU00271","Putri Yusuf",3,78.33,"Low Engagement"
"STU00082","Ferdi Anggara",2,6.50,"Low Engagement"
"STU00004","Panji Lestari",0,0.00,"Inactive"
"STU01100","Diah Wijaya",6,31.00,"Low Engagement"
"STU00632","Putra Nugroho",0,0.00,"Inactive"
"STU02844","Fajar Kurniawan",6,78.33,"Low Engagement"
"STU01499","Umi Pratama",4,64.75,"Low Engagement"
"STU00136","Permata Permadi",2,54.00,"Low Engagement"
"STU01254","Fajar Hakim",5,55.80,"Low Engagement"
"STU02438","Hendra Kusuma",6,55.33,"Low Engagement"
"STU01197","Putra Wibowo",0,0.00,"Inactive"
"STU00695","Kirana Maulana",0,0.00,"Inactive"
"STU02851","Sari Damayanti",4,100.00,"Focused Learner"
"STU02149","Mawar Lestari",1,100.00,"Focused Learner"
"STU02227","Rahmat Pratama",1,7.00,"Low Engagement"
"STU00164","Ayu Nugroho",0,0.00,"Inactive"
"STU02714","Lestari Iskandar",8,24.63,"At Risk"
"STU02098","Putri Hapsari",11,65.18,"At Risk"
"STU01815","Yuni Setiawan",6,39.67,"Low Engagement"
"STU00960","Putra Permadi",2,50.00,"Low Engagement"
"STU01737","Putri Wulandari",3,68.33,"Low Engagement"
"STU02801","Panji Putra",0,0.00,"Inactive"
"STU02109","Nadia Pertiwi",3,16.00,"Low Engagement"
"STU02984","Rizky Susanto",5,61.60,"Low Engagement"
"STU02523","Hendra Wibowo",6,28.50,"Low Engagement"
"STU00799","Gita Mahendra",1,19.00,"Low Engagement"
"STU01609","Eko Pratama",3,48.33,"Low Engagement"
"STU01032","Budi Pratama",10,76.10,"At Risk"
"STU02870","Zahra Pratama",0,0.00,"Inactive"
"STU00509","Putri Anggara",0,0.00,"Inactive"
"STU02998","Nita Iskandar",3,77.67,"Low Engagement"
"STU00733","Olivia Lestari",3,36.67,"Low Engagement"
"STU00587","Andi Pramudita",0,0.00,"Inactive"
"STU02624","Hana Susanto",2,54.00,"Low Engagement"
"STU01533","Panji Permadi",1,100.00,"Focused Learner"
"STU01495","Nita Hakim",1,5.00,"Low Engagement"
"STU02228","Aditya Permadi",5,70.60,"Low Engagement"
"STU02337","Eka Putra",3,69.00,"Low Engagement"
"STU00051","Dimas Hidayat",1,70.00,"Low Engagement"
"STU01301","Panji Maulana",6,31.50,"Low Engagement"
"STU00018","Intan Susanto",1,17.00,"Low Engagement"
"STU00680","Wahyu Anggraini",0,0.00,"Inactive"
"STU01912","Kirana Yusuf",0,0.00,"Inactive"
"STU00294","Citra Rahmawati",9,40.33,"At Risk"
"STU02901","Adi Anggara",4,64.50,"Low Engagement"
"STU01849","Nadia Nugroho",3,45.67,"Low Engagement"
"STU02003","Yoga Putra",4,82.75,"Focused Learner"
"STU00875","Arif Saputra",4,86.50,"Focused Learner"
"STU01237","Andi Kusuma",2,12.50,"Low Engagement"
"STU01153","Dewi Permadi",1,100.00,"Focused Learner"
"STU02879","Hana Putra",3,25.33,"Low Engagement"
"STU02120","Rizky Susanto",1,6.00,"Low Engagement"
"STU02751","Ferdi Setiawan",4,92.00,"Focused Learner"
"STU00880","Sari Iskandar",5,93.00,"Focused Learner"
"STU00870","Panji Maulana",6,51.00,"Low Engagement"
"STU02161","Vina Hakim",4,65.75,"Low Engagement"
"STU01752","Galih Nugroho",1,96.00,"Focused Learner"
"STU01065","Lestari Permadi",6,40.17,"Low Engagement"
"STU01443","Budi Kurniawan",11,48.82,"At Risk"
"STU01104","Yoga Hakim",2,100.00,"Focused Learner"
"STU02650","Intan Pratama",3,57.00,"Low Engagement"
"STU02872","Iqbal Pratama",5,43.00,"Low Engagement"
"STU02898","Dimas Kurniawan",11,34.00,"At Risk"
"STU02732","Yoga Setiawan",2,26.50,"Low Engagement"
"STU02700","Yoga Mahendra",3,68.67,"Low Engagement"
"STU02050","Budi Wijaya",0,0.00,"Inactive"
"STU01746","Putra Damayanti",3,72.67,"Low Engagement"
"STU01348","Arif Ramadhan",3,55.00,"Low Engagement"
"STU00029","Putra Cahyani",1,84.00,"Focused Learner"
"STU02311","Yuni Yusuf",1,71.00,"Low Engagement"
"STU01419","Gilang Nugroho",2,84.00,"Focused Learner"
"STU01338","Vina Setyowati",9,52.89,"At Risk"
"STU00653","Reza Permadi",2,13.50,"Low Engagement"
"STU01679","Reno Anggraini",3,54.33,"Low Engagement"
"STU00182","Hadi Pramudita",9,62.22,"At Risk"
"STU00394","Satria Nugroho",6,62.00,"Low Engagement"
"STU01355","Dewi Santoso",4,48.00,"Low Engagement"
"STU00369","Nita Setyowati",6,41.17,"Low Engagement"
"STU00075","Ferdi Iskandar",0,0.00,"Inactive"
"STU01522","Kirana Permadi",5,36.60,"Low Engagement"
"STU00139","Gita Yusuf",6,84.50,"Focused Learner"
"STU02976","Indah Lestari",0,0.00,"Inactive"
"STU01667","Budi Permadi",2,38.50,"Low Engagement"
"STU00167","Sinta Damayanti",4,59.00,"Low Engagement"
"STU02457","Nita Setyowati",1,70.00,"Low Engagement"
"STU02702","Zahra Ramadhan",6,56.50,"Low Engagement"
"STU00390","Tia Wibowo",1,81.00,"Focused Learner"
"STU01692","Reza Hakim",0,0.00,"Inactive"
"STU00021","Luthfi Wijaya",4,25.25,"Low Engagement"
"STU00889","Mega Hakim",2,65.50,"Low Engagement"
"STU02592","Winda Mahendra",3,65.00,"Low Engagement"
"STU00813","Yuni Kurniawan",5,30.20,"Low Engagement"
"STU01422","Diah Pratama",4,55.75,"Low Engagement"
"STU01167","Permata Lestari",3,71.00,"Low Engagement"
"STU02064","Ferdi Pertiwi",0,0.00,"Inactive"
"STU02562","Eka Ramadhan",4,30.00,"Low Engagement"
"STU01956","Maya Putra",5,54.00,"Low Engagement"
"STU02361","Budi Nugroho",9,77.33,"At Risk"
"STU00076","Yuni Rahmawati",3,64.67,"Low Engagement"
"STU01736","Zahra Setiawan",10,41.10,"At Risk"
"STU00493","Yoga Cahyani",0,0.00,"Inactive"
"STU00647","Vina Lestari",3,64.33,"Low Engagement"
"STU01178","Budi Lestari",11,49.27,"At Risk"
"STU02440","Yoga Lestari",4,51.50,"Low Engagement"
"STU01038","Eko Wijaya",1,5.00,"Low Engagement"
"STU00580","Bayu Permadi",0,0.00,"Inactive"
"STU02581","Iqbal Nugroho",0,0.00,"Inactive"
"STU02949","Nita Hidayat",0,0.00,"Inactive"
"STU02134","Fajar Cahyani",2,50.50,"Low Engagement"
"STU01914","Budi Hakim",4,27.25,"Low Engagement"
"STU01875","Reza Pratama",9,56.67,"At Risk"
"STU01906","Kirana Ramadhan",11,57.27,"At Risk"
"STU01541","Sari Mahendra",0,0.00,"Inactive"
"STU01982","Nadia Wulandari",1,92.00,"Focused Learner"
"STU00186","Surya Ramadhan",3,38.33,"Low Engagement"
"STU01930","Hana Wibowo",3,55.00,"Low Engagement"
"STU01847","Reza Nugroho",3,47.00,"Low Engagement"
"STU00435","Diah Mahendra",11,47.55,"At Risk"
"STU02938","Krisna Setiawan",3,63.00,"Low Engagement"
"STU01712","Bayu Damayanti",0,0.00,"Inactive"
"STU02505","Wahyu Ramadhan",11,60.55,"At Risk"
"STU02330","Luthfi Wibowo",3,84.00,"Focused Learner"
"STU01035","Nita Iskandar",6,55.00,"Low Engagement"
"STU02561","Galih Permadi",3,60.00,"Low Engagement"
"STU00862","Arif Rahmawati",0,0.00,"Inactive"
"STU01428","Satria Iskandar",6,52.17,"Low Engagement"
"STU00127","Reza Setyowati",1,100.00,"Focused Learner"
"STU00017","Eka Anggara",3,43.00,"Low Engagement"
"STU00295","Olivia Mahendra",11,53.18,"At Risk"
"STU02749","Intan Damayanti",2,20.50,"Low Engagement"
"STU02892","Hendra Saputra",0,0.00,"Inactive"
"STU00316","Permata Saputra",1,7.00,"Low Engagement"
"STU00994","Arif Iskandar",2,55.50,"Low Engagement"
"STU02221","Indah Setyowati",1,100.00,"Focused Learner"
"STU01174","Eko Pratama",10,67.60,"At Risk"
"STU01105","Luthfi Putra",1,1.00,"Low Engagement"
"STU00972","Winda Pertiwi",7,53.57,"Low Engagement"
"STU02847","Bagus Wibowo",2,48.00,"Low Engagement"
"STU01809","Bayu Pramudita",5,10.80,"Low Engagement"
"STU00708","Siti Santoso",8,59.75,"At Risk"
"STU02909","Adi Ramadhan",3,68.33,"Low Engagement"
"STU02433","Reno Lestari",4,69.00,"Low Engagement"
"STU02034","Mega Cahyani",2,54.50,"Low Engagement"
"STU02716","Dimas Pramudita",5,49.20,"Low Engagement"
"STU01041","Sari Yusuf",4,60.75,"Low Engagement"
"STU00976","Maya Hapsari",3,34.33,"Low Engagement"
"STU02671","Siti Hapsari",3,49.00,"Low Engagement"
"STU00669","Aditya Wulandari",6,47.83,"Low Engagement"
"STU00562","Olivia Setyowati",1,100.00,"Focused Learner"
"STU01520","Eko Nugroho",2,100.00,"Focused Learner"
"STU01431","Maya Hakim",3,74.00,"Low Engagement"
"STU00821","Surya Hidayat",8,45.63,"At Risk"
"STU00251","Bagus Ramadhan",2,79.00,"Low Engagement"
"STU00055","Panji Permadi",0,0.00,"Inactive"
"STU00564","Gilang Pratama",1,100.00,"Focused Learner"
"STU02660","Putra Damayanti",3,57.33,"Low Engagement"
"STU01759","Reno Hakim",4,52.50,"Low Engagement"
"STU00285","Diah Wijaya",5,57.60,"Low Engagement"
"STU01170","Mawar Rahmawati",6,68.83,"Low Engagement"
"STU00988","Ratna Nugroho",1,100.00,"Focused Learner"
"STU02289","Wahyu Wijaya",6,53.00,"Low Engagement"
"STU00933","Permata Saputra",5,37.00,"Low Engagement"
"STU02653","Indah Setyowati",3,42.00,"Low Engagement"
"STU02249","Yoga Kusuma",0,0.00,"Inactive"
"STU00091","Kirana Rahmawati",3,100.00,"Focused Learner"
"STU02407","Yuni Cahyani",5,33.80,"Low Engagement"
"STU00780","Budi Kusuma",6,60.00,"Low Engagement"
"STU00380","Citra Pertiwi",3,69.33,"Low Engagement"
"STU02005","Arif Permadi",1,2.00,"Low Engagement"
"STU00595","Galih Rahmawati",3,64.00,"Low Engagement"
"STU02320","Aditya Setyowati",3,59.00,"Low Engagement"
"STU02670","Yoga Susanto",6,46.17,"Low Engagement"
"STU02489","Maya Cahyani",5,80.00,"Focused Learner"
"STU00452","Iqbal Pramudita",3,37.00,"Low Engagement"
"STU02042","Mega Anggara",3,47.67,"Low Engagement"
"STU00843","Putri Anggraini",6,65.17,"Low Engagement"
"STU01649","Dito Anggraini",5,28.20,"Low Engagement"
"STU00631","Hendra Putra",8,34.00,"At Risk"
"STU00214","Dimas Mahendra",4,46.75,"Low Engagement"
"STU02371","Sinta Hakim",0,0.00,"Inactive"
"STU00738","Satria Kurniawan",10,51.00,"At Risk"
"STU00621","Ayu Susanto",3,100.00,"Focused Learner"
"STU02735","Bayu Hapsari",4,37.75,"Low Engagement"
"STU02247","Rizky Permadi",8,22.75,"At Risk"
"STU01729","Eka Wibowo",0,0.00,"Inactive"
"STU02951","Sari Wulandari",2,28.00,"Low Engagement"
"STU01002","Surya Pramudita",1,1.00,"Low Engagement"
"STU01591","Budi Hakim",3,60.00,"Low Engagement"
"STU00963","Nadia Santoso",5,42.00,"Low Engagement"
"STU02062","Eka Iskandar",3,30.67,"Low Engagement"
"STU00625","Dewi Permadi",3,49.33,"Low Engagement"
"STU00724","Aditya Hapsari",5,50.60,"Low Engagement"
"STU01625","Siti Kusuma",3,35.00,"Low Engagement"
"STU02531","Yuni Hakim",2,100.00,"Focused Learner"
"STU00718","Olivia Hidayat",1,9.00,"Low Engagement"
"STU00979","Adi Anggara",8,55.75,"At Risk"
"STU00313","Diah Saputra",3,52.67,"Low Engagement"
"STU00922","Yoga Wibowo",5,48.20,"Low Engagement"
"STU00254","Wahyu Lestari",1,7.00,"Low Engagement"
"STU02768","Fajar Susanto",11,55.09,"At Risk"
"STU00876","Wahyu Pratama",3,93.67,"Focused Learner"
"STU02533","Zahra Ramadhan",9,40.00,"At Risk"
"STU02066","Bayu Pramudita",8,56.13,"At Risk"
"STU00581","Krisna Kusuma",1,38.00,"Low Engagement"
"STU00187","Lestari Permadi",1,0.00,"Low Engagement"
"STU02988","Maya Susanto",7,58.00,"Low Engagement"
"STU02599","Bayu Wibowo",0,0.00,"Inactive"
"STU00600","Reza Kusuma",0,0.00,"Inactive"
"STU01249","Nita Putra",3,12.33,"Low Engagement"
"STU00207","Dito Wulandari",3,5.00,"Low Engagement"
"STU01383","Sinta Yusuf",2,3.50,"Low Engagement"
"STU01878","Mawar Anggraini",3,69.00,"Low Engagement"
"STU02494","Satria Santoso",2,64.00,"Low Engagement"
"STU01935","Nadia Lestari",3,51.67,"Low Engagement"
"STU02919","Yuni Hapsari",0,0.00,"Inactive"
"STU02166","Zahra Putra",0,0.00,"Inactive"
"STU02750","Nadia Setiawan",2,51.00,"Low Engagement"
"STU01586","Dimas Rahmawati",4,82.25,"Focused Learner"
"STU01306","Krisna Hapsari",6,53.83,"Low Engagement"
"STU00479","Hendra Cahyani",1,0.00,"Low Engagement"
"STU01282","Tia Wibowo",0,0.00,"Inactive"
"STU01510","Hadi Pramudita",1,100.00,"Focused Learner"
"STU00920","Zahra Pramudita",5,55.80,"Low Engagement"
"STU01883","Kirana Anggraini",0,0.00,"Inactive"
"STU00494","Fajar Anggraini",5,42.40,"Low Engagement"
"STU00305","Gita Hapsari",3,39.33,"Low Engagement"
"STU01885","Zahra Santoso",0,0.00,"Inactive"
"STU00502","Indah Permadi",3,81.67,"Focused Learner"
"STU01802","Surya Lestari",2,51.00,"Low Engagement"
"STU02724","Reno Anggara",0,0.00,"Inactive"
"STU00235","Aditya Ramadhan",2,90.00,"Focused Learner"
"STU01220","Nadia Wibowo",3,78.67,"Low Engagement"
"STU02530","Naufal Wulandari",6,45.33,"Low Engagement"
"STU00850","Sari Lestari",1,38.00,"Low Engagement"
"STU01142","Nadia Mahendra",4,18.50,"Low Engagement"
"STU00970","Yuni Pratama",4,21.25,"Low Engagement"
"STU00888","Putri Setiawan",1,52.00,"Low Engagement"
"STU02281","Aditya Pratama",4,56.75,"Low Engagement"
"STU01500","Budi Putra",0,0.00,"Inactive"
"STU00063","Mawar Anggara",4,51.75,"Low Engagement"
"STU02128","Rizky Pratama",2,41.00,"Low Engagement"
"STU01763","Lestari Nugroho",7,19.57,"Low Engagement"
"STU00465","Rahmat Setyowati",2,38.00,"Low Engagement"
"STU01557","Kirana Hapsari",5,20.40,"Low Engagement"
"STU00536","Citra Anggara",0,0.00,"Inactive"
"STU01268","Galih Cahyani",8,61.38,"At Risk"
"STU00454","Intan Saputra",1,97.00,"Focused Learner"
"STU02771","Winda Setyowati",11,66.73,"At Risk"
"STU01074","Maya Permadi",4,54.50,"Low Engagement"
"STU01528","Citra Pertiwi",0,0.00,"Inactive"
"STU01438","Putra Anggraini",5,67.00,"Low Engagement"
"STU01480","Diah Maulana",0,0.00,"Inactive"
"STU00590","Mawar Rahmawati",0,0.00,"Inactive"
"STU01300","Diah Yusuf",2,16.00,"Low Engagement"
"STU02662","Hadi Wijaya",4,74.00,"Low Engagement"
"STU01558","Dimas Kusuma",2,94.00,"Focused Learner"
"STU00267","Budi Setyowati",2,76.00,"Low Engagement"
"STU01364","Eka Lestari",2,24.00,"Low Engagement"
"STU01278","Hadi Iskandar",0,0.00,"Inactive"
"STU02945","Yoga Santoso",3,40.00,"Low Engagement"
"STU01619","Vina Pratama",0,0.00,"Inactive"
"STU00559","Permata Santoso",3,79.67,"Low Engagement"
"STU02413","Rahmat Anggara",7,28.43,"Low Engagement"
"STU00586","Reza Maulana",5,52.60,"Low Engagement"
"STU02194","Reno Anggara",6,78.67,"Low Engagement"
"STU00131","Rizky Wibowo",6,50.67,"Low Engagement"
"STU00617","Intan Pratama",3,19.33,"Low Engagement"
"STU01455","Bayu Pertiwi",0,0.00,"Inactive"
"STU00334","Intan Pertiwi",3,68.00,"Low Engagement"
"STU01613","Hendra Saputra",2,69.50,"Low Engagement"
"STU00143","Gilang Permadi",11,35.91,"At Risk"
"STU00361","Arif Damayanti",0,0.00,"Inactive"
"STU01251","Reno Wijaya",3,79.33,"Low Engagement"
"STU02645","Yoga Iskandar",7,30.14,"Low Engagement"
"STU02620","Dito Kurniawan",0,0.00,"Inactive"
"STU01964","Reza Nugroho",3,36.33,"Low Engagement"
"STU00801","Arif Cahyani",3,61.00,"Low Engagement"
"STU00627","Putri Kusuma",2,64.00,"Low Engagement"
"STU00221","Umi Lestari",0,0.00,"Inactive"
"STU00258","Indah Anggara",0,0.00,"Inactive"
"STU02841","Yoga Maulana",2,100.00,"Focused Learner"
"STU01603","Yoga Hakim",10,65.00,"At Risk"
"STU02712","Eko Pratama",3,38.00,"Low Engagement"
"STU00833","Tia Hakim",8,75.25,"At Risk"
"STU02537","Hana Rahmawati",3,53.67,"Low Engagement"
"STU01855","Reza Pramudita",4,48.25,"Low Engagement"
"STU01714","Olivia Hakim",1,100.00,"Focused Learner"
"STU02011","Hendra Ramadhan",10,51.10,"At Risk"
"STU01362","Wahyu Lestari",4,89.75,"Focused Learner"
"STU00984","Mawar Pertiwi",6,42.83,"Low Engagement"
"STU01688","Ferdi Wijaya",3,13.00,"Low Engagement"
"STU01228","Putra Putra",3,88.67,"Focused Learner"
"STU02979","Olivia Santoso",11,62.09,"At Risk"
"STU00551","Nadia Putra",6,35.67,"Low Engagement"
"STU00626","Yuni Putra",1,100.00,"Focused Learner"
"STU02258","Mawar Maulana",4,100.00,"Focused Learner"
"STU00882","Eko Setyowati",6,54.50,"Low Engagement"
"STU02543","Olivia Hakim",0,0.00,"Inactive"
"STU02820","Rizky Mahendra",6,52.83,"Low Engagement"
"STU01899","Eka Ramadhan",6,59.83,"Low Engagement"
"STU02141","Intan Damayanti",6,59.50,"Low Engagement"
"STU00736","Indah Putra",9,62.00,"At Risk"
"STU01762","Ferdi Nugroho",0,0.00,"Inactive"
"STU01942","Hendra Anggara",0,0.00,"Inactive"
"STU02519","Luthfi Wulandari",3,57.00,"Low Engagement"
"STU01920","Wahyu Kurniawan",3,100.00,"Focused Learner"
"STU01312","Adi Putra",11,29.64,"At Risk"
"STU01244","Nadia Anggraini",5,82.00,"Focused Learner"
"STU01108","Winda Setiawan",3,62.33,"Low Engagement"
"STU00923","Ayu Hakim",1,84.00,"Focused Learner"
"STU02422","Ayu Nugroho",0,0.00,"Inactive"
"STU01119","Eka Anggara",2,53.00,"Low Engagement"
"STU00782","Dewi Hakim",4,68.50,"Low Engagement"
"STU00759","Vina Kurniawan",3,49.00,"Low Engagement"
"STU00191","Rizky Kurniawan",5,64.00,"Low Engagement"
"STU01614","Indah Setiawan",3,60.00,"Low Engagement"
"STU00774","Vina Saputra",9,69.56,"At Risk"
"STU02924","Putra Lestari",10,59.60,"At Risk"
"STU01761","Tia Permadi",10,61.70,"At Risk"
"STU01489","Satria Kurniawan",5,66.60,"Low Engagement"
"STU00513","Kirana Anggraini",6,52.50,"Low Engagement"
"STU01190","Budi Iskandar",11,34.64,"At Risk"
"STU02680","Vina Rahmawati",4,37.25,"Low Engagement"
"STU00701","Yuni Anggraini",11,67.27,"At Risk"
"STU02682","Adi Wibowo",3,91.33,"Focused Learner"
"STU00203","Gilang Wibowo",5,39.40,"Low Engagement"
"STU01634","Vina Cahyani",6,65.33,"Low Engagement"
"STU00280","Eko Saputra",1,8.00,"Low Engagement"
"STU00458","Mawar Yusuf",0,0.00,"Inactive"
"STU01425","Hadi Setyowati",2,8.00,"Low Engagement"
"STU01103","Indah Maulana",2,57.50,"Low Engagement"
"STU01231","Diah Kusuma",3,86.33,"Focused Learner"
"STU02201","Galih Anggraini",11,79.64,"At Risk"
"STU01656","Nita Hakim",2,50.50,"Low Engagement"
"STU00991","Dewi Wijaya",3,94.33,"Focused Learner"
"STU01777","Indah Lestari",0,0.00,"Inactive"
"STU01241","Reza Setyowati",3,57.67,"Low Engagement"
"STU00897","Fajar Setiawan",2,70.00,"Low Engagement"
"STU01346","Eko Wulandari",1,100.00,"Focused Learner"
"STU00486","Naufal Wijaya",2,31.50,"Low Engagement"
"STU02251","Dewi Permadi",11,66.45,"At Risk"
"STU00204","Permata Maulana",4,16.50,"Low Engagement"
"STU01994","Budi Kurniawan",2,43.50,"Low Engagement"
"STU02447","Luthfi Anggraini",3,27.00,"Low Engagement"
"STU02522","Nita Saputra",0,0.00,"Inactive"
"STU01691","Hadi Nugroho",2,26.50,"Low Engagement"
"STU00241","Yuni Ramadhan",6,68.67,"Low Engagement"
"STU01508","Hana Lestari",0,0.00,"Inactive"
"STU02885","Indah Wibowo",11,33.91,"At Risk"
"STU00569","Dewi Setiawan",4,86.50,"Focused Learner"
"STU00297","Krisna Wulandari",4,61.50,"Low Engagement"
"STU00702","Yoga Hapsari",6,62.33,"Low Engagement"
"STU00148","Gilang Kurniawan",2,94.00,"Focused Learner"
"STU01572","Maya Setyowati",3,38.67,"Low Engagement"
"STU02580","Vina Anggraini",5,43.80,"Low Engagement"
"STU02490","Citra Rahmawati",1,1.00,"Low Engagement"
"STU01440","Andi Pramudita",1,100.00,"Focused Learner"
"STU02691","Indah Kurniawan",3,3.33,"Low Engagement"
"STU01479","Andi Anggara",2,41.00,"Low Engagement"
"STU02539","Maya Saputra",6,51.33,"Low Engagement"
"STU02918","Tia Yusuf",0,0.00,"Inactive"
"STU01501","Dimas Saputra",7,37.29,"Low Engagement"
"STU01029","Ratna Pertiwi",5,67.40,"Low Engagement"
"STU02177","Lestari Yusuf",4,50.00,"Low Engagement"
"STU00190","Rahmat Setyowati",10,59.00,"At Risk"
"STU01801","Bayu Santoso",3,26.00,"Low Engagement"
"STU01266","Hadi Mahendra",2,100.00,"Focused Learner"
"STU00820","Nita Maulana",3,98.67,"Focused Learner"
"STU02952","Fitri Anggara",3,68.00,"Low Engagement"
"STU02622","Galih Damayanti",2,51.00,"Low Engagement"
"STU00974","Hana Susanto",3,50.00,"Low Engagement"
"STU02501","Mawar Kusuma",4,50.75,"Low Engagement"
"STU01767","Lestari Hidayat",0,0.00,"Inactive"
"STU00683","Bayu Yusuf",0,0.00,"Inactive"
"STU01454","Wahyu Pratama",6,41.67,"Low Engagement"
"STU00677","Budi Anggraini",3,43.00,"Low Engagement"
"STU01427","Bagus Kusuma",0,0.00,"Inactive"
"STU01973","Zahra Mahendra",1,100.00,"Focused Learner"
"STU00464","Arif Kurniawan",1,98.00,"Focused Learner"
"STU02209","Winda Yusuf",2,50.00,"Low Engagement"
"STU01316","Dimas Lestari",2,8.50,"Low Engagement"
"STU01856","Indah Anggara",7,58.43,"Low Engagement"
"STU01702","Permata Pramudita",2,43.00,"Low Engagement"
"STU02342","Citra Pramudita",1,0.00,"Low Engagement"
"STU01893","Ratna Pertiwi",2,73.50,"Low Engagement"
"STU00570","Hendra Cahyani",2,72.00,"Low Engagement"
"STU00100","Bayu Ramadhan",8,61.50,"At Risk"
"STU02310","Yoga Hidayat",9,62.11,"At Risk"
"STU00961","Nita Cahyani",2,74.50,"Low Engagement"
"STU01725","Eka Wulandari",3,12.00,"Low Engagement"
"STU00510","Fajar Rahmawati",4,10.50,"Low Engagement"
"STU02257","Aditya Pramudita",3,68.67,"Low Engagement"
"STU00300","Intan Putra",3,55.33,"Low Engagement"
"STU02613","Tia Maulana",5,71.00,"Low Engagement"
"STU00234","Hana Ramadhan",2,92.50,"Focused Learner"
"STU01459","Sinta Permadi",3,53.67,"Low Engagement"
"STU02730","Surya Ramadhan",4,75.25,"Low Engagement"
"STU02728","Rahmat Saputra",6,55.00,"Low Engagement"
"STU01910","Siti Hapsari",4,38.75,"Low Engagement"
"STU00591","Hana Anggara",3,14.00,"Low Engagement"
"STU00823","Eko Setyowati",8,43.88,"At Risk"
"STU00101","Bagus Wijaya",1,8.00,"Low Engagement"
"STU02854","Krisna Pratama",3,60.33,"Low Engagement"
"STU01791","Surya Cahyani",0,0.00,"Inactive"
"STU02458","Andi Santoso",5,63.40,"Low Engagement"
"STU02260","Gilang Setiawan",1,100.00,"Focused Learner"
"STU02939","Bagus Setyowati",1,100.00,"Focused Learner"
"STU01260","Aditya Setiawan",9,52.33,"At Risk"
"STU01180","Fitri Setiawan",6,37.17,"Low Engagement"
"STU00496","Hendra Damayanti",2,53.00,"Low Engagement"
"STU01896","Iqbal Yusuf",4,40.75,"Low Engagement"
"STU02775","Bayu Nugroho",6,51.00,"Low Engagement"
"STU00189","Bagus Cahyani",5,66.00,"Low Engagement"
"STU01275","Wahyu Kusuma",1,100.00,"Focused Learner"
"STU00217","Ayu Anggara",3,69.67,"Low Engagement"
"STU02495","Eko Hakim",0,0.00,"Inactive"
"STU01024","Adi Susanto",2,85.00,"Focused Learner"
"STU01769","Nadia Pratama",3,36.67,"Low Engagement"
"STU01491","Maya Lestari",5,46.40,"Low Engagement"
"STU00224","Hana Wibowo",6,86.17,"Focused Learner"
"STU01248","Iqbal Mahendra",6,70.50,"Low Engagement"
"STU00201","Yoga Rahmawati",11,51.82,"At Risk"
"STU02933","Reno Putra",2,53.50,"Low Engagement"
"STU01991","Adi Anggraini",2,28.00,"Low Engagement"
"STU00157","Putra Lestari",0,0.00,"Inactive"
"STU00996","Wahyu Pratama",1,52.00,"Low Engagement"
"STU00742","Naufal Anggraini",4,88.75,"Focused Learner"
"STU01771","Putri Susanto",0,0.00,"Inactive"
"STU00490","Ratna Wibowo",2,52.00,"Low Engagement"
"STU00442","Yoga Rahmawati",7,36.71,"Low Engagement"
"STU01196","Nadia Kurniawan",2,54.50,"Low Engagement"
"STU00420","Zahra Lestari",1,97.00,"Focused Learner"
"STU00125","Mawar Wibowo",3,54.33,"Low Engagement"
"STU02294","Sari Mahendra",2,53.50,"Low Engagement"
"STU02805","Mega Permadi",2,22.50,"Low Engagement"
"STU00731","Krisna Setiawan",1,100.00,"Focused Learner"
"STU00019","Surya Hapsari",0,0.00,"Inactive"
"STU00790","Tia Pramudita",2,97.00,"Focused Learner"
"STU02995","Gita Mahendra",3,68.67,"Low Engagement"
"STU02084","Panji Nugroho",0,0.00,"Inactive"
"STU02444","Siti Maulana",0,0.00,"Inactive"
"STU00535","Bayu Pramudita",5,65.20,"Low Engagement"
"STU01102","Nadia Damayanti",3,51.33,"Low Engagement"
"STU01453","Andi Wibowo",0,0.00,"Inactive"
"STU02520","Nita Iskandar",6,64.83,"Low Engagement"
"STU01993","Galih Hidayat",4,89.00,"Focused Learner"
"STU01743","Dimas Kurniawan",5,51.00,"Low Engagement"
"STU01870","Eko Wibowo",6,47.00,"Low Engagement"
"STU00315","Eka Setiawan",2,21.00,"Low Engagement"
"STU01471","Fitri Pramudita",3,93.33,"Focused Learner"
"STU00404","Hendra Santoso",6,47.17,"Low Engagement"
"STU01834","Reza Lestari",1,1.00,"Low Engagement"
"STU01309","Putri Susanto",2,86.00,"Focused Learner"
"STU00266","Nadia Santoso",4,64.00,"Low Engagement"
"STU02794","Diah Hapsari",1,100.00,"Focused Learner"
"STU01496","Bayu Putra",0,0.00,"Inactive"
"STU01066","Zahra Wibowo",6,55.67,"Low Engagement"
"STU01371","Umi Hakim",3,29.00,"Low Engagement"
"STU00630","Aditya Anggraini",8,29.25,"At Risk"
"STU02065","Satria Nugroho",11,50.73,"At Risk"
"STU02677","Rizky Lestari",0,0.00,"Inactive"
"STU00345","Maya Hakim",2,8.00,"Low Engagement"
"STU01962","Gita Setiawan",6,43.33,"Low Engagement"
"STU00687","Kirana Mahendra",0,0.00,"Inactive"
"STU00049","Lestari Permadi",2,89.50,"Focused Learner"
"STU01790","Budi Mahendra",0,0.00,"Inactive"
"STU01377","Eka Pertiwi",1,100.00,"Focused Learner"
"STU01062","Gilang Wulandari",3,41.67,"Low Engagement"
"STU00844","Dimas Wulandari",6,29.67,"Low Engagement"
"STU02756","Diah Hakim",0,0.00,"Inactive"
"STU02253","Eko Hakim",4,80.25,"Focused Learner"
"STU01502","Ayu Damayanti",3,37.67,"Low Engagement"
"STU00665","Sinta Wijaya",3,57.33,"Low Engagement"
"STU00272","Rahmat Maulana",6,55.67,"Low Engagement"
"STU00765","Krisna Nugroho",3,23.33,"Low Engagement"
"STU00093","Eko Putra",2,67.00,"Low Engagement"
"STU01149","Andi Yusuf",0,0.00,"Inactive"
"STU01284","Dito Saputra",2,5.50,"Low Engagement"
"STU02383","Nadia Setiawan",1,90.00,"Focused Learner"
"STU02403","Citra Mahendra",1,100.00,"Focused Learner"
"STU00146","Fajar Putra",4,63.25,"Low Engagement"
"STU02956","Hana Setyowati",2,1.50,"Low Engagement"
"STU02097","Andi Setiawan",6,44.83,"Low Engagement"
"STU01928","Tia Setiawan",1,100.00,"Focused Learner"
"STU00393","Tia Wibowo",3,57.00,"Low Engagement"
"STU02319","Nita Anggraini",3,30.00,"Low Engagement"
