"student_id","name","email","age","city","registration_date","acquisition_source","plan_type","total_enrollments"
"STU02862","Andi Saputra","andi.saputra@gmail894@gmail.com",45,"Makassar","2023-10-05","Google","pro",11
"STU02753","Permata Santoso","permata.santoso@gmail.com",28,"Semarang","2024-10-06","Instagram","free",5
"STU00611","Lestari Rahmawati","lestari.rahmawati586@gmail.com",45,"Medan","2024-08-22","Google","free",3
"STU02332","Sinta Hakim","sinta.hakim@yahoo.com",42,"Medan","2023-04-07","Instagram","free",0
"STU01318","Ferdi Anggara","ferdi.anggara@yahoo.com",30,"Bekasi","2024-05-11","YouTube","pro",4
"STU02334","Citra Saputra","citra.saputra@gmail.com",43,"Bandung","2024-08-23","Instagram","basic",3
"STU01644","Indah Putra","indah.putra@gmail.com",37,"Jakarta","2022-03-11","Google","free",3
"STU01552","Nita Yusuf","nita.yusuf948@gmail.com",18,"Bandung","2024-05-21","Instagram","free",3
"STU00939","Galih Saputra","galih.saputra821@yahoo.com",42,"Bekasi","2022-06-28","Instagram","free",1
"STU02108","Wahyu Maulana","wahyu.maulana@hotmail.com",34,"Jakarta","2022-01-08","Referral","free",6
"STU02568","Sinta Santoso","sinta.santoso208@hotmail.com",33,"Jakarta","2022-11-05","Instagram","free",3
"STU02604","Nita Hidayat","nita.hidayat592@outlook2874@gmail.com",25,"Bandung","2022-11-07","TikTok","free",3
"STU02878","Zahra Pertiwi","zahra.pertiwi@yahoo.com",18,"Denpasar","2024-02-02","Google","free",9
"STU00062","Sari Permadi","sari.permadi396@yahoo.com",33,"Yogyakarta","2022-08-11","Organic","free",1
"STU00955","Ferdi Ramadhan","ferdi.ramadhan@hotmail.com",28,"Medan","2024-04-05","Instagram","free",1
"STU00616","Vina Lestari","vina.lestari@outlook.com",40,"Jakarta","2022-12-13","Organic","free",6
"STU01238","Vina Putra","vina.putra@outlook.com",21,"Jakarta","2022-07-01","Instagram","free",6
"STU00290","Budi Permadi","budi.permadi@hotmail.com",35,"Bandung","2023-06-13","Organic","free",1
"STU01869","Dimas Pertiwi","dimas.pertiwi@outlook.com",26,"Jakarta","2025-02-13","Instagram","free",3
"STU00043","Indah Susanto","indah.susanto@hotmail.com",40,"Yogyakarta","2024-10-10","Instagram","free",5
"STU00767","Bayu Pramudita","bayu.pramudita@hotmail.com",21,"Surabaya","2024-02-08","Referral","free",0
"STU01924","Zahra Wibowo","zahra.wibowo993@outlook.com",22,"Jakarta","2022-03-30","TikTok","free",1
"STU00058","Galih Nugroho","galih.nugroho@yahoo.com",27,"Semarang","2022-01-20","Google","free",0
"STU02121","Putri Pratama","putri.pratama@gmail.com",24,"Makassar","2023-02-09","Instagram","free",3
"STU00930","Adi Pramudita","adi.pramudita259@yahoo8511@gmail.com",26,"Bogor","2024-12-01","Referral","pro",1
"STU01602","Hadi Yusuf","hadi.yusuf792@yahoo.com",31,"Jakarta","2024-05-09","TikTok","free",2
"STU01147","Indah Wijaya","indah.wijaya864@outlook.com",39,"Jakarta","2024-01-02","Instagram","pro",6
"STU01546","Dewi Susanto","dewi.susanto@outlook.com",23,"Medan","2022-01-30","Referral","pro",4
"STU02418","Vina Yusuf","vina.yusuf@outlook.com",37,"Bandung","2024-11-02","Instagram","free",3
"STU02782","Krisna Cahyani","krisna.cahyani832@hotmail.com",31,"Bandung","2024-09-07","TikTok","free",2
"STU02762","Fitri Ramadhan","fitri.ramadhan531@yahoo.com",27,"Palembang","2024-03-15","Instagram","free",3
"STU02370","Permata Susanto","permata.susanto280@yahoo.com",19,"Malang","2023-10-16","YouTube","free",4
"STU00489","Putra Anggraini","putra.anggraini@outlook.com",45,"Medan","2023-03-28","Google","free",4
"STU01494","Arif Anggara","arif.anggara@gmail.com",44,"Jakarta","2024-04-29","Instagram","pro",0
"STU02191","Dimas Nugroho","dimas.nugroho509@hotmail.com",24,"Denpasar","2022-06-04","Instagram","free",6
"STU02206","Ratna Wulandari","ratna.wulandari@gmail.com",36,"Jakarta","2023-01-05","YouTube","pro",11
"STU02296","Vina Setyowati","vina.setyowati386@hotmail112@gmail.com",22,"Yogyakarta","2023-08-25","YouTube","free",0
"STU00114","Eka Hakim","eka.hakim@gmail.com",28,"Jakarta","2022-10-07","TikTok","free",6
"STU01391","Intan Yusuf","intan.yusuf882@gmail9273@gmail.com",40,"Medan","2024-03-12","TikTok","basic",0
"STU02144","Fitri Kurniawan","fitri.kurniawan457@hotmail.com",39,"Yogyakarta","2023-02-28","Instagram","free",1
"STU02739","Luthfi Hakim","luthfi.hakim@yahoo.com",18,"Surabaya","2025-01-01","TikTok","free",1
"STU02301","Maya Maulana","maya.maulana962@hotmail.com",31,"Semarang","2022-11-08","YouTube","free",6
"STU00655","Aditya Nugroho","aditya.nugroho@hotmail.com",39,"Yogyakarta","2024-07-20","Instagram","free",6
"STU02343","Reza Saputra","reza.saputra@gmail.com",39,"Semarang","2023-03-05","Instagram","free",1
"STU02767","Putra Pramudita","putra.pramudita978@yahoo.com",41,"Bekasi","2022-04-27","Instagram","pro",5
"STU02460","Dito Wibowo","dito.wibowo921@hotmail.com",41,"Bandung","2023-07-02","YouTube","free",6
"STU01470","Budi Yusuf","budi.yusuf927@hotmail.com",33,"Medan","2024-07-13","Referral","pro",1
"STU01096","Bagus Anggraini","bagus.anggraini731@gmail.com",30,"Surabaya","2023-12-08","Organic","pro",5
"STU00160","Naufal Anggraini","naufal.anggraini751@yahoo.com",40,"Malang","2022-04-18","Instagram","free",3
"STU01257","Adi Anggara","adi.anggara739@gmail.com",41,"Jakarta","2023-10-22","Referral","free",3
"STU02905","Krisna Putra","krisna.putra@hotmail8189@gmail.com",29,"Jakarta","2023-01-22","Google","free",4
"STU02853","Eko Iskandar","eko.iskandar@hotmail7229@gmail.com",42,"Yogyakarta","2024-09-18","Instagram","free",1
"STU02297","Eko Susanto","eko.susanto784@outlook.com",19,"Jakarta","2023-12-22","Referral","basic",4
"STU00723","Surya Pertiwi","surya.pertiwi@hotmail.com",21,"Bandung","2025-01-04","Instagram","basic",10
"STU02185","Diah Damayanti","diah.damayanti@gmail.com",37,"Jakarta","2023-04-09","YouTube","basic",5
"STU02355","Maya Yusuf","maya.yusuf@outlook6053@gmail.com",40,"Surabaya","2023-07-25","Google","free",11
"STU02328","Dewi Santoso","dewi.santoso@yahoo5564@gmail.com",44,"Jakarta","2022-05-26","Instagram","free",3
"STU01595","Fitri Damayanti","fitri.damayanti@outlook.com",44,"Denpasar","2022-07-20","Google","free",1
"STU01350","Krisna Mahendra","krisna.mahendra526@outlook.com",22,"Bandung","2024-08-15","Google","free",11
"STU00786","Nita Lestari","nita.lestari@hotmail.com",33,"Malang","2023-02-06","Instagram","free",3
"STU02973","Dito Nugroho","dito.nugroho380@hotmail.com",39,"Makassar","2024-05-13","Instagram","free",6
"STU02304","Bayu Cahyani","bayu.cahyani263@yahoo.com",37,"Medan","2024-12-10","YouTube","basic",9
"STU00473","Panji Maulana","panji.maulana@outlook.com",30,"Surabaya","2022-04-27","Instagram","free",3
"STU00770","Reza Maulana","reza.maulana@gmail.com",23,"Medan","2023-03-06","Instagram","free",0
"STU01444","Ayu Anggara","ayu.anggara856@yahoo.com",24,"Makassar","2022-07-11","TikTok","free",5
"STU00508","Rahmat Wijaya","rahmat.wijaya@gmail.com",26,"Palembang","2025-02-03","TikTok","pro",0
"STU02350","Dewi Yusuf","dewi.yusuf696@gmail.com",37,"Surabaya","2022-07-09","Instagram","basic",2
"STU02655","Indah Wulandari","indah.wulandari85@outlook.com",38,"Jakarta","2025-01-06","Instagram","basic",3
"STU01308","Arif Damayanti","arif.damayanti408@gmail546@gmail.com",30,"Surabaya","2022-11-12","YouTube","free",1
"STU01294","Rizky Wulandari","rizky.wulandari@hotmail.com",42,"Semarang","2023-11-02","Organic","free",4
"STU00892","Rizky Pertiwi","rizky.pertiwi@gmail.com",25,"Semarang","2024-06-11","Instagram","pro",0
"STU00246","Reza Iskandar","reza.iskandar714@gmail.com",43,"Semarang","2024-11-16","TikTok","pro",2
"STU00200","Umi Anggara","umi.anggara@outlook.com",31,"Bandung","2024-12-02","YouTube","basic",2
"STU00640","Dito Susanto","dito.susanto@gmail.com",20,"Palembang","2023-09-26","Instagram","basic",0
"STU01571","Reno Kusuma","reno.kusuma13@gmail.com",43,"Jakarta","2022-05-18","YouTube","free",0
"STU01392","Diah Pratama","diah.pratama@hotmail.com",34,"Bandung","2023-06-23","Organic","basic",3
"STU00248","Ratna Kurniawan","ratna.kurniawan@yahoo.com",25,"Jakarta","2022-04-04","TikTok","basic",6
"STU02441","Citra Hidayat","citra.hidayat914@outlook.com",45,"Bandung","2023-09-12","TikTok","free",3
"STU00657","Fitri Kurniawan","fitri.kurniawan@gmail.com",37,"Surabaya","2024-07-11","Organic","free",4
"STU00707","Mawar Kurniawan","mawar.kurniawan@yahoo.com",22,"Jakarta","2024-12-04","Instagram","free",3
"STU02496","Surya Rahmawati","surya.rahmawati@gmail2428@gmail.com",25,"Bekasi","2023-09-12","Google","pro",8
"STU02600","Yoga Saputra","yoga.saputra861@hotmail.com",45,"Jakarta","2023-09-05","Google","free",0
"STU02163","Budi Pramudita","budi.pramudita424@gmail.com",21,"Jakarta","2023-06-30","TikTok","free",3
"STU00684","Tia Pratama","tia.pratama@outlook.com",35,"Jakarta","2024-10-02","Organic","free",3
"STU01396","Hadi Setyowati","hadi.setyowati@yahoo.com",26,"Malang","2022-03-19","YouTube","free",7
"STU00859","Hadi Kurniawan","hadi.kurniawan621@gmail.com",35,"Medan","2022-05-02","YouTube","basic",0
"STU00699","Fajar Anggara","fajar.anggara@gmail.com",18,"Jakarta","2022-03-08","Google","pro",0
"STU00128","Olivia Wibowo","olivia.wibowo@yahoo.com",23,"Yogyakarta","2024-02-07","Instagram","basic",0
"STU00849","Gilang Kurniawan","gilang.kurniawan@hotmail7158@gmail.com",40,"Jakarta","2022-10-01","YouTube","free",2
"STU00746","Krisna Lestari","krisna.lestari983@hotmail.com",25,"Malang","2023-07-28","Organic","free",3
"STU02389","Lestari Rahmawati","lestari.rahmawati@hotmail.com",30,"Jakarta","2025-01-25","Google","free",3
"STU02837","Adi Setyowati","adi.setyowati@gmail.com",43,"Jakarta","2023-04-27","Instagram","free",0
"STU02868","Olivia Kusuma","olivia.kusuma@yahoo.com",19,"Bandung","2022-03-29","Instagram","free",3
"STU01182","Rizky Nugroho","rizky.nugroho@gmail.com",25,"Jakarta","2022-05-16","YouTube","free",1
"STU02008","Umi Setiawan","umi.setiawan868@yahoo3911@gmail.com",20,"Surabaya","2022-03-13","YouTube","free",1
"STU00935","Ratna Permadi","ratna.permadi823@hotmail.com",31,"Yogyakarta","2023-12-02","YouTube","free",4
"STU01842","Rizky Wijaya","rizky.wijaya469@gmail.com",25,"Jakarta","2023-12-11","YouTube","free",2
"STU01921","Fitri Anggara","fitri.anggara@gmail2038@gmail.com",34,"Semarang","2024-08-24","Referral","basic",6
"STU00716","Maya Wibowo","maya.wibowo154@outlook.com",37,"Yogyakarta","2022-09-02","YouTube","free",3
"STU00050","Yuni Saputra","yuni.saputra514@gmail.com",43,"Jakarta","2023-07-21","Instagram","free",4
"STU01664","Ratna Anggara","ratna.anggara@gmail.com",42,"Tangerang","2023-05-10","Instagram","free",3
"STU01398","Ayu Susanto","ayu.susanto@yahoo.com",21,"Bandung","2023-03-20","Organic","free",6
"STU01030","Naufal Anggraini","naufal.anggraini@yahoo.com",40,"Medan","2022-01-02","Instagram","basic",0
"STU00666","Wahyu Hidayat","wahyu.hidayat149@hotmail.com",31,"Surabaya","2023-07-17","Instagram","basic",6
"STU00693","Adi Iskandar","adi.iskandar@gmail.com",28,"Jakarta","2023-05-27","YouTube","free",1
"STU02793","Surya Saputra","surya.saputra@yahoo.com",36,"Yogyakarta","2023-12-23","YouTube","pro",7
"STU01537","Citra Iskandar","citra.iskandar322@gmail.com",21,"Jakarta","2022-09-12","YouTube","free",0
"STU01054","Wahyu Wijaya","wahyu.wijaya151@outlook.com",22,"Jakarta","2024-03-11","Instagram","basic",5
"STU00314","Gilang Hapsari","gilang.hapsari841@gmail.com",22,"Medan","2022-08-04","Instagram","free",6
"STU02694","Reza Kurniawan","reza.kurniawan@outlook.com",40,"Makassar","2024-01-23","Instagram","free",2
"STU02573","Rahmat Hidayat","rahmat.hidayat230@gmail.com",21,"Surabaya","2024-03-17","YouTube","free",3
"STU00503","Umi Lestari","umi.lestari@gmail.com",25,"Semarang","2025-01-16","Instagram","basic",2
"STU02930","Fitri Ramadhan","fitri.ramadhan@gmail.com",21,"Bekasi","2024-11-20","YouTube","free",0
"STU00812","Vina Hidayat","vina.hidayat@hotmail.com",22,"Jakarta","2022-05-25","YouTube","free",0
"STU02279","Rahmat Kusuma","rahmat.kusuma386@outlook3733@gmail.com",39,"Yogyakarta","2022-08-22","YouTube","basic",3
"STU01621","Iqbal Setiawan","iqbal.setiawan140@outlook.com",45,"Yogyakarta","2024-08-20","Instagram","free",1
"STU00646","Nadia Susanto","nadia.susanto@yahoo.com",30,"Jakarta","2023-11-01","Instagram","basic",6
"STU02962","Putri Kusuma","putri.kusuma@yahoo.com",28,"Surabaya","2024-07-01","Instagram","free",0
"STU01882","Umi Setiawan","umi.setiawan908@yahoo.com",35,"Jakarta","2022-01-04","Instagram","free",3
"STU02463","Reno Mahendra","reno.mahendra659@outlook.com",41,"Bandung","2025-01-28","YouTube","free",0
"STU00006","Winda Mahendra","winda.mahendra697@hotmail.com",33,"Palembang","2024-01-11","Instagram","free",10
"STU02731","Maya Ramadhan","maya.ramadhan@yahoo.com",36,"Denpasar","2024-11-08","TikTok","free",4
"STU02244","Kirana Iskandar","kirana.iskandar705@hotmail.com",23,"Bandung","2023-02-10","Instagram","free",5
"STU02200","Citra Damayanti","citra.damayanti63@yahoo.com",23,"Jakarta","2022-08-05","Google","free",2
"STU02122","Dewi Setyowati","dewi.setyowati@yahoo4721@gmail.com",45,"Jakarta","2023-03-10","YouTube","free",4
"STU01864","Ayu Putra","ayu.putra110@yahoo.com",38,"Denpasar","2025-01-07","Instagram","free",5
"STU01640","Zahra Hakim","zahra.hakim@outlook.com",23,"Surabaya","2023-10-14","Instagram","free",10
"STU01547","Citra Mahendra","citra.mahendra@hotmail.com",42,"Surabaya","2024-06-26","Organic","free",0
"STU01955","Sinta Permadi","sinta.permadi@hotmail.com",36,"Jakarta","2022-05-14","Organic","pro",3
"STU02921","Hana Rahmawati","hana.rahmawati@yahoo.com",28,"Bandung","2022-07-10","Referral","free",0
"STU02940","Luthfi Hapsari","luthfi.hapsari288@yahoo.com",27,"Palembang","2022-01-05","YouTube","basic",6
"STU01109","Eko Nugroho","eko.nugroho481@yahoo.com",45,"Palembang","2022-09-28","YouTube","pro",0
"STU01823","Naufal Hakim","naufal.hakim@outlook.com",31,"Surabaya","2024-03-11","Instagram","pro",3
"STU02827","Vina Lestari","vina.lestari188@outlook.com",21,"Palembang","2022-04-15","Google","basic",3
"STU01336","Nita Permadi","nita.permadi@hotmail.com",20,"Surabaya","2022-04-23","Instagram","free",3
"STU02292","Citra Maulana","citra.maulana@hotmail.com",18,"Bandung","2022-06-16","Instagram","free",3
"STU01652","Winda Wijaya","winda.wijaya881@hotmail.com",42,"Jakarta","2022-04-14","Instagram","basic",7
"STU02798","Krisna Nugroho","krisna.nugroho749@yahoo5668@gmail.com",38,"Semarang","2022-01-28","YouTube","free",1
"STU02269","Dito Iskandar","dito.iskandar@yahoo.com",33,"Denpasar","2022-09-03","Google","free",6
"STU01947","Intan Hakim","intan.hakim200@gmail.com",34,"Surabaya","2023-03-22","Instagram","free",3
"STU02546","Andi Setiawan","andi.setiawan@hotmail.com",45,"Medan","2023-11-18","Referral","free",0
"STU01636","Dewi Nugroho","dewi.nugroho575@hotmail.com",25,"Jakarta","2023-01-11","Google","free",2
"STU00667","Gita Anggraini","gita.anggraini@hotmail.com",19,"Jakarta","2022-06-06","Google","pro",4
"STU01239","Satria Iskandar","satria.iskandar438@outlook.com",29,"Palembang","2024-07-15","Instagram","free",0
"STU02871","Winda Hapsari","winda.hapsari670@outlook.com",21,"Denpasar","2023-01-05","Google","free",11
"STU02800","Surya Pertiwi","surya.pertiwi@outlook2545@gmail.com",23,"Semarang","2022-11-28","Google","pro",6
"STU00566","Kirana Putra","kirana.putra@hotmail.com",45,"Makassar","2023-04-15","TikTok","basic",2
"STU01206","Sari Cahyani","sari.cahyani@yahoo.com",41,"Denpasar","2024-11-09","Instagram","free",6
"STU01295","Ayu Anggara","ayu.anggara@gmail274@gmail.com",23,"Palembang","2023-03-04","Referral","pro",7
"STU01738","Galih Setyowati","galih.setyowati@outlook.com",41,"Medan","2022-12-27","Instagram","free",2
"STU01154","Olivia Anggraini","olivia.anggraini@hotmail.com",43,"Bandung","2023-04-27","Referral","free",0
"STU02484","Andi Anggara","andi.anggara@yahoo.com",33,"Surabaya","2022-10-28","Instagram","free",0
"STU02053","Bayu Lestari","bayu.lestari@hotmail.com",41,"Bandung","2024-12-25","Instagram","free",2
"STU01258","Indah Lestari","indah.lestari868@outlook.com",18,"Medan","2022-03-09","Google","free",1
"STU02469","Fitri Yusuf","fitri.yusuf@gmail.com",31,"Surabaya","2022-11-09","Instagram","free",0
"STU00402","Dito Wijaya","dito.wijaya@gmail.com",25,"Jakarta","2022-08-24","Referral","pro",3
"STU01740","Dewi Hidayat","dewi.hidayat@yahoo.com",45,"Semarang","2022-02-21","TikTok","free",4
"STU00202","Bagus Saputra","bagus.saputra246@gmail.com",23,"Makassar","2022-04-28","Referral","free",1
"STU02408","Sinta Kusuma","sinta.kusuma822@hotmail.com",18,"Surabaya","2023-03-01","Google","basic",2
"STU00749","Panji Nugroho","panji.nugroho@yahoo.com",35,"Jakarta","2022-06-30","TikTok","free",6
"STU02529","Siti Setiawan","siti.setiawan@outlook.com",28,"Jakarta","2022-05-11","Google","free",1
"STU01243","Adi Nugroho","adi.nugroho744@yahoo.com",29,"Surabaya","2023-09-06","Google","free",3
"STU00760","Reza Rahmawati","reza.rahmawati@hotmail.com",34,"Jakarta","2024-06-04","TikTok","free",0
"STU02906","Dimas Permadi","dimas.permadi708@yahoo.com",31,"Makassar","2022-09-04","Referral","free",0
"STU01482","Galih Hakim","galih.hakim@outlook.com",32,"Semarang","2024-05-22","Referral","free",1
"STU01701","Bayu Pertiwi","bayu.pertiwi24@yahoo.com",37,"Bandung","2022-07-03","YouTube","free",5
"STU01792","Gita Saputra","gita.saputra651@outlook.com",22,"Makassar","2024-02-18","Instagram","free",2
"STU02766","Putri Iskandar","putri.iskandar785@outlook.com",26,"Bekasi","2023-03-03","Instagram","pro",3
"STU00476","Zahra Pertiwi","zahra.pertiwi@gmail.com",25,"Semarang","2024-10-07","Instagram","basic",11
"STU01450","Andi Hidayat","andi.hidayat@gmail.com",21,"Palembang","2022-08-19","TikTok","pro",0
"STU00407","Reza Maulana","reza.maulana@hotmail.com",41,"Jakarta","2023-09-18","YouTube","free",5
"STU00149","Putri Hapsari","putri.hapsari@yahoo.com",36,"Jakarta","2022-05-13","Google","basic",0
"STU02394","Luthfi Lestari","luthfi.lestari580@hotmail.com",27,"Bandung","2023-06-15","YouTube","basic",3
"STU00983","Indah Susanto","indah.susanto@gmail.com",38,"Denpasar","2023-08-03","YouTube","free",5
"STU00030","Eko Setiawan","eko.setiawan@gmail.com",29,"Jakarta","2022-01-21","YouTube","free",6
"STU02525","Panji Hapsari","panji.hapsari54@gmail.com",35,"Surabaya","2024-02-25","Instagram","free",8
"STU02456","Rizky Ramadhan","rizky.ramadhan@yahoo.com",28,"Yogyakarta","2024-12-02","Instagram","free",6
"STU02630","Adi Pertiwi","adi.pertiwi@yahoo.com",18,"Jakarta","2022-09-19","Google","free",1
"STU01460","Ferdi Lestari","ferdi.lestari@outlook.com",22,"Jakarta","2024-10-13","Instagram","basic",1
"STU00717","Galih Kusuma","galih.kusuma@yahoo3418@gmail.com",29,"Malang","2022-03-09","Referral","free",2
"STU02717","Wahyu Pramudita","wahyu.pramudita975@gmail.com",27,"Bandung","2023-06-07","Google","pro",3
"STU02018","Eka Maulana","eka.maulana@hotmail.com",24,"Surabaya","2022-04-13","Organic","basic",1
"STU00997","Intan Permadi","intan.permadi207@outlook.com",28,"Jakarta","2023-02-05","Instagram","free",5
"STU02068","Rahmat Wibowo","rahmat.wibowo953@yahoo.com",29,"Jakarta","2024-07-19","Organic","free",5
"STU01554","Yuni Kusuma","yuni.kusuma@hotmail.com",27,"Jakarta","2024-04-01","Referral","pro",2
"STU02886","Sari Pramudita","sari.pramudita@outlook.com",33,"Medan","2022-02-25","Google","free",7
"STU02701","Luthfi Putra","luthfi.putra506@hotmail.com",35,"Bandung","2022-01-13","Instagram","basic",3
"STU02349","Krisna Pertiwi","krisna.pertiwi@hotmail.com",19,"Bandung","2024-11-01","Instagram","free",4
"STU00462","Andi Damayanti","andi.damayanti@hotmail.com",42,"Jakarta","2024-02-06","YouTube","basic",6
"STU01198","Satria Maulana","satria.maulana@gmail.com",29,"Jakarta","2022-08-21","Referral","free",3
"STU02954","Rizky Damayanti","rizky.damayanti451@gmail.com",20,"Yogyakarta","2022-02-23","Referral","free",1
"STU00608","Satria Cahyani","satria.cahyani@yahoo.com",32,"Semarang","2024-01-10","YouTube","free",3
"STU00968","Umi Kurniawan","umi.kurniawan@outlook.com",40,"Bandung","2023-02-03","YouTube","pro",9
"STU00132","Surya Santoso","surya.santoso@gmail.com",18,"Jakarta","2022-05-06","Google","free",0
"STU00199","Dito Yusuf","dito.yusuf@hotmail.com",23,"Surabaya","2024-06-17","Google","pro",0
"STU02616","Yoga Damayanti","yoga.damayanti@outlook.com",21,"Jakarta","2023-04-01","Instagram","basic",0
"STU00574","Dimas Kurniawan","dimas.kurniawan@hotmail.com",30,"Bandung","2023-08-20","Organic","free",1
"STU00220","Putra Lestari","putra.lestari@gmail.com",31,"Jakarta","2024-09-28","YouTube","free",1
"STU02090","Indah Ramadhan","indah.ramadhan805@yahoo.com",18,"Bandung","2024-03-29","Google","pro",1
"STU02744","Iqbal Wulandari","iqbal.wulandari75@gmail.com",44,"Surabaya","2022-10-17","Instagram","free",5
"STU02943","Putra Ramadhan","putra.ramadhan981@hotmail.com",31,"Makassar","2023-06-06","Google","basic",3
"STU02288","Winda Hidayat","winda.hidayat484@hotmail.com",30,"Denpasar","2022-09-29","Instagram","pro",11
"STU02318","Mega Setiawan","mega.setiawan@yahoo.com",27,"Jakarta","2022-01-24","Referral","pro",3
"STU01732","Fajar Hapsari","fajar.hapsari@hotmail.com",44,"Yogyakarta","2022-08-27","TikTok","free",5
"STU00155","Hadi Lestari","hadi.lestari@yahoo.com",21,"Jakarta","2024-03-20","YouTube","free",2
"STU00688","Tia Ramadhan","tia.ramadhan@outlook.com",34,"Denpasar","2025-01-01","Instagram","basic",6
"STU00475","Aditya Mahendra","aditya.mahendra343@gmail.com",22,"Jakarta","2023-02-23","Google","free",4
"STU00836","Panji Cahyani","panji.cahyani@outlook.com",37,"Jakarta","2022-06-18","YouTube","basic",1
"STU00159","Putra Wibowo","putra.wibowo@hotmail.com",19,"Tangerang","2023-11-14","YouTube","free",11
"STU02915","Eko Hapsari","eko.hapsari713@hotmail.com",25,"Bekasi","2023-06-19","Organic","basic",8
"STU02877","Maya Iskandar","maya.iskandar110@yahoo.com",41,"Bandung","2024-04-02","Instagram","pro",0
"STU02091","Umi Wibowo","umi.wibowo@gmail.com",42,"Jakarta","2022-09-11","Instagram","free",3
"STU02634","Sinta Pramudita","sinta.pramudita@gmail.com",23,"Bandung","2022-06-24","Organic","free",3
"STU02256","Siti Wibowo","siti.wibowo@outlook.com",31,"Jakarta","2024-05-27","Google","free",0
"STU00773","Umi Mahendra","umi.mahendra@gmail.com",29,"Jakarta","2024-01-09","Organic","basic",0
"STU00015","Putri Hidayat","putri.hidayat@gmail.com",27,"Bekasi","2024-02-21","Instagram","basic",11
"STU01018","Ferdi Damayanti","ferdi.damayanti@outlook.com",29,"Surabaya","2022-07-01","YouTube","free",3
"STU02309","Ratna Kusuma","ratna.kusuma@yahoo.com",29,"Medan","2024-06-07","Instagram","free",3
"STU01233","Kirana Cahyani","kirana.cahyani698@hotmail.com",40,"Surabaya","2022-10-05","Organic","basic",2
"STU01529","Tia Wibowo","tia.wibowo100@hotmail5308@gmail.com",38,"Malang","2022-03-06","Referral","free",3
"STU00830","Nita Kusuma","nita.kusuma@hotmail.com",24,"Yogyakarta","2023-06-27","YouTube","free",2
"STU02748","Ratna Yusuf","ratna.yusuf@hotmail6763@gmail.com",27,"Bandung","2022-03-25","YouTube","free",3
"STU02110","Ayu Mahendra","ayu.mahendra29@gmail.com",42,"Yogyakarta","2024-08-20","Google","basic",3
"STU00343","Reno Wulandari","reno.wulandari@gmail.com",18,"Jakarta","2022-11-11","Google","free",2
"STU00236","Maya Rahmawati","maya.rahmawati599@hotmail.com",20,"Jakarta","2022-08-06","Instagram","free",5
"STU00158","Mega Maulana","mega.maulana@gmail.com",26,"Bandung","2024-09-06","YouTube","basic",5
"STU01703","Winda Yusuf","winda.yusuf968@yahoo.com",36,"Jakarta","2024-12-23","TikTok","free",3
"STU00008","Siti Permadi","siti.permadi84@gmail.com",41,"Surabaya","2023-04-08","Referral","basic",2
"STU00526","Permata Iskandar","permata.iskandar@outlook.com",43,"Bandung","2023-08-11","YouTube","free",3
"STU02388","Citra Permadi","citra.permadi@yahoo.com",24,"Jakarta","2023-10-23","Referral","basic",3
"STU01351","Kirana Iskandar","kirana.iskandar@hotmail.com",21,"Bogor","2023-01-25","TikTok","basic",3
"STU00401","Adi Kurniawan","adi.kurniawan@hotmail.com",34,"Surabaya","2024-06-06","Instagram","free",9
"STU00431","Permata Pramudita","permata.pramudita593@yahoo.com",39,"Jakarta","2023-02-13","YouTube","free",3
"STU00197","Hana Iskandar","hana.iskandar10@yahoo.com",39,"Palembang","2022-09-16","TikTok","basic",5
"STU01562","Maya Mahendra","maya.mahendra603@hotmail.com",45,"Surabaya","2024-12-26","YouTube","free",3
"STU01085","Reza Saputra","reza.saputra@outlook.com",43,"Jakarta","2024-09-22","Instagram","free",3
"STU00829","Aditya Setyowati","aditya.setyowati937@gmail.com",38,"Semarang","2024-04-11","YouTube","free",9
"STU01271","Bagus Kusuma","bagus.kusuma213@yahoo.com",31,"Palembang","2025-02-17","Google","free",1
"STU02123","Adi Hakim","adi.hakim876@outlook8347@gmail.com",20,"Jakarta","2023-03-28","Organic","free",2
"STU01913","Hendra Hakim","hendra.hakim@outlook.com",34,"Jakarta","2022-08-02","TikTok","free",2
"STU00322","Lestari Rahmawati","lestari.rahmawati146@gmail.com",26,"Medan","2024-04-09","Referral","basic",2
"STU01831","Sari Wijaya","sari.wijaya926@yahoo.com",25,"Jakarta","2025-02-12","Instagram","pro",0
"STU02669","Gilang Santoso","gilang.santoso395@hotmail.com",32,"Bandung","2024-12-30","Instagram","free",1
"STU01417","Nadia Cahyani","nadia.cahyani376@yahoo.com",29,"Yogyakarta","2023-08-13","Referral","free",2
"STU01335","Naufal Setiawan","naufal.setiawan@yahoo.com",18,"Surabaya","2022-01-14","Referral","free",1
"STU01753","Bayu Setiawan","bayu.setiawan710@hotmail.com",25,"Jakarta","2023-01-25","YouTube","free",3
"STU00405","Fajar Cahyani","fajar.cahyani@outlook.com",33,"Bekasi","2023-02-26","TikTok","free",4
"STU00090","Gilang Setiawan","gilang.setiawan525@gmail.com",44,"Jakarta","2023-11-01","Instagram","free",5
"STU00087","Dewi Yusuf","dewi.yusuf791@hotmail.com",42,"Medan","2023-02-18","Google","free",11
"STU02362","Vina Hakim","vina.hakim398@hotmail893@gmail.com",28,"Tangerang","2022-04-17","YouTube","free",4
"STU01169","Kirana Pertiwi","kirana.pertiwi@outlook.com",28,"Jakarta","2022-02-06","Instagram","free",0
"STU01366","Tia Pratama","tia.pratama148@gmail.com",39,"Tangerang","2022-12-17","Instagram","free",6
"STU01953","Umi Hapsari","umi.hapsari@gmail.com",21,"Bandung","2024-11-14","Google","basic",10
"STU02100","Dewi Wijaya","dewi.wijaya64@yahoo.com",21,"Jakarta","2024-07-03","Instagram","free",3
"STU02950","Budi Wijaya","budi.wijaya@outlook.com",26,"Bandung","2022-10-07","Google","basic",3
"STU00635","Indah Anggara","indah.anggara@gmail.com",32,"Yogyakarta","2024-07-23","Google","basic",10
"STU02538","Ferdi Maulana","ferdi.maulana@gmail.com",19,"Palembang","2022-07-24","Instagram","pro",5
"STU01082","Nita Cahyani","nita.cahyani441@yahoo.com",25,"Jakarta","2023-03-28","Instagram","free",3
"STU01187","Umi Pertiwi","umi.pertiwi195@hotmail9706@gmail.com",41,"Semarang","2022-05-18","TikTok","pro",11
"STU00784","Fitri Damayanti","fitri.damayanti@hotmail.com",22,"Palembang","2022-01-02","Instagram","basic",0
"STU02792","Satria Anggraini","satria.anggraini452@gmail6449@gmail.com",28,"Jakarta","2024-09-15","Instagram","free",3
"STU01775","Surya Susanto","surya.susanto@hotmail.com",29,"Palembang","2023-01-14","Instagram","free",1
"STU00309","Citra Setiawan","citra.setiawan@yahoo.com",20,"Bandung","2023-07-28","TikTok","free",8
"STU01824","Indah Anggara","indah.anggara@yahoo.com",24,"Jakarta","2023-02-16","YouTube","free",8
"STU01072","Sari Lestari","sari.lestari474@yahoo2020@gmail.com",41,"Jakarta","2023-08-20","Instagram","free",6
"STU02781","Dito Mahendra","dito.mahendra@hotmail.com",31,"Yogyakarta","2023-12-31","Instagram","basic",3
"STU02761","Reno Putra","reno.putra973@hotmail.com",40,"Medan","2022-10-12","YouTube","basic",5
"STU02586","Krisna Pertiwi","krisna.pertiwi232@yahoo.com",26,"Jakarta","2023-07-11","Instagram","free",2
"STU00376","Ayu Hidayat","ayu.hidayat@outlook.com",36,"Medan","2024-02-24","YouTube","free",11
"STU02471","Iqbal Yusuf","iqbal.yusuf@gmail.com",22,"Yogyakarta","2022-12-17","YouTube","free",11
"STU02577","Eko Cahyani","eko.cahyani213@gmail.com",22,"Bekasi","2022-09-08","Google","free",2
"STU01804","Dimas Damayanti","dimas.damayanti@gmail.com",33,"Denpasar","2023-11-01","YouTube","free",0
"STU01305","Nadia Maulana","nadia.maulana@gmail.com",44,"Jakarta","2024-01-22","YouTube","free",1
"STU02183","Reno Setiawan","reno.setiawan198@yahoo.com",24,"Jakarta","2022-12-21","Google","free",9
"STU00282","Nadia Wulandari","nadia.wulandari934@outlook.com",29,"Tangerang","2022-10-13","Google","basic",3
"STU02094","Yoga Santoso","yoga.santoso601@outlook.com",34,"Semarang","2024-10-26","Instagram","free",0
"STU01175","Siti Maulana","siti.maulana@outlook.com",42,"Surabaya","2022-04-15","Referral","basic",3
"STU00491","Citra Anggraini","citra.anggraini@gmail.com",19,"Makassar","2023-12-11","YouTube","free",1
"STU02093","Hadi Nugroho","hadi.nugroho@gmail.com",45,"Palembang","2024-05-28","YouTube","free",4
"STU00437","Dewi Pertiwi","dewi.pertiwi@yahoo.com",30,"Bogor","2022-01-13","TikTok","free",3
"STU01968","Hadi Permadi","hadi.permadi@gmail.com",20,"Medan","2023-01-09","TikTok","basic",2
"STU01229","Ratna Hapsari","ratna.hapsari205@hotmail.com",39,"Yogyakarta","2024-01-01","Instagram","free",2
"STU01871","Luthfi Permadi","luthfi.permadi951@hotmail.com",32,"Bandung","2024-12-10","Referral","free",6
"STU01665","Intan Kurniawan","intan.kurniawan@yahoo.com",40,"Jakarta","2023-03-23","YouTube","free",3
"STU01326","Aditya Lestari","aditya.lestari@outlook.com",38,"Jakarta","2023-05-15","YouTube","pro",2
"STU01895","Budi Rahmawati","budi.rahmawati@outlook4152@gmail.com",42,"Medan","2022-06-03","Google","free",4
"STU00592","Siti Susanto","siti.susanto@yahoo.com",33,"Bogor","2022-05-18","Instagram","free",3
"STU02375","Eka Setiawan","eka.setiawan@outlook.com",22,"Semarang","2022-09-10","Referral","free",2
"STU01129","Rizky Yusuf","rizky.yusuf404@yahoo.com",19,"Surabaya","2022-04-01","Instagram","pro",0
"STU00330","Andi Putra","andi.putra@yahoo.com",31,"Bandung","2025-01-23","Instagram","basic",1
"STU01745","Olivia Maulana","olivia.maulana@gmail.com",19,"Jakarta","2022-02-21","Instagram","free",0
"STU00788","Ferdi Permadi","ferdi.permadi630@gmail.com",25,"Jakarta","2023-04-09","Instagram","pro",1
"STU02424","Budi Anggraini","budi.anggraini702@hotmail.com",31,"Surabaya","2022-12-01","YouTube","pro",6
"STU01577","Dewi Setyowati","dewi.setyowati@outlook.com",40,"Medan","2022-05-16","Instagram","free",6
"STU00487","Aditya Ramadhan","aditya.ramadhan@yahoo.com",27,"Surabaya","2022-09-23","Google","free",5
"STU01130","Siti Nugroho","siti.nugroho583@yahoo.com",31,"Surabaya","2022-11-07","Organic","free",2
"STU02840","Reza Pertiwi","reza.pertiwi801@yahoo.com",44,"Palembang","2024-12-23","Referral","free",11
"STU01341","Olivia Nugroho","olivia.nugroho378@yahoo.com",38,"Jakarta","2023-07-28","TikTok","basic",0
"STU01337","Naufal Pertiwi","naufal.pertiwi207@gmail.com",20,"Jakarta","2023-01-31","TikTok","free",3
"STU02035","Arif Lestari","arif.lestari657@outlook.com",28,"Makassar","2022-07-13","Instagram","free",7
"STU02666","Nadia Setiawan","nadia.setiawan@hotmail.com",40,"Jakarta","2023-07-30","Instagram","basic",3
"STU00216","Putra Permadi","putra.permadi374@hotmail.com",23,"Yogyakarta","2025-01-03","YouTube","free",1
"STU01173","Eka Kurniawan","eka.kurniawan235@gmail.com",25,"Surabaya","2024-07-09","Google","basic",1
"STU02506","Umi Permadi","umi.permadi478@yahoo.com",27,"Semarang","2023-08-21","YouTube","free",3
"STU01313","Fajar Wibowo","fajar.wibowo@gmail.com",43,"Yogyakarta","2024-12-16","YouTube","free",3
"STU00792","Reza Permadi","reza.permadi586@hotmail.com",33,"Yogyakarta","2023-12-06","Google","basic",3
"STU01755","Bayu Santoso","bayu.santoso@gmail.com",34,"Jakarta","2023-12-18","TikTok","free",0
"STU02335","Satria Anggraini","satria.anggraini@outlook.com",20,"Surabaya","2024-09-16","TikTok","free",0
"STU00109","Rahmat Setiawan","rahmat.setiawan@outlook.com",27,"Jakarta","2024-07-07","TikTok","basic",0
"STU01376","Eka Kusuma","eka.kusuma788@yahoo.com",18,"Yogyakarta","2024-07-14","YouTube","free",0
"STU02039","Surya Lestari","surya.lestari979@gmail.com",23,"Jakarta","2024-05-30","Instagram","free",2
"STU00250","Bagus Santoso","bagus.santoso@yahoo.com",35,"Jakarta","2022-08-26","Google","free",3
"STU00670","Reza Cahyani","reza.cahyani669@gmail.com",44,"Jakarta","2024-06-06","Google","free",0
"STU02236","Winda Anggraini","winda.anggraini258@outlook.com",23,"Jakarta","2022-04-03","Instagram","free",3
"STU02990","Gita Pratama","gita.pratama@gmail.com",20,"Jakarta","2022-05-03","Instagram","free",8
"STU01402","Iqbal Permadi","iqbal.permadi@gmail.com",40,"Surabaya","2024-12-08","Google","free",3
"STU00024","Fajar Maulana","fajar.maulana@gmail.com",31,"Jakarta","2023-12-06","Instagram","basic",10
"STU02698","Krisna Anggara","krisna.anggara@hotmail.com",23,"Bandung","2023-04-19","Google","free",3
"STU01124","Gilang Anggraini","gilang.anggraini@gmail.com",18,"Malang","2024-11-09","Instagram","free",2
"STU02926","Luthfi Hapsari","luthfi.hapsari690@yahoo.com",23,"Bandung","2023-04-26","Organic","free",2
"STU01538","Gilang Yusuf","gilang.yusuf@gmail.com",45,"Bandung","2024-09-05","YouTube","free",11
"STU02274","Mega Lestari","mega.lestari@gmail.com",21,"Medan","2023-08-02","Instagram","basic",3
"STU01550","Panji Hapsari","panji.hapsari819@hotmail.com",30,"Bekasi","2022-09-25","TikTok","basic",1
"STU02240","Iqbal Wibowo","iqbal.wibowo274@gmail.com",42,"Yogyakarta","2024-10-13","Instagram","free",2
"STU00296","Siti Santoso","siti.santoso555@gmail.com",20,"Jakarta","2023-03-10","Google","free",6
"STU01807","Fajar Pratama","fajar.pratama285@hotmail.com",45,"Medan","2023-09-16","TikTok","basic",7
"STU02932","Ayu Wibowo","ayu.wibowo@yahoo.com",37,"Jakarta","2025-01-09","Instagram","free",3
"STU00645","Permata Permadi","permata.permadi@yahoo.com",42,"Jakarta","2022-07-16","Instagram","free",5
"STU02282","Satria Yusuf","satria.yusuf@hotmail.com",38,"Yogyakarta","2023-09-04","TikTok","basic",3
"STU00819","Surya Mahendra","surya.mahendra@gmail.com",42,"Bandung","2024-09-26","Instagram","free",5
"STU00265","Tia Iskandar","tia.iskandar@yahoo.com",27,"Jakarta","2023-11-11","YouTube","free",6
"STU01945","Ratna Hapsari","ratna.hapsari@hotmail.com",24,"Jakarta","2023-06-17","Google","free",1
"STU01340","Iqbal Mahendra","iqbal.mahendra@yahoo.com",45,"Medan","2024-06-26","YouTube","free",0
"STU02472","Putra Lestari","putra.lestari833@hotmail5283@gmail.com",44,"Jakarta","2023-07-13","TikTok","free",11
"STU01969","Bagus Pratama","bagus.pratama515@outlook.com",42,"Jakarta","2024-06-08","TikTok","free",6
"STU02033","Arif Wulandari","arif.wulandari@gmail.com",22,"Jakarta","2022-02-04","TikTok","free",1
"STU02224","Ferdi Santoso","ferdi.santoso@gmail.com",41,"Makassar","2022-06-22","Google","free",7
"STU01407","Winda Setiawan","winda.setiawan724@outlook.com",34,"Makassar","2023-11-22","Google","pro",3
"STU01155","Permata Susanto","permata.susanto473@yahoo.com",40,"Malang","2022-11-14","YouTube","basic",2
"STU02038","Mawar Hakim","mawar.hakim392@gmail.com",22,"Jakarta","2022-08-05","Google","free",3
"STU02072","Permata Damayanti","permata.damayanti@gmail.com",19,"Jakarta","2022-05-05","Instagram","free",1
"STU00752","Yuni Pertiwi","yuni.pertiwi@yahoo.com",23,"Bandung","2023-10-20","TikTok","basic",5
"STU00310","Diah Saputra","diah.saputra728@hotmail.com",26,"Yogyakarta","2024-08-27","Referral","basic",11
"STU02852","Gilang Maulana","gilang.maulana@yahoo.com",23,"Surabaya","2022-07-20","Google","pro",6
"STU01623","Andi Saputra","andi.saputra@yahoo.com",23,"Jakarta","2023-06-21","Instagram","basic",6
"STU00362","Fajar Saputra","fajar.saputra@yahoo.com",26,"Jakarta","2023-07-15","Instagram","basic",0
"STU01005","Hana Hakim","hana.hakim@yahoo.com",20,"Jakarta","2022-08-08","Instagram","free",6
"STU01314","Tia Putra","tia.putra244@hotmail.com",45,"Jakarta","2025-01-31","Instagram","free",0
"STU02102","Zahra Wulandari","zahra.wulandari@gmail.com",25,"Jakarta","2022-08-08","TikTok","free",3
"STU01776","Putra Hapsari","putra.hapsari141@gmail.com",26,"Malang","2022-12-12","YouTube","free",3
"STU00335","Indah Hakim","indah.hakim@hotmail.com",30,"Medan","2023-08-07","Google","free",0
"STU01877","Rizky Kusuma","rizky.kusuma@hotmail.com",22,"Jakarta","2024-04-12","TikTok","pro",1
"STU00722","Reno Pramudita","reno.pramudita311@gmail.com",24,"Jakarta","2023-04-12","YouTube","basic",2
"STU00675","Budi Hapsari","budi.hapsari@yahoo.com",26,"Jakarta","2023-07-01","TikTok","basic",9
"STU00825","Winda Pramudita","winda.pramudita839@outlook.com",29,"Jakarta","2023-05-25","Instagram","free",1
"STU02610","Mawar Hakim","mawar.hakim@outlook.com",34,"Yogyakarta","2024-12-12","Google","free",4
"STU02478","Hadi Kurniawan","hadi.kurniawan@hotmail.com",31,"Bandung","2023-02-25","TikTok","pro",1
"STU00278","Hana Anggraini","hana.anggraini@outlook.com",22,"Yogyakarta","2023-05-19","Instagram","free",0
"STU01936","Satria Pertiwi","satria.pertiwi@hotmail.com",33,"Makassar","2022-11-18","YouTube","free",3
"STU02203","Maya Lestari","maya.lestari@hotmail.com",33,"Yogyakarta","2024-08-02","Instagram","free",8
"STU01903","Yuni Nugroho","yuni.nugroho@hotmail2438@gmail.com",42,"Jakarta","2024-04-23","Instagram","basic",5
"STU01519","Nadia Saputra","nadia.saputra@yahoo.com",35,"Bandung","2023-11-24","Organic","free",1
"STU01339","Adi Rahmawati","adi.rahmawati301@gmail.com",45,"Denpasar","2023-10-21","TikTok","basic",6
"STU01880","Gilang Anggraini","gilang.anggraini357@yahoo2742@gmail.com",35,"Bandung","2023-11-21","Instagram","free",6
"STU01518","Zahra Yusuf","zahra.yusuf@outlook.com",32,"Bekasi","2024-11-13","Instagram","free",11
"STU02369","Dewi Nugroho","dewi.nugroho@hotmail.com",29,"Makassar","2024-10-06","Google","free",3
"STU01760","Permata Hapsari","permata.hapsari@hotmail.com",40,"Bandung","2023-06-21","Referral","basic",9
"STU01245","Reza Ramadhan","reza.ramadhan180@hotmail.com",21,"Medan","2022-06-23","Instagram","free",3
"STU02780","Nadia Hidayat","nadia.hidayat@gmail.com",41,"Semarang","2023-09-24","Instagram","free",0
"STU01984","Kirana Susanto","kirana.susanto@hotmail.com",20,"Semarang","2024-01-22","Referral","free",2
"STU01978","Diah Hidayat","diah.hidayat437@gmail.com",36,"Makassar","2022-05-01","Organic","free",11
"STU02513","Ferdi Kusuma","ferdi.kusuma@outlook.com",18,"Jakarta","2022-09-21","Google","pro",3
"STU00795","Citra Pramudita","citra.pramudita350@hotmail.com",42,"Jakarta","2025-01-29","Instagram","free",1
"STU02719","Yuni Maulana","yuni.maulana704@yahoo.com",44,"Jakarta","2023-11-08","TikTok","free",3
"STU02232","Dito Hidayat","dito.hidayat889@yahoo.com",43,"Bandung","2024-04-20","Instagram","free",9
"STU00721","Andi Yusuf","andi.yusuf285@gmail.com",41,"Jakarta","2023-01-25","Organic","free",2
"STU00527","Citra Hidayat","citra.hidayat432@yahoo.com",36,"Yogyakarta","2024-10-09","Instagram","free",3
"STU02947","Krisna Damayanti","krisna.damayanti@outlook.com",37,"Jakarta","2023-07-12","Google","free",5
"STU01600","Ferdi Saputra","ferdi.saputra@yahoo.com",27,"Jakarta","2022-01-04","YouTube","free",0
"STU01283","Gilang Lestari","gilang.lestari557@yahoo.com",27,"Yogyakarta","2023-01-28","Instagram","free",4
"STU01003","Yoga Pratama","yoga.pratama186@outlook.com",24,"Bandung","2024-10-20","YouTube","basic",2
"STU00563","Krisna Rahmawati","krisna.rahmawati992@outlook.com",22,"Bandung","2025-01-10","Instagram","free",0
"STU01748","Adi Wibowo","adi.wibowo588@gmail.com",42,"Jakarta","2023-03-22","Instagram","basic",2
"STU00597","Rizky Iskandar","rizky.iskandar749@yahoo.com",26,"Bandung","2023-01-01","TikTok","basic",3
"STU02681","Fitri Santoso","fitri.santoso@gmail.com",20,"Jakarta","2023-08-09","Organic","free",3
"STU00691","Olivia Setiawan","olivia.setiawan@gmail.com",30,"Surabaya","2024-05-06","Google","free",3
"STU00400","Sinta Wulandari","sinta.wulandari@outlook.com",24,"Surabaya","2024-04-04","TikTok","free",3
"STU00906","Maya Nugroho","maya.nugroho749@yahoo.com",30,"Medan","2023-06-11","Instagram","basic",4
"STU00557","Maya Lestari","maya.lestari@yahoo.com",32,"Surabaya","2023-10-16","YouTube","free",5
"STU02695","Budi Wibowo","budi.wibowo@yahoo.com",28,"Jakarta","2022-01-12","Referral","free",2
"STU00288","Hana Mahendra","hana.mahendra@hotmail.com",43,"Jakarta","2022-01-28","YouTube","free",2
"STU00898","Panji Anggara","panji.anggara252@outlook.com",35,"Jakarta","2022-11-26","Instagram","free",3
"STU00685","Eko Wulandari","eko.wulandari@hotmail.com",37,"Malang","2022-09-10","Instagram","free",11
"STU01097","Eka Pratama","eka.pratama@hotmail.com",31,"Bandung","2022-07-03","YouTube","pro",1
"STU01638","Aditya Damayanti","aditya.damayanti@hotmail4572@gmail.com",35,"Jakarta","2024-06-10","YouTube","free",1
"STU01125","Bagus Maulana","bagus.maulana460@hotmail.com",28,"Bandung","2024-07-31","Referral","free",2
"STU00415","Diah Anggara","diah.anggara362@outlook.com",40,"Surabaya","2023-11-15","YouTube","free",0
"STU01835","Iqbal Setyowati","iqbal.setyowati@hotmail.com",44,"Medan","2023-06-15","TikTok","free",1
"STU00495","Vina Wijaya","vina.wijaya603@hotmail.com",27,"Yogyakarta","2022-06-23","Instagram","free",0
"STU02205","Bayu Saputra","bayu.saputra@yahoo.com",40,"Bandung","2023-06-05","YouTube","free",9
"STU00048","Fitri Anggara","fitri.anggara@hotmail.com",29,"Denpasar","2024-10-15","Instagram","basic",3
"STU02152","Lestari Pertiwi","lestari.pertiwi197@outlook.com",31,"Semarang","2024-07-11","TikTok","free",5
"STU01047","Ferdi Anggara","ferdi.anggara143@yahoo9320@gmail.com",18,"Bandung","2024-06-16","Instagram","free",0
"STU02429","Putri Permadi","putri.permadi@hotmail.com",40,"Yogyakarta","2022-06-07","YouTube","free",3
"STU02491","Nadia Rahmawati","nadia.rahmawati490@yahoo.com",34,"Denpasar","2023-07-15","Google","free",4
"STU00832","Aditya Pratama","aditya.pratama596@outlook.com",34,"Palembang","2025-02-21","YouTube","free",8
"STU00147","Reza Wulandari","reza.wulandari@hotmail.com",42,"Bandung","2023-07-29","YouTube","basic",10
"STU01416","Gita Pramudita","gita.pramudita@hotmail.com",41,"Palembang","2023-08-23","Google","basic",3
"STU02688","Yuni Putra","yuni.putra@yahoo.com",19,"Jakarta","2022-07-13","Referral","basic",3
"STU01650","Aditya Setyowati","aditya.setyowati@outlook.com",40,"Jakarta","2022-06-20","Organic","basic",1
"STU02439","Intan Anggara","intan.anggara806@hotmail.com",43,"Medan","2024-12-23","Google","basic",0
"STU00778","Diah Yusuf","diah.yusuf@yahoo.com",31,"Jakarta","2022-12-20","Referral","basic",0
"STU02783","Hadi Kusuma","hadi.kusuma@yahoo.com",39,"Yogyakarta","2024-12-23","Instagram","basic",2
"STU02248","Surya Pertiwi","surya.pertiwi547@gmail.com",26,"Medan","2024-05-25","Google","free",1
"STU01670","Kirana Kurniawan","kirana.kurniawan63@yahoo.com",39,"Jakarta","2022-11-03","Instagram","free",3
"STU02449","Naufal Yusuf","naufal.yusuf@hotmail.com",45,"Jakarta","2024-09-24","Instagram","basic",5
"STU00320","Mawar Wijaya","mawar.wijaya@hotmail.com",19,"Surabaya","2024-01-11","YouTube","free",2
"STU02790","Citra Yusuf","citra.yusuf@hotmail.com",27,"Jakarta","2022-02-21","Google","basic",11
"STU02031","Bayu Setyowati","bayu.setyowati309@outlook.com",45,"Jakarta","2022-09-27","Referral","free",6
"STU02397","Hana Wulandari","hana.wulandari956@yahoo.com",25,"Yogyakarta","2024-12-31","YouTube","free",0
"STU02997","Ferdi Yusuf","ferdi.yusuf382@yahoo.com",29,"Semarang","2024-04-07","Instagram","pro",5
"STU00568","Budi Wijaya","budi.wijaya@gmail.com",34,"Bandung","2024-03-25","Instagram","basic",9
"STU00037","Hadi Hapsari","hadi.hapsari@hotmail.com",40,"Surabaya","2022-05-14","YouTube","free",11
"STU01281","Naufal Permadi","naufal.permadi647@hotmail.com",23,"Yogyakarta","2023-12-28","Instagram","free",11
"STU00348","Hadi Hidayat","hadi.hidayat@hotmail.com",44,"Jakarta","2023-06-17","Instagram","free",5
"STU00304","Luthfi Lestari","luthfi.lestari@yahoo.com",34,"Makassar","2024-11-23","Referral","free",5
"STU01235","Ayu Kurniawan","ayu.kurniawan@hotmail.com",24,"Jakarta","2022-07-11","Instagram","free",1
"STU01490","Naufal Anggraini","naufal.anggraini@outlook.com",36,"Denpasar","2022-01-07","Instagram","free",0
"STU01468","Citra Kurniawan","citra.kurniawan@yahoo.com",44,"Surabaya","2022-01-16","YouTube","free",3
"STU01240","Budi Cahyani","budi.cahyani643@gmail.com",39,"Jakarta","2023-07-18","Instagram","free",3
"STU01123","Galih Susanto","galih.susanto945@yahoo.com",18,"Bekasi","2022-07-27","YouTube","free",6
"STU02843","Dewi Damayanti","dewi.damayanti@yahoo.com",43,"Malang","2023-05-02","Referral","free",2
"STU02571","Intan Cahyani","intan.cahyani@gmail.com",31,"Semarang","2022-07-27","Instagram","basic",4
"STU00116","Hana Permadi","hana.permadi@hotmail.com",41,"Yogyakarta","2024-02-04","Instagram","free",4
"STU02115","Winda Maulana","winda.maulana174@outlook.com",39,"Jakarta","2023-08-24","YouTube","free",4
"STU01593","Olivia Santoso","olivia.santoso@gmail.com",36,"Bandung","2024-11-11","Instagram","pro",2
"STU02994","Umi Wulandari","umi.wulandari437@gmail.com",27,"Jakarta","2023-09-20","YouTube","free",6
"STU00326","Ferdi Mahendra","ferdi.mahendra710@hotmail.com",44,"Medan","2022-01-21","Instagram","basic",0
"STU02535","Intan Maulana","intan.maulana@outlook.com",24,"Medan","2022-05-11","Instagram","free",5
"STU02348","Aditya Cahyani","aditya.cahyani195@hotmail5014@gmail.com",26,"Palembang","2022-02-12","Instagram","basic",3
"STU01632","Fitri Iskandar","fitri.iskandar@yahoo.com",45,"Bandung","2024-04-24","Google","free",7
"STU02078","Olivia Setiawan","olivia.setiawan@yahoo5012@gmail.com",30,"Jakarta","2022-02-21","Referral","free",0
"STU02686","Putra Pertiwi","putra.pertiwi@outlook.com",21,"Jakarta","2024-10-02","Referral","basic",11
"STU02234","Eko Ramadhan","eko.ramadhan837@outlook.com",21,"Semarang","2023-02-07","Referral","free",3
"STU01683","Dimas Rahmawati","dimas.rahmawati@yahoo.com",20,"Bandung","2023-12-24","Referral","free",0
"STU00528","Reno Setiawan","reno.setiawan@gmail.com",23,"Bekasi","2022-09-05","YouTube","pro",3
"STU01992","Kirana Damayanti","kirana.damayanti@outlook.com",31,"Yogyakarta","2023-06-28","Google","basic",1
"STU00577","Iqbal Santoso","iqbal.santoso@gmail.com",30,"Surabaya","2023-04-21","YouTube","free",3
"STU02865","Andi Pertiwi","andi.pertiwi@yahoo.com",39,"Jakarta","2022-06-07","TikTok","free",7
"STU02806","Dewi Cahyani","dewi.cahyani925@hotmail.com",43,"Jakarta","2023-03-03","Instagram","free",2
"STU01285","Intan Iskandar","intan.iskandar@gmail.com",42,"Jakarta","2023-04-08","Organic","basic",7
"STU00995","Surya Pramudita","surya.pramudita921@yahoo.com",30,"Makassar","2023-03-12","Instagram","basic",0
"STU02734","Fitri Hakim","fitri.hakim@yahoo.com",18,"Jakarta","2023-02-19","Instagram","free",3
"STU00877","Naufal Setyowati","naufal.setyowati@hotmail.com",41,"Jakarta","2024-11-07","Google","basic",1
"STU00096","Olivia Anggraini","olivia.anggraini947@yahoo.com",28,"Surabaya","2022-12-26","Instagram","basic",4
"STU00066","Permata Maulana","permata.maulana59@outlook.com",34,"Jakarta","2022-01-23","YouTube","free",5
"STU00525","Umi Mahendra","umi.mahendra848@yahoo.com",35,"Medan","2023-05-17","Google","free",2
"STU02903","Nita Mahendra","nita.mahendra936@gmail.com",20,"Jakarta","2023-03-09","YouTube","free",3
"STU02861","Olivia Saputra","olivia.saputra@yahoo.com",25,"Yogyakarta","2024-05-18","Instagram","basic",0
"STU01317","Mawar Iskandar","mawar.iskandar@outlook.com",27,"Bandung","2023-01-08","Organic","free",0
"STU00886","Nita Pratama","nita.pratama@hotmail.com",19,"Medan","2024-07-08","Organic","pro",4
"STU01122","Vina Maulana","vina.maulana@gmail.com",45,"Jakarta","2024-09-08","Google","free",3
"STU00694","Surya Rahmawati","surya.rahmawati@gmail.com",29,"Malang","2022-02-16","YouTube","free",1
"STU00231","Ayu Kurniawan","ayu.kurniawan966@outlook.com",40,"Bekasi","2024-05-06","YouTube","free",6
"STU00141","Luthfi Cahyani","luthfi.cahyani455@yahoo.com",37,"Bandung","2024-09-19","Referral","basic",3
"STU01677","Reza Iskandar","reza.iskandar@hotmail.com",27,"Bekasi","2022-12-10","Google","free",4
"STU00891","Bayu Maulana","bayu.maulana@gmail3846@gmail.com",19,"Semarang","2024-03-05","Referral","basic",11
"STU01289","Arif Pertiwi","arif.pertiwi@yahoo.com",44,"Bandung","2024-12-13","Instagram","free",2
"STU01118","Eka Santoso","eka.santoso923@yahoo.com",32,"Jakarta","2023-06-02","TikTok","free",2
"STU00576","Eko Pratama","eko.pratama@hotmail.com",29,"Bandung","2025-01-24","Instagram","free",2
"STU00546","Umi Saputra","umi.saputra@yahoo.com",41,"Yogyakarta","2022-06-02","Instagram","free",4
"STU01645","Yuni Pertiwi","yuni.pertiwi44@hotmail.com",38,"Jakarta","2023-09-26","Referral","free",11
"STU00521","Citra Kurniawan","citra.kurniawan590@outlook.com",25,"Bogor","2023-11-05","Instagram","free",3
"STU02356","Hana Cahyani","hana.cahyani@gmail.com",45,"Jakarta","2024-12-25","YouTube","basic",5
"STU01846","Adi Susanto","adi.susanto@gmail.com",33,"Surabaya","2022-07-28","YouTube","free",3
"STU01662","Andi Ramadhan","andi.ramadhan35@gmail.com",31,"Jakarta","2024-09-24","Instagram","pro",10
"STU02081","Putra Mahendra","putra.mahendra@yahoo.com",28,"Medan","2022-07-27","Instagram","free",7
"STU00263","Hendra Nugroho","hendra.nugroho@gmail.com",43,"Surabaya","2022-01-20","Instagram","free",3
"STU00379","Putra Hidayat","putra.hidayat@hotmail.com",41,"Jakarta","2023-09-09","Google","pro",8
"STU01191","Sinta Setyowati","sinta.setyowati323@hotmail.com",20,"Jakarta","2022-10-02","Google","free",4
"STU00506","Vina Kurniawan","vina.kurniawan@hotmail.com",32,"Bandung","2022-02-05","Instagram","free",3
"STU01580","Winda Hakim","winda.hakim@hotmail.com",36,"Jakarta","2024-12-16","Organic","free",5
"STU00840","Vina Anggara","vina.anggara@yahoo.com",31,"Jakarta","2023-01-17","TikTok","free",3
"STU00644","Ayu Kusuma","ayu.kusuma@hotmail.com",40,"Makassar","2023-03-12","Referral","free",8
"STU02308","Arif Susanto","arif.susanto@hotmail.com",45,"Yogyakarta","2024-03-29","YouTube","basic",3
"STU02657","Eka Setiawan","eka.setiawan@gmail8052@gmail.com",27,"Bandung","2022-11-18","Google","free",6
"STU02405","Arif Lestari","arif.lestari793@hotmail.com",38,"Jakarta","2022-11-05","Instagram","free",0
"STU01618","Budi Damayanti","budi.damayanti@yahoo.com",45,"Makassar","2024-01-22","YouTube","pro",4
"STU02384","Gita Iskandar","gita.iskandar727@hotmail.com",26,"Surabaya","2024-01-19","Google","free",2
"STU00281","Fajar Ramadhan","fajar.ramadhan872@gmail.com",29,"Jakarta","2025-02-17","Instagram","free",2
"STU00681","Bagus Kusuma","bagus.kusuma@outlook.com",20,"Yogyakarta","2023-03-02","Instagram","free",2
"STU02466","Ferdi Pratama","ferdi.pratama187@yahoo.com",39,"Jakarta","2022-06-27","Instagram","free",4
"STU02167","Yoga Iskandar","yoga.iskandar190@hotmail.com",44,"Jakarta","2024-07-28","Instagram","free",4
"STU00192","Galih Wulandari","galih.wulandari280@yahoo.com",45,"Palembang","2023-04-08","YouTube","pro",4
"STU01676","Citra Pertiwi","citra.pertiwi@hotmail.com",28,"Bandung","2023-01-17","Instagram","free",0
"STU01503","Yuni Nugroho","yuni.nugroho@gmail.com",32,"Denpasar","2022-02-15","Instagram","free",1
"STU02048","Indah Nugroho","indah.nugroho@gmail.com",23,"Jakarta","2022-05-16","Instagram","free",1
"STU00403","Reno Wijaya","reno.wijaya@yahoo.com",20,"Makassar","2024-12-25","YouTube","free",2
"STU00233","Yoga Kusuma","yoga.kusuma622@gmail.com",31,"Semarang","2023-01-14","Organic","free",3
"STU01963","Olivia Anggraini","olivia.anggraini@yahoo.com",34,"Bandung","2022-08-16","Instagram","free",4
"STU02135","Tia Cahyani","tia.cahyani@outlook.com",42,"Bandung","2023-07-28","Instagram","basic",3
"STU01937","Tia Kurniawan","tia.kurniawan@yahoo.com",37,"Jakarta","2023-12-11","Referral","basic",2
"STU01513","Yuni Hapsari","yuni.hapsari595@hotmail.com",21,"Bandung","2023-12-28","Google","free",1
"STU01860","Andi Nugroho","andi.nugroho@outlook.com",42,"Bekasi","2024-04-03","Instagram","basic",11
"STU01014","Vina Anggara","vina.anggara@gmail.com",36,"Yogyakarta","2022-04-01","Instagram","free",3
"STU00989","Indah Hidayat","indah.hidayat@outlook.com",25,"Yogyakarta","2023-05-06","Google","free",9
"STU02070","Wahyu Anggraini","wahyu.anggraini563@gmail.com",39,"Bandung","2024-05-07","Instagram","free",11
"STU00726","Mawar Pratama","mawar.pratama@gmail.com",41,"Makassar","2024-06-25","YouTube","free",2
"STU00648","Galih Kusuma","galih.kusuma@gmail.com",25,"Semarang","2022-12-31","TikTok","free",0
"STU00166","Yuni Nugroho","yuni.nugroho824@yahoo.com",41,"Jakarta","2022-01-19","TikTok","free",6
"STU00252","Sinta Nugroho","sinta.nugroho@outlook.com",28,"Bandung","2022-04-28","Instagram","free",0
"STU02041","Umi Pramudita","umi.pramudita475@hotmail1063@gmail.com",18,"Medan","2024-10-21","Instagram","basic",1
"STU00866","Reno Hidayat","reno.hidayat@yahoo.com",37,"Yogyakarta","2023-11-22","Instagram","free",0
"STU00106","Arif Wijaya","arif.wijaya@yahoo.com",24,"Semarang","2022-09-15","YouTube","free",11
"STU02015","Galih Saputra","galih.saputra@outlook.com",43,"Surabaya","2022-10-23","Instagram","free",6
"STU02526","Putra Pertiwi","putra.pertiwi224@gmail.com",36,"Bandung","2024-01-01","TikTok","basic",3
"STU02493","Putri Wibowo","putri.wibowo@gmail.com",38,"Malang","2022-07-29","YouTube","free",3
"STU01387","Dito Hakim","dito.hakim@outlook.com",43,"Bandung","2024-03-12","Google","pro",10
"STU00492","Ratna Yusuf","ratna.yusuf@gmail.com",24,"Medan","2022-10-08","Organic","basic",0
"STU00873","Putri Kusuma","putri.kusuma107@outlook.com",35,"Semarang","2024-09-18","Organic","pro",9
"STU00619","Reza Anggara","reza.anggara624@yahoo.com",40,"Medan","2024-11-01","YouTube","free",0
"STU00161","Panji Kusuma","panji.kusuma@outlook.com",44,"Bandung","2022-11-23","YouTube","free",5
"STU00119","Tia Wulandari","tia.wulandari@outlook.com",34,"Medan","2024-09-27","YouTube","pro",3
"STU01898","Permata Kusuma","permata.kusuma692@gmail.com",40,"Jakarta","2022-11-05","YouTube","free",0
"STU01658","Permata Yusuf","permata.yusuf312@gmail.com",24,"Surabaya","2022-08-31","YouTube","free",3
"STU00276","Dimas Iskandar","dimas.iskandar@outlook.com",22,"Jakarta","2022-07-05","YouTube","free",3
"STU01031","Putra Nugroho","putra.nugroho416@outlook3528@gmail.com",35,"Jakarta","2022-07-17","YouTube","free",5
"STU01092","Intan Yusuf","intan.yusuf453@yahoo.com",29,"Semarang","2022-10-23","Instagram","free",1
"STU00188","Hendra Lestari","hendra.lestari@yahoo.com",35,"Denpasar","2023-02-22","Instagram","free",1
"STU02497","Diah Mahendra","diah.mahendra@outlook.com",31,"Jakarta","2024-08-26","TikTok","basic",3
"STU01680","Hendra Anggara","hendra.anggara@gmail.com",40,"Jakarta","2022-09-16","Referral","free",0
"STU02150","Hendra Pratama","hendra.pratama27@yahoo.com",33,"Malang","2023-02-14","Referral","free",6
"STU00512","Wahyu Anggraini","wahyu.anggraini975@outlook.com",26,"Bandung","2022-02-03","Instagram","free",1
"STU00762","Aditya Mahendra","aditya.mahendra877@yahoo.com",36,"Yogyakarta","2023-10-31","Instagram","pro",1
"STU00422","Umi Anggara","umi.anggara993@gmail8274@gmail.com",39,"Jakarta","2022-10-29","Instagram","free",5
"STU01207","Rahmat Pratama","rahmat.pratama@outlook.com",36,"Bogor","2023-01-20","Instagram","free",2
"STU02024","Umi Iskandar","umi.iskandar@gmail.com",43,"Palembang","2024-08-02","Referral","free",11
"STU02897","Aditya Setiawan","aditya.setiawan@yahoo.com",21,"Semarang","2024-10-01","Instagram","free",4
"STU00421","Mega Putra","mega.putra533@outlook.com",44,"Surabaya","2022-09-09","TikTok","free",9
"STU00354","Dimas Anggara","dimas.anggara@gmail.com",21,"Denpasar","2022-10-18","Google","free",5
"STU02727","Vina Setyowati","vina.setyowati365@yahoo.com",39,"Jakarta","2023-02-12","Instagram","free",0
"STU01927","Nita Yusuf","nita.yusuf@hotmail.com",22,"Bogor","2023-10-08","Instagram","free",5
"STU01060","Naufal Kurniawan","naufal.kurniawan@hotmail.com",19,"Bandung","2023-10-19","Google","free",1
"STU02764","Yoga Pratama","yoga.pratama36@yahoo.com",18,"Bogor","2025-01-23","TikTok","basic",2
"STU00046","Satria Setyowati","satria.setyowati564@gmail.com",22,"Bandung","2022-06-22","Google","free",8
"STU01478","Putri Putra","putri.putra@hotmail.com",32,"Medan","2022-07-28","TikTok","free",1
"STU00965","Nita Hidayat","nita.hidayat@outlook.com",28,"Medan","2024-02-04","Google","free",1
"STU00662","Reno Yusuf","reno.yusuf@outlook.com",31,"Yogyakarta","2023-11-23","Instagram","free",5
"STU02385","Dimas Lestari","dimas.lestari@hotmail.com",36,"Palembang","2022-04-22","Organic","basic",10
"STU01630","Budi Kusuma","budi.kusuma718@gmail.com",34,"Yogyakarta","2023-10-02","TikTok","free",2
"STU01773","Sinta Kurniawan","sinta.kurniawan580@outlook.com",28,"Jakarta","2024-05-27","YouTube","free",4
"STU02626","Galih Pramudita","galih.pramudita@gmail.com",25,"Medan","2023-12-12","Google","free",7
"STU02087","Intan Iskandar","intan.iskandar@yahoo3955@gmail.com",28,"Jakarta","2023-07-11","TikTok","free",0
"STU02685","Fitri Ramadhan","fitri.ramadhan@hotmail.com",30,"Bandung","2023-03-04","Instagram","free",6
"STU02007","Siti Setiawan","siti.setiawan@hotmail.com",22,"Palembang","2023-12-16","Referral","free",2
"STU02314","Luthfi Wibowo","luthfi.wibowo@yahoo.com",45,"Bandung","2022-03-11","Instagram","free",0
"STU02606","Satria Susanto","satria.susanto53@hotmail.com",37,"Jakarta","2024-06-06","TikTok","free",0
"STU01161","Gita Lestari","gita.lestari@outlook.com",32,"Surabaya","2022-09-30","Organic","pro",2
"STU01046","Krisna Permadi","krisna.permadi188@yahoo.com",28,"Bandung","2024-10-07","TikTok","basic",2
"STU00900","Adi Cahyani","adi.cahyani956@outlook.com",29,"Jakarta","2022-03-20","Instagram","basic",5
"STU01631","Ratna Wibowo","ratna.wibowo662@yahoo.com",43,"Medan","2024-12-04","Google","basic",5
"STU01136","Naufal Pratama","naufal.pratama522@outlook8273@gmail.com",41,"Palembang","2024-04-08","Instagram","free",3
"STU01690","Luthfi Maulana","luthfi.maulana985@outlook.com",45,"Bandung","2022-04-20","TikTok","basic",3
"STU01926","Eko Nugroho","eko.nugroho@yahoo.com",21,"Jakarta","2023-10-25","TikTok","basic",3
"STU02354","Yoga Anggara","yoga.anggara@yahoo.com",22,"Yogyakarta","2022-02-07","Referral","pro",8
"STU01474","Andi Putra","andi.putra934@hotmail.com",35,"Jakarta","2023-04-16","Google","free",0
"STU00650","Bagus Santoso","bagus.santoso193@gmail.com",24,"Medan","2023-09-11","Instagram","free",2
"STU02428","Satria Nugroho","satria.nugroho539@hotmail.com",19,"Bandung","2023-11-07","Instagram","free",10
"STU01467","Rahmat Santoso","rahmat.santoso881@outlook.com",34,"Denpasar","2022-08-08","Google","free",11
"STU00854","Budi Rahmawati","budi.rahmawati@gmail.com",28,"Malang","2022-07-02","TikTok","free",5
"STU02451","Eka Yusuf","eka.yusuf14@outlook.com",28,"Denpasar","2022-03-28","TikTok","basic",11
"STU00941","Surya Rahmawati","surya.rahmawati@hotmail.com",38,"Surabaya","2023-11-09","Instagram","pro",0
"STU01821","Iqbal Kurniawan","iqbal.kurniawan39@outlook.com",24,"Surabaya","2023-10-15","Instagram","basic",3
"STU02509","Lestari Cahyani","lestari.cahyani@gmail.com",31,"Surabaya","2022-05-11","Instagram","free",2
"STU01616","Zahra Nugroho","zahra.nugroho567@outlook.com",39,"Bandung","2023-08-25","Google","free",3
"STU00084","Indah Saputra","indah.saputra@gmail.com",39,"Jakarta","2023-07-14","Instagram","free",1
"STU02412","Reno Kusuma","reno.kusuma692@hotmail.com",33,"Jakarta","2024-01-22","Google","free",11
"STU00329","Intan Cahyani","intan.cahyani462@yahoo.com",38,"Bogor","2024-07-09","Instagram","free",2
"STU02291","Lestari Kurniawan","lestari.kurniawan823@hotmail.com",38,"Yogyakarta","2023-01-12","Instagram","basic",0
"STU01574","Siti Wijaya","siti.wijaya@gmail.com",34,"Jakarta","2022-05-22","Google","free",0
"STU02548","Dimas Wibowo","dimas.wibowo@gmail.com",30,"Jakarta","2024-04-17","TikTok","free",4
"STU01861","Rahmat Santoso","rahmat.santoso@yahoo.com",38,"Yogyakarta","2024-04-16","Referral","pro",3
"STU00337","Bagus Pratama","bagus.pratama@hotmail.com",21,"Makassar","2024-10-13","Referral","basic",3
"STU00033","Arif Wibowo","arif.wibowo907@outlook.com",41,"Yogyakarta","2022-12-23","TikTok","free",2
"STU01611","Iqbal Kusuma","iqbal.kusuma@gmail.com",39,"Bandung","2022-10-10","Instagram","free",0
"STU01408","Kirana Rahmawati","kirana.rahmawati603@hotmail.com",29,"Jakarta","2023-10-12","Instagram","pro",1
"STU00987","Tia Saputra","tia.saputra@gmail.com",34,"Makassar","2024-05-02","YouTube","free",5
"STU02661","Naufal Ramadhan","naufal.ramadhan@yahoo.com",21,"Yogyakarta","2023-04-18","TikTok","free",2
"STU02633","Satria Rahmawati","satria.rahmawati481@hotmail.com",43,"Jakarta","2024-07-19","Instagram","basic",1
"STU02117","Eko Iskandar","eko.iskandar394@hotmail.com",35,"Tangerang","2023-12-23","Google","pro",2
"STU02663","Andi Mahendra","andi.mahendra600@gmail.com",21,"Tangerang","2023-05-06","YouTube","free",0
"STU00969","Aditya Hapsari","aditya.hapsari@yahoo4181@gmail.com",33,"Jakarta","2025-02-27","Google","free",1
"STU00690","Satria Damayanti","satria.damayanti296@gmail.com",35,"Yogyakarta","2023-11-16","YouTube","free",6
"STU01004","Sinta Susanto","sinta.susanto@hotmail.com",37,"Surabaya","2022-12-05","Organic","pro",2
"STU00365","Eka Hidayat","eka.hidayat@outlook.com",23,"Jakarta","2023-02-26","Instagram","free",1
"STU00534","Mega Pertiwi","mega.pertiwi@yahoo.com",41,"Makassar","2023-01-11","Google","pro",6
"STU01461","Krisna Hidayat","krisna.hidayat465@gmail.com",22,"Jakarta","2023-07-19","Referral","pro",1
"STU02936","Eka Susanto","eka.susanto@yahoo.com",41,"Jakarta","2022-12-26","Instagram","free",3
"STU02822","Dito Setiawan","dito.setiawan@gmail.com",27,"Jakarta","2023-03-06","TikTok","free",3
"STU01101","Hendra Saputra","hendra.saputra@outlook.com",32,"Jakarta","2022-11-02","TikTok","free",2
"STU02153","Gilang Kusuma","gilang.kusuma@hotmail.com",33,"Malang","2023-11-26","YouTube","free",10
"STU00652","Eka Lestari","eka.lestari@gmail.com",26,"Medan","2024-05-13","YouTube","basic",3
"STU01401","Yoga Pertiwi","yoga.pertiwi@gmail.com",42,"Tangerang","2023-12-26","Instagram","basic",3
"STU01865","Andi Kurniawan","andi.kurniawan@yahoo.com",40,"Medan","2022-11-18","Google","free",6
"STU00573","Fitri Maulana","fitri.maulana@outlook.com",26,"Bandung","2024-07-28","Instagram","basic",2
"STU02054","Sinta Anggraini","sinta.anggraini@hotmail.com",18,"Surabaya","2025-01-14","Instagram","free",2
"STU02518","Budi Nugroho","budi.nugroho@hotmail.com",25,"Bandung","2023-07-24","Instagram","basic",11
"STU00079","Bagus Anggraini","bagus.anggraini@hotmail.com",30,"Semarang","2023-12-05","YouTube","free",1
"STU01117","Rahmat Pertiwi","rahmat.pertiwi@yahoo.com",32,"Makassar","2022-10-14","Instagram","free",9
"STU00932","Lestari Anggara","lestari.anggara@outlook.com",19,"Jakarta","2023-07-13","Google","basic",6
"STU02627","Naufal Damayanti","naufal.damayanti@outlook.com",24,"Bekasi","2023-10-15","YouTube","free",0
"STU02585","Umi Pertiwi","umi.pertiwi@yahoo9400@gmail.com",37,"Jakarta","2023-07-12","YouTube","basic",1
"STU01583","Hendra Permadi","hendra.permadi830@gmail.com",45,"Surabaya","2025-01-11","Instagram","free",3
"STU02603","Sari Yusuf","sari.yusuf568@gmail.com",19,"Bandung","2024-10-19","Google","free",7
"STU01215","Gilang Rahmawati","gilang.rahmawati@outlook.com",28,"Surabaya","2024-04-21","Organic","free",3
"STU00453","Intan Damayanti","intan.damayanti@yahoo.com",29,"Jakarta","2024-12-11","Referral","free",6
"STU02608","Indah Susanto","indah.susanto672@hotmail.com",41,"Semarang","2023-10-01","Instagram","free",5
"STU00340","Ayu Ramadhan","ayu.ramadhan@hotmail.com",31,"Bandung","2024-03-21","TikTok","free",3
"STU02902","Vina Setiawan","vina.setiawan@hotmail.com",21,"Jakarta","2024-05-07","Instagram","basic",1
"STU00356","Eko Hidayat","eko.hidayat@gmail.com",31,"Makassar","2022-05-31","YouTube","free",3
"STU02287","Olivia Kurniawan","olivia.kurniawan430@gmail.com",31,"Makassar","2022-08-19","YouTube","basic",2
"STU02584","Adi Hidayat","adi.hidayat979@hotmail.com",21,"Bekasi","2022-12-14","YouTube","free",6
"STU00727","Surya Hapsari","surya.hapsari@hotmail.com",18,"Yogyakarta","2023-05-31","Instagram","pro",8
"STU01756","Putra Permadi","putra.permadi51@hotmail.com",19,"Jakarta","2024-11-13","Instagram","free",3
"STU00165","Olivia Setiawan","olivia.setiawan@hotmail.com",40,"Jakarta","2024-09-15","Instagram","free",3
"STU00005","Siti Mahendra","siti.mahendra@gmail.com",45,"Jakarta","2023-10-24","Google","free",0
"STU01227","Bayu Pratama","bayu.pratama707@hotmail.com",36,"Jakarta","2023-11-30","TikTok","basic",1
"STU00151","Umi Santoso","umi.santoso119@outlook.com",20,"Jakarta","2022-08-17","YouTube","free",4
"STU03000","Winda Pratama","winda.pratama859@hotmail.com",39,"Bandung","2023-05-11","Organic","free",1
"STU02382","Aditya Mahendra","aditya.mahendra540@hotmail.com",36,"Surabaya","2022-05-07","Google","free",0
"STU02146","Hana Mahendra","hana.mahendra@outlook.com",37,"Jakarta","2022-09-14","TikTok","free",3
"STU01327","Dito Pramudita","dito.pramudita@gmail.com",44,"Surabaya","2023-08-07","Instagram","free",0
"STU02365","Vina Pratama","vina.pratama222@gmail9805@gmail.com",21,"Bogor","2022-12-04","Google","free",6
"STU02835","Yuni Hidayat","yuni.hidayat435@gmail.com",34,"Jakarta","2023-06-12","Organic","basic",6
"STU00679","Citra Susanto","citra.susanto456@yahoo.com",32,"Jakarta","2024-10-18","Google","free",9
"STU02468","Yoga Pertiwi","yoga.pertiwi391@outlook.com",44,"Medan","2023-11-28","Referral","basic",1
"STU02112","Tia Hidayat","tia.hidayat@hotmail.com",28,"Jakarta","2023-04-10","Instagram","basic",2
"STU02802","Luthfi Kusuma","luthfi.kusuma@gmail.com",22,"Jakarta","2023-06-20","Google","free",2
"STU00676","Nita Hapsari","nita.hapsari@outlook.com",21,"Jakarta","2023-03-30","Instagram","pro",2
"STU00545","Lestari Saputra","lestari.saputra@outlook.com",41,"Denpasar","2022-08-27","Instagram","basic",2
"STU01367","Fajar Rahmawati","fajar.rahmawati691@yahoo.com",20,"Semarang","2024-03-16","Instagram","basic",7
"STU02317","Nadia Wijaya","nadia.wijaya@hotmail.com",38,"Bandung","2023-11-02","Google","free",3
"STU00893","Gita Cahyani","gita.cahyani612@gmail.com",39,"Makassar","2024-10-28","Google","basic",3
"STU01464","Bayu Kusuma","bayu.kusuma@hotmail.com",21,"Medan","2024-01-12","Google","free",0
"STU02690","Indah Anggraini","indah.anggraini456@yahoo6142@gmail.com",20,"Bandung","2022-10-23","YouTube","free",0
"STU01931","Permata Hapsari","permata.hapsari612@yahoo.com",37,"Medan","2024-06-14","Google","free",0
"STU00357","Olivia Saputra","olivia.saputra430@hotmail.com",28,"Bogor","2024-07-12","Instagram","free",1
"STU02928","Mega Kurniawan","mega.kurniawan780@outlook.com",22,"Denpasar","2022-03-05","Instagram","pro",6
"STU01970","Krisna Saputra","krisna.saputra@hotmail.com",44,"Jakarta","2025-01-08","Google","free",4
"STU02099","Siti Setyowati","siti.setyowati@hotmail.com",22,"Surabaya","2022-07-25","TikTok","pro",0
"STU02233","Budi Rahmawati","budi.rahmawati96@hotmail5009@gmail.com",22,"Tangerang","2023-02-14","TikTok","free",3
"STU02557","Citra Nugroho","citra.nugroho191@hotmail.com",27,"Makassar","2023-09-03","YouTube","free",5
"STU02420","Panji Wibowo","panji.wibowo@yahoo.com",22,"Yogyakarta","2024-05-03","Instagram","free",5
"STU02124","Budi Wibowo","budi.wibowo@hotmail.com",37,"Jakarta","2022-06-02","Referral","free",2
"STU02162","Dimas Setyowati","dimas.setyowati@gmail.com",24,"Surabaya","2023-01-02","YouTube","basic",7
"STU00601","Hadi Hapsari","hadi.hapsari513@gmail4044@gmail.com",35,"Yogyakarta","2024-03-16","YouTube","free",6
"STU02965","Tia Pertiwi","tia.pertiwi663@outlook.com",36,"Bandung","2023-05-16","Instagram","free",3
"STU02088","Yoga Wijaya","yoga.wijaya430@hotmail.com",35,"Surabaya","2022-11-09","YouTube","free",11
"STU00260","Rizky Nugroho","rizky.nugroho252@hotmail.com",38,"Bandung","2024-04-04","Instagram","free",3
"STU01989","Fitri Pratama","fitri.pratama256@outlook.com",23,"Jakarta","2024-12-03","Instagram","free",2
"STU01016","Dito Kurniawan","dito.kurniawan@yahoo.com",25,"Bandung","2024-07-06","YouTube","free",0
"STU00038","Bayu Pramudita","bayu.pramudita@yahoo.com",24,"Bandung","2024-12-26","TikTok","free",3
"STU02197","Dito Damayanti","dito.damayanti@hotmail.com",26,"Malang","2024-02-24","Google","basic",2
"STU02745","Nadia Putra","nadia.putra298@hotmail.com",24,"Bekasi","2022-04-17","Google","free",2
"STU02032","Galih Nugroho","galih.nugroho407@gmail.com",22,"Medan","2023-12-03","Instagram","free",5
"STU01320","Nadia Hakim","nadia.hakim@hotmail.com",38,"Jakarta","2023-05-24","YouTube","free",6
"STU02275","Tia Iskandar","tia.iskandar@hotmail.com",32,"Malang","2022-02-24","Instagram","pro",6
"STU00175","Mega Iskandar","mega.iskandar334@gmail.com",40,"Jakarta","2025-01-05","Google","free",1
"STU01276","Ratna Pertiwi","ratna.pertiwi664@gmail.com",30,"Bandung","2023-07-03","YouTube","free",1
"STU00104","Wahyu Wijaya","wahyu.wijaya@yahoo.com",43,"Jakarta","2023-04-01","TikTok","free",3
"STU00035","Budi Setyowati","budi.setyowati@hotmail.com",38,"Jakarta","2022-08-16","Instagram","basic",3
"STU00807","Krisna Mahendra","krisna.mahendra493@yahoo.com",42,"Medan","2023-05-12","Instagram","basic",9
"STU02508","Sinta Rahmawati","sinta.rahmawati@outlook.com",38,"Bandung","2022-06-18","YouTube","free",1
"STU00485","Rahmat Cahyani","rahmat.cahyani@gmail.com",43,"Jakarta","2022-01-31","Google","free",2
"STU01378","Nita Hakim","nita.hakim@yahoo.com",45,"Jakarta","2024-06-12","YouTube","free",2
"STU01536","Mega Wulandari","mega.wulandari@outlook.com",40,"Medan","2022-07-04","YouTube","free",2
"STU02487","Dewi Mahendra","dewi.mahendra@hotmail.com",34,"Bogor","2024-04-27","TikTok","free",0
"STU01765","Galih Rahmawati","galih.rahmawati399@yahoo.com",44,"Jakarta","2024-09-07","Google","pro",5
"STU00396","Bayu Anggara","bayu.anggara@gmail.com",25,"Jakarta","2022-02-03","Google","basic",5
"STU00120","Ratna Wijaya","ratna.wijaya@hotmail.com",41,"Medan","2023-05-21","YouTube","basic",3
"STU00111","Indah Kusuma","indah.kusuma@hotmail.com",42,"Jakarta","2022-11-16","Referral","free",4
"STU00239","Sinta Kusuma","sinta.kusuma@yahoo.com",35,"Jakarta","2022-11-11","Instagram","free",5
"STU01887","Naufal Kusuma","naufal.kusuma@gmail.com",34,"Surabaya","2023-11-20","TikTok","free",0
"STU01022","Diah Mahendra","diah.mahendra260@yahoo.com",28,"Jakarta","2024-01-05","Referral","free",0
"STU01324","Nadia Permadi","nadia.permadi@hotmail.com",42,"Jakarta","2024-05-05","Google","basic",11
"STU02703","Ayu Damayanti","ayu.damayanti@yahoo3871@gmail.com",38,"Denpasar","2024-12-20","Referral","free",2
"STU00032","Bagus Iskandar","bagus.iskandar@outlook.com",19,"Malang","2022-03-02","Referral","free",0
"STU01569","Fajar Lestari","fajar.lestari657@yahoo.com",33,"Bandung","2022-12-14","TikTok","free",4
"STU02378","Siti Anggara","siti.anggara460@yahoo.com",42,"Bandung","2024-05-13","Instagram","free",3
"STU02028","Budi Hapsari","budi.hapsari@outlook.com",45,"Makassar","2023-07-27","Instagram","pro",7
"STU00696","Reza Kusuma","reza.kusuma@yahoo.com",28,"Yogyakarta","2022-09-29","YouTube","free",0
"STU00847","Mawar Mahendra","mawar.mahendra176@gmail.com",35,"Jakarta","2024-07-07","Google","basic",3
"STU00839","Olivia Hapsari","olivia.hapsari13@outlook.com",25,"Bandung","2022-02-12","Referral","basic",1
"STU02052","Umi Pratama","umi.pratama978@gmail.com",30,"Surabaya","2022-11-08","TikTok","free",3
"STU01817","Sari Rahmawati","sari.rahmawati309@yahoo.com",39,"Jakarta","2024-07-12","Google","basic",5
"STU02572","Sinta Hakim","sinta.hakim580@hotmail.com",36,"Bandung","2023-04-30","Referral","free",2
"STU02114","Kirana Pratama","kirana.pratama@outlook.com",43,"Medan","2023-12-22","Google","free",1
"STU01424","Nadia Permadi","nadia.permadi585@gmail.com",28,"Jakarta","2022-10-19","TikTok","pro",6
"STU00856","Ratna Kusuma","ratna.kusuma352@yahoo.com",21,"Medan","2023-09-30","TikTok","free",11
"STU00194","Reza Maulana","reza.maulana@outlook.com",36,"Semarang","2024-09-29","Referral","basic",1
"STU01135","Olivia Lestari","olivia.lestari160@outlook.com",43,"Surabaya","2023-05-18","Google","free",3
"STU02953","Ratna Hidayat","ratna.hidayat@gmail.com",45,"Bandung","2024-06-06","YouTube","free",2
"STU02446","Satria Putra","satria.putra@hotmail.com",19,"Jakarta","2022-12-22","Referral","free",3
"STU02000","Kirana Cahyani","kirana.cahyani@yahoo.com",45,"Malang","2024-10-02","Instagram","free",3
"STU01421","Hadi Santoso","hadi.santoso@hotmail.com",23,"Bandung","2023-02-22","Referral","pro",6
"STU02590","Zahra Hakim","zahra.hakim411@gmail.com",27,"Makassar","2022-06-20","Referral","free",2
"STU02842","Andi Nugroho","andi.nugroho836@yahoo.com",30,"Medan","2023-09-02","Instagram","free",0
"STU00810","Gilang Cahyani","gilang.cahyani146@outlook5465@gmail.com",18,"Yogyakarta","2022-08-29","Google","free",0
"STU01742","Gita Nugroho","gita.nugroho@hotmail3185@gmail.com",24,"Jakarta","2024-08-16","Google","free",2
"STU01575","Gita Kusuma","gita.kusuma@gmail.com",44,"Bandung","2024-05-20","Instagram","free",8
"STU01349","Dito Hidayat","dito.hidayat168@gmail.com",30,"Bandung","2022-08-19","Instagram","free",2
"STU01514","Dewi Kusuma","dewi.kusuma@yahoo.com",23,"Surabaya","2024-09-25","TikTok","free",6
"STU00022","Mawar Pramudita","mawar.pramudita@yahoo.com",22,"Bogor","2024-08-19","YouTube","pro",6
"STU00975","Yoga Cahyani","yoga.cahyani907@yahoo.com",34,"Jakarta","2024-10-29","Google","basic",11
"STU01436","Reza Iskandar","reza.iskandar72@yahoo.com",19,"Semarang","2023-11-10","Instagram","free",0
"STU02273","Ferdi Anggraini","ferdi.anggraini@yahoo.com",20,"Jakarta","2023-05-02","Instagram","basic",3
"STU02552","Maya Damayanti","maya.damayanti@yahoo.com",23,"Jakarta","2022-12-27","TikTok","basic",2
"STU01559","Arif Damayanti","arif.damayanti592@outlook.com",32,"Yogyakarta","2022-01-28","Google","free",2
"STU02235","Indah Anggara","indah.anggara@hotmail6984@gmail.com",42,"Surabaya","2022-03-06","Google","basic",3
"STU02510","Siti Susanto","siti.susanto166@yahoo.com",20,"Jakarta","2024-11-17","Instagram","pro",3
"STU01370","Mawar Permadi","mawar.permadi@outlook3953@gmail.com",31,"Jakarta","2025-01-14","Organic","free",11
"STU00040","Umi Nugroho","umi.nugroho55@outlook.com",45,"Jakarta","2022-09-16","Referral","free",3
"STU02193","Eko Setiawan","eko.setiawan@outlook.com",38,"Denpasar","2022-07-10","Google","free",7
"STU01504","Zahra Lestari","zahra.lestari@gmail.com",35,"Jakarta","2024-03-28","YouTube","free",7
"STU02864","Bayu Pratama","bayu.pratama549@yahoo.com",29,"Yogyakarta","2023-04-29","YouTube","free",1
"STU01011","Indah Pratama","indah.pratama743@yahoo.com",32,"Bekasi","2025-02-15","Instagram","free",6
"STU00751","Ratna Pratama","ratna.pratama789@gmail.com",45,"Medan","2023-10-05","Google","free",3
"STU00671","Luthfi Putra","luthfi.putra@outlook.com",37,"Jakarta","2024-11-18","Organic","basic",2
"STU01889","Ayu Santoso","ayu.santoso@outlook.com",42,"Bekasi","2022-08-11","Google","free",3
"STU01704","Dimas Hapsari","dimas.hapsari254@outlook.com",20,"Bandung","2024-03-03","Instagram","basic",5
"STU01582","Mawar Anggraini","mawar.anggraini491@gmail.com",26,"Bandung","2024-07-09","Instagram","pro",1
"STU01098","Lestari Ramadhan","lestari.ramadhan376@outlook.com",33,"Jakarta","2022-11-20","YouTube","free",3
"STU01794","Galih Ramadhan","galih.ramadhan542@yahoo.com",32,"Makassar","2024-04-26","Google","basic",0
"STU01017","Bagus Wijaya","bagus.wijaya@hotmail.com",35,"Jakarta","2024-09-27","Instagram","free",2
"STU00890","Vina Pramudita","vina.pramudita@gmail.com",35,"Bandung","2024-10-16","YouTube","free",1
"STU02760","Olivia Permadi","olivia.permadi@yahoo.com",43,"Jakarta","2022-11-16","Referral","basic",3
"STU00375","Arif Wijaya","arif.wijaya@hotmail.com",19,"Yogyakarta","2023-07-17","Instagram","basic",3
"STU02211","Sinta Maulana","sinta.maulana@yahoo.com",42,"Jakarta","2023-10-19","Google","free",0
"STU02583","Permata Pratama","permata.pratama@yahoo.com",24,"Surabaya","2023-11-05","YouTube","free",5
"STU02559","Indah Cahyani","indah.cahyani830@outlook.com",25,"Jakarta","2024-06-14","Google","basic",3
"STU00481","Krisna Hapsari","krisna.hapsari@hotmail.com",39,"Bandung","2022-02-07","Google","free",10
"STU02536","Panji Anggraini","panji.anggraini15@outlook.com",27,"Jakarta","2023-05-15","TikTok","free",7
"STU01045","Naufal Saputra","naufal.saputra498@yahoo.com",18,"Surabaya","2024-03-04","Instagram","free",1
"STU02208","Krisna Setiawan","krisna.setiawan@hotmail.com",29,"Medan","2022-07-15","Instagram","free",1
"STU01297","Wahyu Nugroho","wahyu.nugroho@gmail.com",25,"Semarang","2024-02-12","Google","basic",6
"STU00232","Aditya Pramudita","aditya.pramudita42@gmail.com",19,"Jakarta","2023-10-21","YouTube","basic",1
"STU00803","Dito Setiawan","dito.setiawan@yahoo.com",44,"Bandung","2022-11-08","Instagram","pro",0
"STU02137","Ayu Pratama","ayu.pratama@gmail.com",44,"Semarang","2024-10-21","Referral","basic",2
"STU00270","Putra Setiawan","putra.setiawan@yahoo.com",21,"Malang","2023-08-01","YouTube","free",4
"STU00215","Rahmat Hidayat","rahmat.hidayat@gmail.com",22,"Medan","2023-05-28","Instagram","basic",7
"STU01141","Krisna Susanto","krisna.susanto@gmail.com",31,"Malang","2024-04-11","Google","free",3
"STU01001","Reno Iskandar","reno.iskandar@outlook.com",32,"Jakarta","2022-04-22","Instagram","free",6
"STU02059","Ratna Kurniawan","ratna.kurniawan145@outlook.com",22,"Bandung","2022-02-07","TikTok","basic",4
"STU00857","Indah Anggraini","indah.anggraini@outlook.com",33,"Jakarta","2022-07-05","YouTube","free",0
"STU02358","Eka Cahyani","eka.cahyani633@outlook.com",41,"Denpasar","2023-05-15","Instagram","free",5
"STU01902","Adi Kurniawan","adi.kurniawan@gmail.com",42,"Jakarta","2024-06-29","YouTube","free",2
"STU02675","Luthfi Iskandar","luthfi.iskandar89@outlook.com",33,"Jakarta","2025-01-26","Referral","free",3
"STU01653","Aditya Hidayat","aditya.hidayat884@yahoo.com",29,"Malang","2023-06-16","Instagram","basic",4
"STU01263","Indah Saputra","indah.saputra@yahoo.com",37,"Denpasar","2025-01-10","Instagram","free",3
"STU02893","Rizky Hakim","rizky.hakim@outlook7961@gmail.com",21,"Yogyakarta","2024-11-28","Instagram","free",0
"STU02040","Tia Anggraini","tia.anggraini622@hotmail.com",26,"Bandung","2024-09-07","YouTube","free",2
"STU00443","Dimas Saputra","dimas.saputra619@gmail.com",34,"Surabaya","2022-07-18","Referral","basic",3
"STU00775","Yuni Kusuma","yuni.kusuma988@outlook.com",41,"Yogyakarta","2023-10-25","Instagram","free",2
"STU02026","Reza Saputra","reza.saputra554@hotmail.com",36,"Surabaya","2022-03-26","YouTube","free",3
"STU00064","Dito Hakim","dito.hakim847@hotmail.com",18,"Bandung","2023-01-18","TikTok","basic",1
"STU00869","Sari Hapsari","sari.hapsari@outlook.com",19,"Medan","2024-09-10","Instagram","free",0
"STU00184","Ferdi Hidayat","ferdi.hidayat@gmail.com",25,"Surabaya","2022-03-17","Instagram","free",6
"STU02290","Dewi Rahmawati","dewi.rahmawati@yahoo.com",31,"Surabaya","2023-02-03","Instagram","free",6
"STU00737","Aditya Maulana","aditya.maulana@hotmail.com",42,"Jakarta","2023-07-06","Instagram","pro",0
"STU02629","Mega Hidayat","mega.hidayat@outlook.com",33,"Palembang","2025-02-13","TikTok","free",3
"STU02470","Bayu Anggara","bayu.anggara@yahoo.com",38,"Yogyakarta","2024-08-28","Organic","free",11
"STU00237","Bagus Cahyani","bagus.cahyani@gmail.com",36,"Jakarta","2023-01-26","Google","free",4
"STU02252","Yuni Mahendra","yuni.mahendra425@hotmail.com",22,"Jakarta","2024-03-05","Google","basic",0
"STU02172","Bayu Anggara","bayu.anggara@hotmail.com",23,"Medan","2025-01-12","YouTube","free",3
"STU00985","Putri Wulandari","putri.wulandari156@gmail.com",34,"Jakarta","2022-12-01","Instagram","basic",6
"STU01587","Ferdi Iskandar","ferdi.iskandar@yahoo.com",23,"Surabaya","2022-10-26","Instagram","free",0
"STU01888","Reno Rahmawati","reno.rahmawati@hotmail.com",23,"Denpasar","2024-03-25","Organic","free",1
"STU02863","Fajar Santoso","fajar.santoso62@gmail.com",35,"Medan","2023-09-28","TikTok","pro",0
"STU00771","Putra Cahyani","putra.cahyani@yahoo1587@gmail.com",43,"Jakarta","2024-11-04","Instagram","free",2
"STU00311","Tia Pramudita","tia.pramudita@yahoo.com",21,"Jakarta","2024-09-26","Instagram","free",11
"STU02488","Arif Susanto","arif.susanto457@gmail.com",43,"Jakarta","2024-09-24","Google","pro",5
"STU00725","Putri Kusuma","putri.kusuma556@yahoo.com",37,"Makassar","2024-09-24","YouTube","free",2
"STU02925","Nadia Rahmawati","nadia.rahmawati175@outlook.com",21,"Jakarta","2024-12-11","Google","free",5
"STU00045","Iqbal Damayanti","iqbal.damayanti224@outlook.com",31,"Malang","2024-02-12","Referral","free",10
"STU02187","Ratna Hapsari","ratna.hapsari199@yahoo.com",24,"Bandung","2022-11-29","YouTube","free",5
"STU00827","Wahyu Pertiwi","wahyu.pertiwi@outlook.com",41,"Medan","2024-04-01","Google","basic",0
"STU00098","Intan Rahmawati","intan.rahmawati@gmail.com",25,"Surabaya","2022-02-13","Google","basic",0
"STU01010","Gita Wulandari","gita.wulandari@yahoo.com",21,"Jakarta","2022-03-04","Google","free",1
"STU01527","Aditya Setiawan","aditya.setiawan@outlook9214@gmail.com",34,"Medan","2022-07-13","Instagram","free",9
"STU01543","Budi Yusuf","budi.yusuf@outlook.com",43,"Bandung","2022-10-06","Instagram","free",6
"STU02178","Hadi Damayanti","hadi.damayanti@outlook.com",44,"Jakarta","2022-01-06","Referral","basic",2
"STU02818","Surya Wijaya","surya.wijaya757@hotmail2424@gmail.com",45,"Medan","2023-10-07","Google","free",6
"STU02212","Ratna Hapsari","ratna.hapsari@gmail8421@gmail.com",26,"Bekasi","2024-03-25","Google","free",4
"STU01165","Dewi Pertiwi","dewi.pertiwi370@outlook.com",43,"Medan","2024-02-03","Google","basic",6
"STU00226","Sari Kusuma","sari.kusuma@gmail.com",40,"Jakarta","2024-10-25","Google","free",3
"STU01481","Indah Hidayat","indah.hidayat@gmail.com",18,"Bandung","2024-06-10","Google","free",0
"STU02637","Fajar Setyowati","fajar.setyowati@hotmail.com",26,"Surabaya","2023-05-06","Referral","free",3
"STU01844","Mega Anggraini","mega.anggraini645@yahoo.com",37,"Semarang","2022-11-06","Instagram","free",2
"STU02284","Indah Permadi","indah.permadi170@hotmail.com",35,"Bandung","2022-12-23","Referral","basic",0
"STU00732","Indah Setiawan","indah.setiawan443@outlook.com",21,"Bandung","2024-06-26","YouTube","pro",3
"STU00368","Indah Pramudita","indah.pramudita524@outlook.com",36,"Surabaya","2024-04-19","Instagram","pro",5
"STU02959","Siti Pramudita","siti.pramudita@outlook.com",28,"Denpasar","2022-02-04","Google","free",2
"STU01189","Citra Rahmawati","citra.rahmawati922@gmail.com",19,"Jakarta","2024-07-16","Instagram","basic",2
"STU02799","Bagus Maulana","bagus.maulana641@gmail.com",33,"Jakarta","2023-07-18","Instagram","pro",1
"STU01252","Zahra Rahmawati","zahra.rahmawati@yahoo.com",19,"Semarang","2024-11-26","Organic","free",6
"STU01057","Umi Putra","umi.putra487@hotmail.com",33,"Makassar","2023-03-15","Instagram","basic",4
"STU00905","Diah Rahmawati","diah.rahmawati@yahoo.com",32,"Jakarta","2025-01-03","Referral","free",6
"STU01570","Arif Damayanti","arif.damayanti@hotmail.com",39,"Yogyakarta","2022-12-14","Organic","basic",1
"STU01881","Wahyu Permadi","wahyu.permadi99@gmail.com",28,"Surabaya","2022-04-06","Instagram","free",5
"STU02632","Maya Wibowo","maya.wibowo341@yahoo.com",43,"Surabaya","2024-11-11","Referral","free",7
"STU01715","Dito Maulana","dito.maulana@gmail.com",35,"Jakarta","2024-10-06","Google","free",5
"STU00544","Mega Wulandari","mega.wulandari724@gmail.com",32,"Jakarta","2024-06-04","Google","basic",3
"STU01446","Rizky Wibowo","rizky.wibowo284@yahoo.com",19,"Denpasar","2023-02-07","Instagram","free",11
"STU01434","Mega Santoso","mega.santoso@outlook.com",26,"Surabaya","2023-06-04","Referral","basic",0
"STU01938","Ratna Lestari","ratna.lestari333@yahoo.com",23,"Surabaya","2023-09-18","Instagram","basic",1
"STU02390","Galih Lestari","galih.lestari@yahoo.com",25,"Medan","2024-09-06","YouTube","free",0
"STU00703","Fitri Hapsari","fitri.hapsari150@outlook.com",42,"Jakarta","2022-08-17","Instagram","free",5
"STU01805","Yuni Damayanti","yuni.damayanti@yahoo.com",27,"Jakarta","2024-04-25","Google","free",1
"STU02911","Bayu Kusuma","bayu.kusuma@yahoo.com",37,"Jakarta","2022-11-12","Referral","free",3
"STU01380","Putra Cahyani","putra.cahyani659@outlook.com",39,"Semarang","2024-12-09","Instagram","free",1
"STU02381","Dito Cahyani","dito.cahyani@gmail.com",31,"Bogor","2024-10-14","YouTube","free",1
"STU00371","Arif Lestari","arif.lestari149@outlook.com",21,"Jakarta","2022-01-20","Instagram","basic",2
"STU02159","Nita Hidayat","nita.hidayat@gmail.com",31,"Bandung","2022-12-03","Referral","free",1
"STU01977","Fajar Damayanti","fajar.damayanti@hotmail.com",27,"Surabaya","2022-10-03","Instagram","basic",3
"STU01435","Nita Anggraini","nita.anggraini@yahoo.com",32,"Jakarta","2024-06-17","Instagram","free",2
"STU01091","Reno Lestari","reno.lestari@outlook.com",28,"Jakarta","2022-02-12","Google","free",0
"STU01390","Indah Iskandar","indah.iskandar969@yahoo.com",45,"Palembang","2023-04-01","Instagram","free",1
"STU01686","Citra Hakim","citra.hakim@outlook.com",36,"Medan","2024-08-07","Instagram","free",3
"STU01409","Indah Maulana","indah.maulana981@gmail.com",20,"Bogor","2024-05-26","Referral","free",6
"STU01414","Bagus Rahmawati","bagus.rahmawati@yahoo.com",39,"Medan","2022-07-25","Referral","free",2
"STU01269","Fajar Mahendra","fajar.mahendra276@yahoo.com",28,"Bandung","2024-01-27","YouTube","free",3
"STU02436","Dimas Mahendra","dimas.mahendra923@outlook.com",41,"Medan","2024-07-09","YouTube","basic",3
"STU02207","Yoga Pertiwi","yoga.pertiwi505@hotmail9513@gmail.com",24,"Jakarta","2023-03-04","Instagram","pro",3
"STU02017","Dimas Hakim","dimas.hakim@gmail.com",19,"Bandung","2023-01-30","Instagram","free",5
"STU01832","Vina Kusuma","vina.kusuma30@yahoo.com",26,"Bandung","2022-09-27","YouTube","pro",6
"STU01637","Iqbal Pramudita","iqbal.pramudita995@outlook.com",32,"Yogyakarta","2023-06-09","Instagram","free",6
"STU00916","Sinta Lestari","sinta.lestari@yahoo.com",38,"Jakarta","2024-04-03","YouTube","free",3
"STU01825","Hadi Nugroho","hadi.nugroho@yahoo.com",18,"Yogyakarta","2022-10-07","YouTube","free",0
"STU01781","Bayu Anggara","bayu.anggara@outlook9549@gmail.com",34,"Medan","2024-12-31","Referral","free",0
"STU00012","Intan Hapsari","intan.hapsari75@hotmail.com",42,"Jakarta","2022-07-15","TikTok","basic",3
"STU02779","Dito Pertiwi","dito.pertiwi@hotmail8246@gmail.com",24,"Jakarta","2024-07-06","Referral","free",6
"STU02267","Permata Cahyani","permata.cahyani192@gmail1242@gmail.com",30,"Jakarta","2022-11-30","Referral","free",11
"STU01053","Kirana Kurniawan","kirana.kurniawan@yahoo.com",36,"Medan","2024-04-26","Referral","free",10
"STU01892","Sinta Yusuf","sinta.yusuf@gmail.com",34,"Jakarta","2024-09-03","Google","free",0
"STU02079","Adi Saputra","adi.saputra8@outlook.com",33,"Jakarta","2023-02-24","Instagram","free",4
"STU00855","Eko Iskandar","eko.iskandar@hotmail.com",43,"Denpasar","2024-04-14","YouTube","free",3
"STU00289","Ayu Nugroho","ayu.nugroho658@gmail.com",37,"Bandung","2022-12-22","Instagram","free",2
"STU02549","Dewi Hidayat","dewi.hidayat263@outlook.com",41,"Jakarta","2022-10-18","YouTube","free",6
"STU00853","Sinta Setiawan","sinta.setiawan@yahoo.com",37,"Jakarta","2023-01-03","Instagram","free",2
"STU02640","Indah Iskandar","indah.iskandar@gmail.com",44,"Bandung","2024-05-08","YouTube","free",0
"STU01810","Arif Cahyani","arif.cahyani@outlook.com",45,"Bandung","2024-03-16","YouTube","basic",3
"STU02957","Wahyu Cahyani","wahyu.cahyani@hotmail8151@gmail.com",39,"Medan","2023-08-23","Referral","pro",5
"STU02190","Iqbal Pertiwi","iqbal.pertiwi613@hotmail.com",28,"Denpasar","2022-10-02","Instagram","free",5
"STU00477","Luthfi Iskandar","luthfi.iskandar@gmail.com",29,"Yogyakarta","2022-05-25","Referral","free",3
"STU00292","Nadia Cahyani","nadia.cahyani634@gmail.com",25,"Bekasi","2024-03-14","Referral","free",2
"STU01331","Fitri Rahmawati","fitri.rahmawati850@yahoo.com",18,"Jakarta","2025-02-24","Google","basic",3
"STU02598","Ayu Putra","ayu.putra@gmail.com",36,"Medan","2023-09-26","Instagram","free",1
"STU02831","Tia Lestari","tia.lestari465@gmail.com",42,"Jakarta","2024-05-05","Google","free",2
"STU02971","Andi Putra","andi.putra697@outlook3561@gmail.com",38,"Jakarta","2023-06-13","Google","free",6
"STU01521","Lestari Hakim","lestari.hakim@gmail.com",34,"Jakarta","2023-03-31","Google","free",6
"STU00225","Fajar Kurniawan","fajar.kurniawan@outlook.com",40,"Surabaya","2023-05-22","TikTok","free",2
"STU02379","Siti Nugroho","siti.nugroho819@gmail.com",29,"Tangerang","2024-10-29","Instagram","free",3
"STU00324","Indah Setyowati","indah.setyowati917@hotmail.com",28,"Denpasar","2023-09-01","Instagram","basic",3
"STU02113","Iqbal Pramudita","iqbal.pramudita@gmail.com",18,"Jakarta","2023-01-08","Referral","free",6
"STU02696","Mawar Nugroho","mawar.nugroho@hotmail.com",28,"Yogyakarta","2024-02-24","TikTok","basic",2
"STU01321","Aditya Iskandar","aditya.iskandar22@outlook.com",36,"Yogyakarta","2023-02-03","Instagram","free",1
"STU00389","Lestari Susanto","lestari.susanto@hotmail.com",25,"Jakarta","2022-07-08","Organic","free",0
"STU01601","Kirana Susanto","kirana.susanto629@outlook.com",42,"Surabaya","2024-08-19","YouTube","free",6
"STU01115","Rizky Yusuf","rizky.yusuf@outlook.com",21,"Jakarta","2024-04-24","Google","free",0
"STU00606","Winda Anggara","winda.anggara@outlook.com",41,"Surabaya","2024-05-18","Google","free",10
"STU01859","Bayu Iskandar","bayu.iskandar74@outlook.com",45,"Semarang","2024-04-20","Organic","free",4
"STU00469","Fitri Rahmawati","fitri.rahmawati73@gmail.com",22,"Makassar","2024-11-25","YouTube","free",11
"STU01718","Wahyu Susanto","wahyu.susanto@yahoo.com",41,"Bandung","2023-07-31","YouTube","free",7
"STU01451","Eka Hidayat","eka.hidayat186@gmail.com",21,"Bekasi","2022-03-07","Instagram","free",6
"STU00299","Andi Susanto","andi.susanto317@gmail.com",29,"Semarang","2023-08-02","TikTok","pro",4
"STU00089","Aditya Setyowati","aditya.setyowati686@gmail.com",25,"Semarang","2022-07-17","YouTube","basic",3
"STU00117","Hana Wibowo","hana.wibowo@gmail.com",31,"Surabaya","2022-03-21","TikTok","basic",1
"STU02679","Ayu Hakim","ayu.hakim160@gmail.com",45,"Medan","2022-10-10","YouTube","basic",11
"STU02540","Hendra Santoso","hendra.santoso107@gmail8060@gmail.com",43,"Yogyakarta","2025-01-28","Instagram","pro",1
"STU00193","Siti Hidayat","siti.hidayat993@yahoo.com",30,"Bandung","2022-08-04","YouTube","free",10
"STU00126","Hendra Cahyani","hendra.cahyani767@hotmail.com",40,"Jakarta","2023-09-23","Instagram","free",3
"STU02096","Eko Permadi","eko.permadi793@gmail.com",29,"Bandung","2022-07-21","Google","free",1
"STU01382","Yuni Pratama","yuni.pratama@outlook.com",42,"Denpasar","2024-03-10","Referral","free",4
"STU00176","Eko Setyowati","eko.setyowati@hotmail.com",35,"Bandung","2025-01-03","TikTok","basic",1
"STU02345","Zahra Setyowati","zahra.setyowati@outlook444@gmail.com",39,"Jakarta","2024-06-29","YouTube","free",3
"STU02285","Vina Wibowo","vina.wibowo@outlook.com",42,"Jakarta","2022-03-03","Instagram","free",7
"STU02467","Putri Hapsari","putri.hapsari@gmail.com",32,"Denpasar","2025-01-12","Referral","pro",1
"STU01744","Naufal Anggara","naufal.anggara@gmail.com",18,"Surabaya","2024-01-23","Instagram","free",3
"STU00505","Umi Rahmawati","umi.rahmawati@gmail.com",21,"Bandung","2023-09-21","Instagram","free",6
"STU02631","Panji Saputra","panji.saputra308@gmail.com",37,"Bandung","2023-08-13","Organic","free",11
"STU00072","Gita Anggara","gita.anggara@gmail.com",27,"Jakarta","2024-07-23","Instagram","free",2
"STU01133","Satria Lestari","satria.lestari@gmail.com",39,"Malang","2024-07-30","Instagram","free",1
"STU00229","Rizky Damayanti","rizky.damayanti418@outlook.com",40,"Bandung","2023-04-19","Google","free",2
"STU01789","Yuni Saputra","yuni.saputra356@hotmail653@gmail.com",26,"Jakarta","2023-11-09","YouTube","free",7
"STU01076","Siti Saputra","siti.saputra957@outlook.com",33,"Jakarta","2024-07-20","YouTube","free",0
"STU01171","Zahra Pramudita","zahra.pramudita@yahoo.com",28,"Bekasi","2023-04-02","Instagram","pro",0
"STU01998","Hadi Hakim","hadi.hakim@outlook.com",37,"Denpasar","2024-11-08","Organic","free",2
"STU02969","Nadia Wulandari","nadia.wulandari@hotmail.com",32,"Jakarta","2023-12-19","YouTube","basic",6
"STU02340","Maya Yusuf","maya.yusuf@hotmail.com",19,"Bandung","2024-10-04","Google","basic",1
"STU01107","Bayu Hakim","bayu.hakim@yahoo.com",43,"Bekasi","2022-01-18","YouTube","pro",1
"STU00540","Indah Hidayat","indah.hidayat499@hotmail.com",25,"Yogyakarta","2022-12-13","Referral","free",2
"STU02907","Rizky Kusuma","rizky.kusuma@outlook.com",26,"Bandung","2022-03-17","YouTube","basic",4
"STU02816","Sinta Wijaya","sinta.wijaya@outlook.com",30,"Yogyakarta","2024-08-07","Instagram","free",2
"STU01589","Rizky Anggraini","rizky.anggraini@hotmail.com",31,"Palembang","2024-02-17","Referral","free",6
"STU00450","Nadia Pratama","nadia.pratama124@hotmail.com",18,"Malang","2023-09-13","Google","free",2
"STU00307","Bayu Iskandar","bayu.iskandar@hotmail.com",21,"Bekasi","2022-01-31","Google","basic",5
"STU00257","Gilang Cahyani","gilang.cahyani@yahoo.com",33,"Surabaya","2022-07-11","Referral","basic",3
"STU01873","Winda Permadi","winda.permadi@gmail.com",37,"Semarang","2024-06-10","Google","free",3
"STU01812","Siti Hakim","siti.hakim@gmail.com",36,"Yogyakarta","2023-03-24","Google","free",4
"STU01274","Vina Maulana","vina.maulana570@gmail.com",26,"Medan","2023-06-14","Instagram","free",8
"STU01841","Mawar Pertiwi","mawar.pertiwi@yahoo.com",21,"Bandung","2022-09-24","Instagram","free",0
"STU02217","Krisna Pramudita","krisna.pramudita@hotmail.com",23,"Bandung","2025-02-05","Referral","free",0
"STU00924","Ratna Kurniawan","ratna.kurniawan@yahoo7389@gmail.com",21,"Yogyakarta","2022-03-22","Google","pro",0
"STU01286","Galih Santoso","galih.santoso@yahoo.com",44,"Bandung","2023-07-19","TikTok","free",3
"STU02814","Maya Damayanti","maya.damayanti@outlook8874@gmail.com",19,"Jakarta","2023-12-31","Google","free",3
"STU00338","Bagus Anggara","bagus.anggara@gmail.com",39,"Medan","2023-08-17","Instagram","free",4
"STU01050","Putri Saputra","putri.saputra899@outlook.com",33,"Jakarta","2024-04-01","YouTube","basic",7
"STU01660","Putri Saputra","putri.saputra@gmail.com",25,"Yogyakarta","2023-11-21","Google","free",2
"STU02678","Olivia Mahendra","olivia.mahendra252@yahoo.com",22,"Surabaya","2023-02-11","Referral","free",6
"STU01716","Gilang Yusuf","gilang.yusuf@yahoo.com",38,"Yogyakarta","2023-05-07","Google","pro",2
"STU01532","Ferdi Kurniawan","ferdi.kurniawan@gmail.com",35,"Medan","2025-01-13","Instagram","free",3
"STU02360","Indah Santoso","indah.santoso778@hotmail.com",18,"Jakarta","2024-01-15","TikTok","basic",1
"STU01393","Winda Hakim","winda.hakim625@outlook.com",42,"Bandung","2024-09-25","Google","free",4
"STU00636","Sinta Permadi","sinta.permadi@yahoo.com",26,"Jakarta","2024-02-04","Referral","pro",2
"STU01342","Siti Pramudita","siti.pramudita@hotmail.com",37,"Denpasar","2023-07-31","Instagram","pro",11
"STU01177","Satria Permadi","satria.permadi@outlook.com",23,"Surabaya","2025-01-21","Google","free",6
"STU00663","Tia Setyowati","tia.setyowati274@yahoo.com",27,"Surabaya","2024-01-01","Instagram","pro",9
"STU02142","Surya Setiawan","surya.setiawan790@hotmail.com",39,"Semarang","2024-12-17","Instagram","free",1
"STU02061","Aditya Pertiwi","aditya.pertiwi423@hotmail.com",18,"Medan","2024-07-03","Instagram","pro",11
"STU02421","Mega Putra","mega.putra764@yahoo.com",36,"Bandung","2023-06-11","Instagram","pro",6
"STU00352","Yoga Putra","yoga.putra@yahoo.com",41,"Makassar","2024-02-14","Referral","free",11
"STU00814","Bagus Anggara","bagus.anggara@yahoo.com",40,"Semarang","2024-09-24","Referral","basic",0
"STU00720","Ferdi Wulandari","ferdi.wulandari@yahoo.com",25,"Jakarta","2024-07-23","YouTube","free",3
"STU02866","Intan Hidayat","intan.hidayat862@gmail3992@gmail.com",35,"Jakarta","2022-06-26","YouTube","free",1
"STU00398","Satria Hakim","satria.hakim442@yahoo.com",22,"Makassar","2024-03-23","TikTok","basic",0
"STU02746","Sinta Lestari","sinta.lestari@hotmail.com",33,"Surabaya","2022-07-12","Instagram","basic",3
"STU00346","Luthfi Wulandari","luthfi.wulandari@yahoo.com",38,"Yogyakarta","2024-03-10","Instagram","free",3
"STU02507","Winda Kusuma","winda.kusuma@hotmail.com",23,"Jakarta","2022-09-08","Google","free",0
"STU00277","Nadia Setiawan","nadia.setiawan@outlook.com",28,"Jakarta","2024-10-09","Referral","basic",0
"STU01542","Citra Ramadhan","citra.ramadhan@hotmail.com",33,"Bandung","2022-01-16","Referral","free",2
"STU00978","Tia Wulandari","tia.wulandari@hotmail.com",38,"Yogyakarta","2024-02-22","Instagram","basic",3
"STU02239","Reza Wibowo","reza.wibowo@gmail.com",23,"Bogor","2023-08-11","YouTube","free",3
"STU01908","Maya Wibowo","maya.wibowo@outlook.com",24,"Bogor","2024-03-27","Google","free",2
"STU00588","Nadia Cahyani","nadia.cahyani@hotmail.com",30,"Jakarta","2022-01-19","Instagram","basic",11
"STU01021","Gita Ramadhan","gita.ramadhan@yahoo.com",44,"Denpasar","2024-10-09","Instagram","free",3
"STU02972","Intan Pertiwi","intan.pertiwi@yahoo.com",25,"Malang","2022-08-03","Google","free",0
"STU01584","Ratna Kurniawan","ratna.kurniawan136@yahoo.com",44,"Semarang","2025-02-14","YouTube","free",3
"STU01036","Putra Susanto","putra.susanto262@hotmail.com",45,"Yogyakarta","2024-02-25","YouTube","free",2
"STU00244","Hana Lestari","hana.lestari@gmail.com",23,"Semarang","2024-06-15","TikTok","free",9
"STU01741","Umi Susanto","umi.susanto@yahoo.com",25,"Bandung","2024-06-29","TikTok","free",5
"STU01195","Andi Wibowo","andi.wibowo@yahoo.com",40,"Jakarta","2023-06-13","TikTok","basic",1
"STU01563","Iqbal Hakim","iqbal.hakim839@yahoo.com",29,"Palembang","2023-06-27","Google","free",0
"STU02652","Aditya Hakim","aditya.hakim470@outlook.com",45,"Surabaya","2022-02-28","Google","basic",3
"STU02524","Iqbal Wibowo","iqbal.wibowo@outlook.com",31,"Bekasi","2023-09-22","YouTube","basic",0
"STU02625","Andi Cahyani","andi.cahyani@outlook.com",32,"Bandung","2022-08-26","Organic","basic",1
"STU01019","Gita Setyowati","gita.setyowati@yahoo.com",29,"Medan","2024-01-31","Google","basic",4
"STU01512","Permata Rahmawati","permata.rahmawati45@outlook.com",25,"Denpasar","2022-08-30","Instagram","free",2
"STU00069","Panji Putra","panji.putra838@hotmail.com",23,"Jakarta","2023-09-28","Instagram","free",0
"STU01403","Kirana Wijaya","kirana.wijaya@yahoo.com",42,"Malang","2024-09-05","Google","free",4
"STU01951","Vina Hakim","vina.hakim@outlook.com",39,"Jakarta","2022-05-09","YouTube","free",10
"STU00047","Gita Maulana","gita.maulana598@gmail.com",32,"Medan","2024-11-15","Referral","free",3
"STU01012","Lestari Pratama","lestari.pratama@hotmail.com",20,"Surabaya","2022-11-10","YouTube","free",0
"STU00772","Hana Kurniawan","hana.kurniawan@hotmail.com",18,"Malang","2022-01-15","YouTube","basic",3
"STU01429","Indah Setiawan","indah.setiawan979@yahoo.com",41,"Bandung","2024-04-23","Google","pro",9
"STU01553","Panji Setiawan","panji.setiawan156@outlook.com",23,"Bogor","2024-07-14","Google","free",3
"STU00392","Iqbal Setyowati","iqbal.setyowati500@gmail.com",28,"Jakarta","2023-03-04","Instagram","basic",5
"STU02908","Yoga Anggraini","yoga.anggraini@gmail.com",25,"Semarang","2024-09-02","Instagram","free",0
"STU01708","Zahra Nugroho","zahra.nugroho525@hotmail.com",29,"Bandung","2024-01-11","YouTube","free",0
"STU02082","Naufal Anggara","naufal.anggara@yahoo.com",30,"Jakarta","2024-07-16","Google","free",9
"STU01726","Rizky Setiawan","rizky.setiawan379@gmail.com",35,"Yogyakarta","2022-01-17","YouTube","free",3
"STU02498","Siti Wulandari","siti.wulandari@yahoo.com",44,"Palembang","2024-05-16","Referral","free",11
"STU02832","Putra Setiawan","putra.setiawan@gmail.com",31,"Bandung","2024-07-22","Instagram","basic",1
"STU01423","Hana Anggara","hana.anggara765@outlook.com",35,"Bogor","2023-06-29","Instagram","basic",6
"STU00318","Eko Susanto","eko.susanto351@hotmail.com",24,"Yogyakarta","2024-09-02","Referral","free",2
"STU02416","Fitri Cahyani","fitri.cahyani588@hotmail.com",26,"Jakarta","2023-10-08","TikTok","free",0
"STU02073","Nita Setiawan","nita.setiawan271@hotmail.com",31,"Yogyakarta","2022-02-18","Instagram","free",1
"STU01663","Bagus Pratama","bagus.pratama439@gmail.com",20,"Semarang","2025-01-24","Referral","pro",3
"STU02569","Ayu Susanto","ayu.susanto@hotmail3319@gmail.com",41,"Surabaya","2025-01-25","TikTok","free",6
"STU02218","Sari Iskandar","sari.iskandar@yahoo.com",38,"Jakarta","2022-01-27","YouTube","free",3
"STU01905","Wahyu Hapsari","wahyu.hapsari@outlook.com",39,"Bandung","2024-10-16","YouTube","basic",3
"STU00950","Tia Setiawan","tia.setiawan65@hotmail.com",29,"Yogyakarta","2022-05-04","Instagram","pro",6
"STU00998","Yuni Kurniawan","yuni.kurniawan667@outlook.com",32,"Tangerang","2022-03-01","YouTube","basic",11
"STU02547","Zahra Anggraini","zahra.anggraini335@yahoo.com",23,"Palembang","2023-08-14","YouTube","free",3
"STU02409","Dewi Santoso","dewi.santoso36@outlook.com",37,"Jakarta","2023-10-04","YouTube","free",7
"STU02180","Andi Hakim","andi.hakim733@gmail.com",36,"Denpasar","2022-12-18","Instagram","pro",6
"STU00441","Ferdi Putra","ferdi.putra@hotmail.com",22,"Jakarta","2023-04-03","Referral","basic",1
"STU01386","Bayu Ramadhan","bayu.ramadhan@outlook.com",23,"Jakarta","2023-05-21","Referral","free",2
"STU00306","Reno Anggraini","reno.anggraini@hotmail.com",25,"Denpasar","2023-03-04","Instagram","basic",4
"STU02196","Gilang Permadi","gilang.permadi434@outlook.com",33,"Surabaya","2023-10-15","Instagram","free",3
"STU00993","Hana Pratama","hana.pratama@hotmail.com",35,"Jakarta","2022-05-20","Instagram","free",9
"STU01214","Ferdi Hidayat","ferdi.hidayat@outlook3480@gmail.com",32,"Makassar","2022-10-23","Instagram","free",2
"STU02367","Adi Kurniawan","adi.kurniawan706@yahoo.com",42,"Surabaya","2024-07-31","Instagram","pro",10
"STU02856","Hendra Kurniawan","hendra.kurniawan11@yahoo.com",18,"Makassar","2022-09-26","Instagram","free",0
"STU00603","Intan Saputra","intan.saputra@yahoo.com",23,"Medan","2023-07-23","TikTok","free",0
"STU01152","Bagus Pertiwi","bagus.pertiwi@gmail.com",33,"Jakarta","2023-04-04","YouTube","basic",5
"STU00374","Wahyu Kurniawan","wahyu.kurniawan@hotmail7230@gmail.com",28,"Palembang","2023-10-18","Instagram","free",0
"STU01874","Arif Wibowo","arif.wibowo@hotmail2472@gmail.com",23,"Bandung","2022-06-03","Referral","basic",0
"STU02737","Bagus Ramadhan","bagus.ramadhan@gmail.com",23,"Palembang","2023-10-18","YouTube","basic",3
"STU01205","Rizky Susanto","rizky.susanto665@gmail.com",38,"Bandung","2022-02-04","Instagram","basic",5
"STU01466","Iqbal Cahyani","iqbal.cahyani@gmail.com",31,"Bandung","2024-05-22","Google","basic",0
"STU02710","Arif Pertiwi","arif.pertiwi870@hotmail.com",39,"Medan","2024-02-20","Instagram","free",3
"STU02544","Fajar Wulandari","fajar.wulandari@gmail.com",29,"Surabaya","2023-06-24","Google","free",2
"STU02158","Krisna Saputra","krisna.saputra@outlook.com",38,"Jakarta","2024-09-30","Instagram","free",5
"STU01291","Luthfi Hidayat","luthfi.hidayat729@hotmail.com",34,"Makassar","2024-08-13","YouTube","basic",11
"STU01975","Krisna Setyowati","krisna.setyowati@yahoo.com",22,"Bandung","2024-03-19","Referral","free",10
"STU02230","Siti Pratama","siti.pratama@yahoo.com",32,"Denpasar","2022-12-22","YouTube","free",0
"STU00883","Adi Santoso","adi.santoso@outlook.com",31,"Jakarta","2023-09-27","YouTube","free",4
"STU02773","Adi Lestari","adi.lestari758@yahoo.com",19,"Jakarta","2023-06-22","Instagram","free",0
"STU01925","Hana Kurniawan","hana.kurniawan@hotmail6231@gmail.com",23,"Surabaya","2023-09-09","TikTok","free",6
"STU02641","Mawar Rahmawati","mawar.rahmawati306@outlook.com",22,"Jakarta","2024-11-30","Instagram","free",1
"STU00440","Mawar Kusuma","mawar.kusuma@gmail.com",21,"Yogyakarta","2024-11-12","Google","basic",1
"STU01334","Surya Hapsari","surya.hapsari@outlook.com",38,"Denpasar","2022-03-25","YouTube","basic",4
"STU01960","Wahyu Yusuf","wahyu.yusuf@outlook.com",27,"Jakarta","2022-12-15","TikTok","basic",3
"STU00140","Budi Rahmawati","budi.rahmawati@outlook.com",18,"Bandung","2024-01-08","Google","basic",7
"STU02151","Sinta Saputra","sinta.saputra@outlook.com",37,"Surabaya","2024-07-09","Organic","basic",7
"STU00539","Intan Kurniawan","intan.kurniawan@outlook.com",21,"Jakarta","2023-12-13","Google","free",11
"STU02454","Mawar Setyowati","mawar.setyowati@gmail.com",22,"Yogyakarta","2024-06-04","Instagram","free",5
"STU00135","Nita Mahendra","nita.mahendra699@outlook.com",28,"Bandung","2023-05-06","YouTube","basic",11
"STU01696","Hendra Wulandari","hendra.wulandari@yahoo.com",25,"Bandung","2022-09-26","YouTube","basic",3
"STU00649","Galih Ramadhan","galih.ramadhan843@gmail.com",37,"Medan","2024-03-26","Instagram","basic",3
"STU01185","Wahyu Kurniawan","wahyu.kurniawan@yahoo2488@gmail.com",28,"Surabaya","2022-11-25","YouTube","free",3
"STU01052","Surya Setiawan","surya.setiawan@hotmail.com",39,"Jakarta","2025-01-23","YouTube","free",2
"STU00734","Arif Wibowo","arif.wibowo@outlook.com",42,"Denpasar","2024-12-22","Instagram","pro",7
"STU02858","Gilang Wibowo","gilang.wibowo@gmail.com",23,"Semarang","2023-10-10","Referral","free",1
"STU00913","Eko Nugroho","eko.nugroho@hotmail.com",27,"Bekasi","2024-04-24","Google","basic",3
"STU00228","Eko Wijaya","eko.wijaya197@yahoo.com",31,"Surabaya","2022-02-06","Organic","free",3
"STU00674","Zahra Setiawan","zahra.setiawan@outlook.com",18,"Medan","2024-04-13","Referral","free",6
"STU02445","Rahmat Putra","rahmat.putra638@outlook.com",43,"Jakarta","2023-07-03","Google","pro",0
"STU02765","Permata Wijaya","permata.wijaya683@hotmail.com",43,"Bandung","2022-02-05","Instagram","free",5
"STU02366","Luthfi Cahyani","luthfi.cahyani30@yahoo.com",29,"Jakarta","2022-10-05","Instagram","basic",3
"STU00439","Andi Kurniawan","andi.kurniawan@gmail.com",28,"Palembang","2022-07-19","YouTube","free",0
"STU02778","Naufal Damayanti","naufal.damayanti@gmail.com",29,"Surabaya","2025-01-28","Instagram","basic",2
"STU00999","Nita Rahmawati","nita.rahmawati@hotmail.com",24,"Yogyakarta","2023-01-14","Referral","free",2
"STU00359","Hana Yusuf","hana.yusuf@gmail.com",23,"Medan","2024-12-04","Instagram","free",6
"STU00624","Vina Lestari","vina.lestari@yahoo.com",41,"Makassar","2022-09-29","Instagram","free",6
"STU02697","Winda Hidayat","winda.hidayat689@gmail.com",45,"Jakarta","2024-05-13","Referral","free",0
"STU02607","Eko Saputra","eko.saputra@outlook.com",44,"Surabaya","2023-12-07","YouTube","basic",11
"STU00598","Mawar Hidayat","mawar.hidayat535@hotmail.com",28,"Bogor","2023-07-22","Google","free",8
"STU01112","Eko Nugroho","eko.nugroho472@hotmail.com",39,"Semarang","2024-03-19","YouTube","basic",4
"STU02480","Fajar Iskandar","fajar.iskandar112@yahoo.com",21,"Jakarta","2022-02-27","Referral","free",4
"STU00748","Zahra Wibowo","zahra.wibowo138@gmail.com",28,"Surabaya","2024-04-27","TikTok","free",5
"STU02101","Rizky Saputra","rizky.saputra@gmail.com",18,"Denpasar","2023-03-06","Google","free",1
"STU01986","Maya Iskandar","maya.iskandar@yahoo.com",29,"Surabaya","2023-12-12","Google","pro",5
"STU00181","Diah Hakim","diah.hakim968@gmail.com",25,"Bandung","2023-09-08","Instagram","free",3
"STU01140","Mawar Susanto","mawar.susanto249@yahoo.com",37,"Bogor","2024-09-12","Instagram","free",1
"STU00317","Gilang Hidayat","gilang.hidayat@hotmail.com",42,"Bandung","2024-06-06","Instagram","pro",9
"STU02016","Yoga Pratama","yoga.pratama912@yahoo.com",23,"Semarang","2024-05-08","Referral","free",6
"STU00113","Wahyu Cahyani","wahyu.cahyani390@hotmail.com",27,"Medan","2024-07-17","Referral","free",0
"STU01948","Putri Damayanti","putri.damayanti@yahoo.com",25,"Bekasi","2024-12-03","Instagram","free",0
"STU00867","Zahra Lestari","zahra.lestari@hotmail.com",43,"Jakarta","2024-07-06","Instagram","basic",0
"STU01292","Wahyu Wijaya","wahyu.wijaya94@yahoo8170@gmail.com",24,"Surabaya","2022-10-03","YouTube","basic",1
"STU00336","Olivia Wibowo","olivia.wibowo@gmail.com",20,"Bandung","2022-08-01","Instagram","basic",10
"STU02706","Citra Saputra","citra.saputra@hotmail.com",33,"Medan","2024-03-30","TikTok","free",1
"STU02643","Maya Santoso","maya.santoso916@gmail1459@gmail.com",30,"Surabaya","2023-10-14","TikTok","pro",0
"STU00639","Hadi Setiawan","hadi.setiawan@yahoo.com",36,"Jakarta","2022-10-13","Organic","free",9
"STU01974","Bagus Setyowati","bagus.setyowati@gmail.com",42,"Jakarta","2024-08-09","Instagram","basic",6
"STU00911","Fajar Putra","fajar.putra@yahoo.com",45,"Jakarta","2024-01-15","Instagram","free",0
"STU01728","Indah Pertiwi","indah.pertiwi147@outlook.com",43,"Bandung","2024-01-31","Google","free",10
"STU01330","Rahmat Lestari","rahmat.lestari803@hotmail.com",36,"Jakarta","2024-02-14","Referral","free",6
"STU01788","Mega Wibowo","mega.wibowo@outlook9478@gmail.com",32,"Medan","2024-07-10","Google","free",0
"STU02570","Aditya Kurniawan","aditya.kurniawan676@outlook.com",31,"Surabaya","2025-01-28","Organic","free",11
"STU02106","Winda Ramadhan","winda.ramadhan@gmail.com",20,"Semarang","2023-02-26","Instagram","free",3
"STU01723","Eka Iskandar","eka.iskandar@outlook.com",41,"Bandung","2023-11-19","Instagram","basic",2
"STU00115","Sari Nugroho","sari.nugroho@gmail.com",18,"Makassar","2024-10-22","Instagram","free",2
"STU02516","Dimas Hakim","dimas.hakim@hotmail.com",30,"Jakarta","2024-07-15","Google","free",6
"STU01328","Reno Ramadhan","reno.ramadhan@gmail.com",22,"Jakarta","2024-06-08","Referral","free",10
"STU00325","Arif Ramadhan","arif.ramadhan@hotmail.com",33,"Medan","2025-01-01","Referral","pro",5
"STU00077","Fitri Pertiwi","fitri.pertiwi@outlook.com",20,"Surabaya","2022-08-04","Referral","free",1
"STU02899","Reno Pratama","reno.pratama@hotmail.com",24,"Bandung","2023-10-04","Instagram","pro",4
"STU00409","Nadia Pratama","nadia.pratama@hotmail.com",28,"Yogyakarta","2022-02-12","Instagram","free",1
"STU00917","Bayu Mahendra","bayu.mahendra252@yahoo.com",42,"Bandung","2024-09-23","Instagram","free",1
"STU00593","Yoga Anggraini","yoga.anggraini711@gmail.com",35,"Jakarta","2024-07-28","TikTok","free",1
"STU00208","Vina Nugroho","vina.nugroho@gmail.com",31,"Jakarta","2024-10-11","Instagram","free",6
"STU02759","Mawar Permadi","mawar.permadi@hotmail4072@gmail.com",40,"Yogyakarta","2024-10-31","Referral","free",0
"STU01669","Citra Kurniawan","citra.kurniawan401@yahoo.com",27,"Surabaya","2022-08-05","Referral","free",9
"STU01524","Siti Yusuf","siti.yusuf@gmail.com",27,"Jakarta","2022-06-01","TikTok","free",1
"STU00499","Umi Pertiwi","umi.pertiwi@gmail.com",28,"Medan","2024-06-07","Instagram","basic",0
"STU02665","Bagus Pratama","bagus.pratama596@outlook.com",31,"Bandung","2022-07-23","YouTube","free",1
"STU02415","Luthfi Maulana","luthfi.maulana@outlook.com",38,"Yogyakarta","2024-04-06","Referral","basic",11
"STU00903","Surya Hakim","surya.hakim665@hotmail.com",36,"Semarang","2024-03-01","YouTube","free",3
"STU00342","Vina Pramudita","vina.pramudita@hotmail.com",39,"Makassar","2023-05-10","YouTube","free",2
"STU01980","Dewi Pramudita","dewi.pramudita218@hotmail.com",24,"Jakarta","2024-03-31","TikTok","free",3
"STU02327","Putra Kusuma","putra.kusuma@yahoo.com",20,"Bandung","2024-10-13","Referral","basic",3
"STU02111","Bayu Pramudita","bayu.pramudita611@hotmail.com",26,"Bandung","2024-09-12","Referral","free",1
"STU02882","Yoga Wibowo","yoga.wibowo@hotmail.com",23,"Denpasar","2024-10-09","Referral","pro",2
"STU01033","Hendra Anggara","hendra.anggara@hotmail.com",29,"Bandung","2024-04-05","Google","free",0
"STU00092","Arif Hidayat","arif.hidayat178@gmail.com",30,"Bandung","2023-10-10","Organic","basic",6
"STU02004","Wahyu Kusuma","wahyu.kusuma@outlook.com",34,"Surabaya","2023-04-01","TikTok","free",4
"STU01836","Sinta Pertiwi","sinta.pertiwi@hotmail.com",38,"Jakarta","2024-10-11","Instagram","free",4
"STU01628","Maya Setyowati","maya.setyowati@hotmail.com",19,"Jakarta","2022-10-06","Referral","free",11
"STU01083","Zahra Hakim","zahra.hakim243@yahoo.com",18,"Jakarta","2025-02-07","Instagram","free",3
"STU00303","Dito Anggara","dito.anggara641@gmail.com",40,"Surabaya","2023-04-20","Instagram","basic",0
"STU02848","Dito Rahmawati","dito.rahmawati@hotmail.com",33,"Palembang","2022-09-01","Instagram","free",5
"STU01796","Nita Permadi","nita.permadi289@hotmail.com",39,"Jakarta","2024-06-09","Instagram","free",3
"STU02967","Krisna Saputra","krisna.saputra@yahoo.com",32,"Bandung","2025-01-29","TikTok","free",6
"STU02504","Naufal Santoso","naufal.santoso308@gmail.com",30,"Jakarta","2024-02-03","Referral","free",5
"STU00028","Bagus Santoso","bagus.santoso@hotmail.com",37,"Bandung","2023-03-13","Instagram","basic",1
"STU00171","Tia Anggraini","tia.anggraini@gmail.com",42,"Bandung","2024-08-07","Instagram","free",3
"STU01946","Winda Pramudita","winda.pramudita@gmail.com",28,"Bandung","2023-04-19","YouTube","free",2
"STU01949","Rahmat Wulandari","rahmat.wulandari486@yahoo.com",43,"Medan","2025-02-14","YouTube","basic",0
"STU01204","Putra Hapsari","putra.hapsari555@gmail.com",26,"Jakarta","2022-11-22","Google","free",0
"STU02991","Naufal Wibowo","naufal.wibowo@outlook.com",44,"Jakarta","2024-05-13","Instagram","free",0
"STU02216","Siti Pertiwi","siti.pertiwi188@outlook.com",41,"Yogyakarta","2024-04-10","Instagram","pro",1
"STU02013","Krisna Kurniawan","krisna.kurniawan@hotmail.com",18,"Jakarta","2025-02-16","Referral","free",2
"STU00863","Ayu Damayanti","ayu.damayanti@yahoo7320@gmail.com",40,"Surabaya","2022-12-30","Google","pro",2
"STU02461","Arif Pratama","arif.pratama@yahoo.com",44,"Medan","2023-10-18","Google","pro",5
"STU02567","Sari Hakim","sari.hakim@hotmail.com",22,"Bandung","2025-02-03","Instagram","free",1
"STU01358","Yuni Setyowati","yuni.setyowati@yahoo.com",21,"Surabaya","2023-02-01","Google","basic",6
"STU00222","Dimas Hidayat","dimas.hidayat@yahoo.com",22,"Makassar","2023-12-06","Google","free",10
"STU00620","Indah Rahmawati","indah.rahmawati@gmail.com",27,"Bogor","2023-07-15","YouTube","basic",2
"STU00227","Arif Damayanti","arif.damayanti@yahoo.com",25,"Jakarta","2022-09-04","Referral","free",6
"STU02138","Ayu Ramadhan","ayu.ramadhan270@hotmail.com",35,"Bandung","2023-04-16","YouTube","free",1
"STU00851","Nadia Pertiwi","nadia.pertiwi@outlook.com",45,"Bandung","2022-01-14","Referral","free",6
"STU02037","Sinta Hakim","sinta.hakim994@yahoo.com",26,"Semarang","2023-12-08","Google","free",0
"STU01568","Tia Hakim","tia.hakim@gmail7485@gmail.com",32,"Makassar","2024-03-26","YouTube","basic",3
"STU00973","Diah Setyowati","diah.setyowati@yahoo.com",43,"Jakarta","2023-07-13","Instagram","basic",3
"STU02119","Putri Mahendra","putri.mahendra@gmail.com",25,"Yogyakarta","2024-01-17","Instagram","free",6
"STU01158","Mawar Santoso","mawar.santoso@hotmail.com",31,"Bandung","2022-09-09","Instagram","free",4
"STU01837","Vina Kurniawan","vina.kurniawan@gmail6429@gmail.com",29,"Jakarta","2025-01-14","Google","free",1
"STU01120","Rahmat Wijaya","rahmat.wijaya150@gmail.com",27,"Jakarta","2024-02-06","Google","pro",3
"STU00383","Winda Anggraini","winda.anggraini@yahoo.com",23,"Surabaya","2022-06-30","Instagram","free",2
"STU00059","Umi Lestari","umi.lestari@outlook.com",25,"Makassar","2024-05-08","TikTok","basic",3
"STU01747","Aditya Anggara","aditya.anggara@yahoo.com",21,"Jakarta","2024-05-21","YouTube","pro",1
"STU00355","Lestari Pramudita","lestari.pramudita80@hotmail.com",45,"Jakarta","2024-01-11","Google","free",3
"STU02913","Kirana Pramudita","kirana.pramudita@outlook.com",44,"Denpasar","2024-10-07","Google","basic",6
"STU02960","Umi Mahendra","umi.mahendra@yahoo.com",33,"Denpasar","2023-12-04","Organic","free",3
"STU01800","Maya Iskandar","maya.iskandar@hotmail.com",26,"Jakarta","2022-02-05","Instagram","free",3
"STU01051","Satria Wulandari","satria.wulandari@gmail.com",18,"Jakarta","2022-11-28","Instagram","free",0
"STU00623","Krisna Setiawan","krisna.setiawan@hotmail1431@gmail.com",41,"Bandung","2023-05-21","TikTok","free",4
"STU02740","Nadia Pramudita","nadia.pramudita@gmail.com",38,"Surabaya","2024-07-24","TikTok","basic",2
"STU00134","Eko Yusuf","eko.yusuf@outlook.com",33,"Jakarta","2024-08-27","TikTok","basic",0
"STU01296","Luthfi Pratama","luthfi.pratama@outlook.com",42,"Denpasar","2024-04-29","YouTube","free",5
"STU00385","Yuni Hapsari","yuni.hapsari50@outlook.com",20,"Palembang","2023-06-25","Organic","basic",5
"STU02435","Surya Pramudita","surya.pramudita86@hotmail.com",30,"Yogyakarta","2022-09-29","Instagram","basic",2
"STU01622","Hadi Setiawan","hadi.setiawan@outlook.com",41,"Bandung","2023-07-28","YouTube","free",4
"STU00180","Wahyu Kurniawan","wahyu.kurniawan@gmail.com",20,"Yogyakarta","2022-09-13","Instagram","basic",4
"STU02742","Reno Pertiwi","reno.pertiwi@yahoo.com",28,"Bandung","2022-09-20","Instagram","free",0
"STU02614","Nadia Permadi","nadia.permadi@outlook.com",30,"Jakarta","2024-01-22","Referral","free",3
"STU01210","Maya Yusuf","maya.yusuf@outlook8253@gmail.com",18,"Jakarta","2022-08-23","YouTube","free",2
"STU01525","Naufal Hidayat","naufal.hidayat@yahoo.com",29,"Malang","2022-12-01","Google","free",2
"STU00945","Nita Anggraini","nita.anggraini295@gmail.com",32,"Surabaya","2023-01-14","Instagram","free",4
"STU02777","Tia Anggara","tia.anggara@outlook.com",40,"Jakarta","2023-03-28","Google","basic",6
"STU02363","Maya Wijaya","maya.wijaya245@hotmail.com",44,"Semarang","2022-01-18","YouTube","free",10
"STU00728","Nita Kurniawan","nita.kurniawan@yahoo.com",28,"Jakarta","2024-11-04","Instagram","free",1
"STU00372","Ratna Pratama","ratna.pratama@yahoo.com",32,"Semarang","2023-10-21","Google","basic",3
"STU02131","Wahyu Pertiwi","wahyu.pertiwi460@hotmail.com",28,"Surabaya","2022-07-21","YouTube","free",3
"STU00284","Andi Cahyani","andi.cahyani986@yahoo.com",30,"Bandung","2022-02-23","Instagram","basic",9
"STU02483","Bagus Setyowati","bagus.setyowati@hotmail.com",30,"Bandung","2022-03-17","YouTube","free",3
"STU00881","Reno Anggraini","reno.anggraini298@gmail.com",25,"Palembang","2023-11-09","Google","free",11
"STU02492","Lestari Wijaya","lestari.wijaya522@yahoo.com",21,"Jakarta","2022-06-06","Instagram","free",0
"STU01890","Rizky Putra","rizky.putra518@yahoo.com",24,"Yogyakarta","2023-04-08","Instagram","free",3
"STU01721","Eka Pratama","eka.pratama737@outlook.com",29,"Jakarta","2024-08-14","Instagram","free",1
"STU01770","Permata Permadi","permata.permadi849@hotmail.com",39,"Yogyakarta","2024-01-19","Google","basic",2
"STU01288","Yoga Lestari","yoga.lestari@outlook.com",25,"Jakarta","2023-02-24","Referral","free",2
"STU02442","Putri Pertiwi","putri.pertiwi@hotmail.com",27,"Semarang","2022-01-11","YouTube","free",3
"STU00794","Nita Kurniawan","nita.kurniawan@gmail.com",41,"Makassar","2023-07-27","Instagram","basic",3
"STU01830","Tia Setyowati","tia.setyowati921@gmail.com",23,"Surabaya","2023-07-24","YouTube","free",6
"STU00615","Ayu Damayanti","ayu.damayanti@yahoo.com",38,"Jakarta","2022-02-04","YouTube","free",0
"STU01492","Hendra Yusuf","hendra.yusuf@gmail.com",43,"Surabaya","2023-09-02","Instagram","free",1
"STU02966","Winda Hakim","winda.hakim525@outlook3716@gmail.com",18,"Jakarta","2022-06-23","YouTube","free",0
"STU00198","Eko Iskandar","eko.iskandar@gmail.com",41,"Denpasar","2024-01-29","Referral","free",2
"STU01674","Budi Nugroho","budi.nugroho@gmail.com",20,"Jakarta","2024-02-26","Referral","free",7
"STU00764","Krisna Nugroho","krisna.nugroho186@gmail.com",18,"Medan","2024-12-28","Instagram","free",0
"STU01768","Panji Hakim","panji.hakim@gmail.com",38,"Bekasi","2025-02-24","YouTube","pro",0
"STU02958","Mawar Pramudita","mawar.pramudita711@yahoo6128@gmail.com",37,"Bandung","2024-06-09","YouTube","free",1
"STU01819","Andi Hakim","andi.hakim@outlook.com",40,"Denpasar","2022-10-16","Google","free",5
"STU01808","Zahra Saputra","zahra.saputra626@yahoo.com",36,"Surabaya","2022-04-22","Google","free",3
"STU01957","Olivia Hapsari","olivia.hapsari@outlook.com",19,"Jakarta","2022-03-01","YouTube","free",4
"STU01838","Wahyu Damayanti","wahyu.damayanti@hotmail2530@gmail.com",28,"Bandung","2024-11-01","Referral","free",11
"STU00238","Ferdi Anggara","ferdi.anggara@gmail.com",35,"Bandung","2023-12-04","YouTube","free",11
"STU00472","Ratna Ramadhan","ratna.ramadhan893@yahoo.com",27,"Bandung","2022-06-03","Referral","free",3
"STU02127","Ratna Hapsari","ratna.hapsari684@outlook.com",25,"Surabaya","2023-09-27","Organic","basic",11
"STU00835","Ferdi Susanto","ferdi.susanto@hotmail.com",22,"Medan","2024-02-28","Instagram","pro",6
"STU02850","Eko Pramudita","eko.pramudita@outlook.com",43,"Surabaya","2022-05-12","TikTok","pro",1
"STU02202","Hendra Putra","hendra.putra@yahoo.com",21,"Semarang","2022-08-04","Instagram","free",3
"STU00936","Galih Cahyani","galih.cahyani198@hotmail.com",27,"Yogyakarta","2023-07-01","Google","basic",5
"STU00622","Dimas Wulandari","dimas.wulandari748@gmail.com",23,"Palembang","2023-10-13","Organic","free",6
"STU01717","Zahra Setyowati","zahra.setyowati@hotmail.com",26,"Surabaya","2023-03-28","Google","free",3
"STU00828","Tia Setyowati","tia.setyowati512@gmail.com",28,"Makassar","2023-12-22","Instagram","free",3
"STU02576","Hendra Hakim","hendra.hakim@hotmail.com",35,"Medan","2022-02-09","YouTube","free",6
"STU01111","Indah Anggraini","indah.anggraini255@yahoo.com",38,"Semarang","2022-03-28","Referral","free",1
"STU01784","Budi Maulana","budi.maulana@outlook.com",23,"Yogyakarta","2023-04-23","Google","free",3
"STU01671","Luthfi Santoso","luthfi.santoso877@gmail.com",20,"Jakarta","2022-02-01","YouTube","free",10
"STU02486","Permata Wibowo","permata.wibowo@hotmail.com",19,"Jakarta","2023-05-12","Google","free",3
"STU01162","Sinta Anggraini","sinta.anggraini@yahoo221@gmail.com",45,"Bandung","2022-12-03","Google","basic",1
"STU01813","Hendra Anggraini","hendra.anggraini306@yahoo.com",26,"Surabaya","2023-11-02","Referral","free",5
"STU02795","Intan Mahendra","intan.mahendra894@outlook.com",42,"Bogor","2022-03-31","Instagram","pro",1
"STU00931","Putra Susanto","putra.susanto@gmail.com",38,"Surabaya","2023-05-05","Google","free",1
"STU01620","Bagus Permadi","bagus.permadi722@outlook.com",31,"Jakarta","2023-07-18","Instagram","free",9
"STU01544","Intan Iskandar","intan.iskandar49@outlook.com",30,"Tangerang","2024-02-08","YouTube","basic",6
"STU01073","Arif Yusuf","arif.yusuf@outlook.com",23,"Semarang","2024-10-14","Instagram","free",3
"STU02392","Surya Setiawan","surya.setiawan618@outlook.com",31,"Jakarta","2024-09-28","TikTok","free",1
"STU00692","Fitri Putra","fitri.putra@yahoo.com",22,"Surabaya","2024-10-27","TikTok","free",8
"STU02411","Gilang Setyowati","gilang.setyowati485@outlook.com",41,"Malang","2022-04-20","Instagram","free",2
"STU00370","Reza Hapsari","reza.hapsari810@yahoo.com",29,"Medan","2023-05-18","Instagram","basic",0
"STU02154","Lestari Setiawan","lestari.setiawan@gmail.com",36,"Jakarta","2022-02-26","TikTok","basic",5
"STU00777","Bayu Anggraini","bayu.anggraini@gmail.com",19,"Medan","2023-03-06","Google","free",0
"STU01452","Nadia Cahyani","nadia.cahyani761@hotmail.com",25,"Malang","2023-02-10","YouTube","free",9
"STU01858","Diah Hakim","diah.hakim829@yahoo.com",18,"Jakarta","2024-01-26","Instagram","basic",0
"STU02656","Hadi Permadi","hadi.permadi287@gmail.com",44,"Semarang","2022-10-14","Instagram","free",2
"STU02278","Luthfi Damayanti","luthfi.damayanti@gmail.com",32,"Jakarta","2025-01-08","Google","pro",3
"STU01909","Eko Wibowo","eko.wibowo@gmail.com",26,"Jakarta","2023-08-17","Google","basic",5
"STU01498","Gilang Anggraini","gilang.anggraini@outlook.com",36,"Makassar","2022-08-22","Instagram","basic",3
"STU01132","Panji Wijaya","panji.wijaya495@gmail.com",25,"Jakarta","2024-08-17","Instagram","free",2
"STU02946","Iqbal Kurniawan","iqbal.kurniawan841@gmail.com",36,"Denpasar","2023-12-13","Referral","free",1
"STU00980","Sari Anggraini","sari.anggraini@outlook.com",23,"Bandung","2022-09-21","TikTok","free",8
"STU00561","Fitri Permadi","fitri.permadi56@outlook.com",33,"Semarang","2023-03-25","Google","free",1
"STU00130","Arif Wijaya","arif.wijaya924@hotmail7320@gmail.com",38,"Denpasar","2022-08-12","YouTube","pro",1
"STU00660","Zahra Anggraini","zahra.anggraini@yahoo.com",34,"Jakarta","2024-07-20","Instagram","pro",0
"STU02894","Budi Saputra","budi.saputra@hotmail.com",40,"Jakarta","2024-03-31","YouTube","pro",3
"STU02165","Panji Saputra","panji.saputra@gmail.com",24,"Semarang","2022-06-14","YouTube","pro",6
"STU01713","Yoga Nugroho","yoga.nugroho805@hotmail.com",39,"Bogor","2022-10-09","Referral","basic",3
"STU02025","Adi Anggara","adi.anggara771@gmail.com",38,"Jakarta","2024-07-13","Instagram","free",3
"STU02069","Budi Wibowo","budi.wibowo635@gmail.com",42,"Bandung","2025-02-20","TikTok","free",3
"STU00614","Rahmat Setyowati","rahmat.setyowati@gmail.com",32,"Denpasar","2022-05-08","Instagram","free",2
"STU00706","Krisna Kurniawan","krisna.kurniawan706@hotmail.com",28,"Surabaya","2024-07-11","Google","basic",4
"STU01449","Dimas Damayanti","dimas.damayanti@hotmail.com",31,"Bandung","2024-08-13","Google","basic",3
"STU01345","Zahra Wijaya","zahra.wijaya@gmail.com",42,"Jakarta","2023-06-24","Google","free",0
"STU01055","Galih Wijaya","galih.wijaya@gmail.com",21,"Bandung","2024-12-10","Instagram","pro",0
"STU00637","Hana Lestari","hana.lestari@yahoo8406@gmail.com",21,"Surabaya","2024-05-12","Instagram","free",4
"STU00977","Bayu Wibowo","bayu.wibowo668@hotmail.com",20,"Jakarta","2024-01-25","Google","basic",0
"STU00504","Citra Iskandar","citra.iskandar631@outlook.com",29,"Surabaya","2023-07-05","Google","basic",5
"STU00387","Surya Anggara","surya.anggara327@yahoo.com",42,"Yogyakarta","2024-04-26","Instagram","basic",2
"STU00293","Naufal Cahyani","naufal.cahyani@gmail.com",44,"Surabaya","2024-08-17","Google","free",0
"STU01134","Nita Cahyani","nita.cahyani@outlook9554@gmail.com",35,"Jakarta","2025-01-27","YouTube","free",1
"STU01075","Nadia Kurniawan","nadia.kurniawan@outlook.com",21,"Denpasar","2024-02-11","Referral","free",4
"STU00815","Maya Maulana","maya.maulana750@outlook.com",25,"Yogyakarta","2024-10-09","Google","free",1
"STU01259","Krisna Pratama","krisna.pratama@gmail.com",45,"Yogyakarta","2022-03-04","Organic","free",0
"STU00672","Ferdi Hapsari","ferdi.hapsari588@hotmail.com",24,"Yogyakarta","2024-06-13","YouTube","free",6
"STU02262","Citra Putra","citra.putra@outlook.com",39,"Medan","2022-04-06","Instagram","pro",1
"STU01413","Putri Putra","putri.putra349@hotmail.com",19,"Bogor","2024-12-04","Google","free",4
"STU01201","Zahra Hakim","zahra.hakim@gmail.com",30,"Bandung","2022-03-25","YouTube","free",6
"STU02920","Wahyu Cahyani","wahyu.cahyani@yahoo.com",40,"Bogor","2022-08-09","Google","basic",2
"STU02615","Hendra Permadi","hendra.permadi@hotmail.com",18,"Makassar","2022-03-29","Referral","free",1
"STU00543","Budi Kusuma","budi.kusuma289@hotmail7388@gmail.com",34,"Medan","2022-09-16","Google","free",1
"STU00124","Reno Mahendra","reno.mahendra438@outlook.com",40,"Jakarta","2023-09-11","Google","free",3
"STU00808","Umi Setiawan","umi.setiawan@hotmail.com",36,"Medan","2023-02-01","TikTok","free",3
"STU00408","Reza Susanto","reza.susanto@yahoo.com",23,"Bandung","2023-11-12","YouTube","basic",3
"STU01576","Indah Kurniawan","indah.kurniawan939@outlook.com",26,"Yogyakarta","2023-06-21","Instagram","free",3
"STU02664","Arif Ramadhan","arif.ramadhan@gmail9991@gmail.com",19,"Yogyakarta","2022-01-05","Instagram","free",3
"STU00804","Winda Putra","winda.putra983@hotmail.com",27,"Palembang","2024-03-09","YouTube","basic",3
"STU02914","Yuni Setiawan","yuni.setiawan@gmail.com",44,"Makassar","2023-01-09","Organic","free",6
"STU02020","Satria Wulandari","satria.wulandari36@gmail.com",37,"Bandung","2023-11-18","YouTube","free",6
"STU02725","Putra Anggraini","putra.anggraini96@gmail.com",29,"Yogyakarta","2024-11-22","Google","free",3
"STU00887","Dito Anggraini","dito.anggraini653@gmail.com",21,"Semarang","2022-11-22","Referral","free",6
"STU02579","Indah Susanto","indah.susanto@yahoo.com",41,"Surabaya","2022-12-03","Instagram","pro",7
"STU00555","Permata Kusuma","permata.kusuma@hotmail.com",37,"Denpasar","2024-01-02","Instagram","free",6
"STU01262","Galih Susanto","galih.susanto118@outlook.com",42,"Semarang","2023-08-22","Organic","basic",6
"STU02462","Ratna Maulana","ratna.maulana431@yahoo4109@gmail.com",38,"Jakarta","2023-03-27","YouTube","pro",0
"STU01203","Rizky Hidayat","rizky.hidayat@gmail.com",21,"Semarang","2024-09-03","Instagram","pro",0
"STU01121","Galih Anggara","galih.anggara@hotmail.com",20,"Palembang","2023-08-26","Instagram","free",1
"STU01039","Rizky Santoso","rizky.santoso@gmail.com",32,"Jakarta","2024-02-17","Referral","free",1
"STU01764","Gilang Ramadhan","gilang.ramadhan@hotmail.com",23,"Jakarta","2023-11-23","Google","free",0
"STU00094","Dewi Saputra","dewi.saputra@hotmail.com",27,"Yogyakarta","2024-10-20","Referral","free",2
"STU00001","Arif Setyowati","arif.setyowati@gmail.com",45,"Yogyakarta","2023-07-23","Google","free",6
"STU00085","Iqbal Ramadhan","iqbal.ramadhan732@gmail.com",39,"Jakarta","2024-12-26","Instagram","free",3
"STU00319","Hendra Anggara","hendra.anggara160@hotmail.com",22,"Jakarta","2023-03-14","YouTube","free",3
"STU01475","Iqbal Permadi","iqbal.permadi966@gmail.com",33,"Surabaya","2022-11-28","Organic","free",4
"STU00451","Bagus Rahmawati","bagus.rahmawati@hotmail.com",19,"Jakarta","2023-12-28","Referral","basic",7
"STU00530","Panji Wijaya","panji.wijaya@gmail.com",40,"Jakarta","2022-12-08","Instagram","free",4
"STU00896","Reno Rahmawati","reno.rahmawati390@yahoo.com",27,"Jakarta","2024-11-01","Google","free",3
"STU00533","Mawar Yusuf","mawar.yusuf943@outlook7454@gmail.com",31,"Medan","2024-07-10","Instagram","basic",3
"STU02900","Winda Santoso","winda.santoso418@yahoo.com",44,"Jakarta","2022-07-12","Instagram","basic",10
"STU00514","Ayu Maulana","ayu.maulana209@outlook.com",36,"Jakarta","2024-01-31","Instagram","free",1
"STU02687","Luthfi Lestari","luthfi.lestari@outlook.com",36,"Bandung","2022-05-27","YouTube","free",1
"STU02823","Maya Pramudita","maya.pramudita931@hotmail.com",37,"Jakarta","2023-06-27","TikTok","basic",0
"STU02352","Ayu Hidayat","ayu.hidayat283@outlook.com",35,"Surabaya","2022-04-07","Referral","basic",6
"STU00480","Fitri Kusuma","fitri.kusuma871@yahoo.com",18,"Jakarta","2022-04-24","Referral","free",3
"STU01901","Sari Wibowo","sari.wibowo@yahoo.com",28,"Surabaya","2023-10-30","Instagram","free",6
"STU01486","Ferdi Damayanti","ferdi.damayanti@gmail.com",19,"Denpasar","2023-06-29","Google","free",3
"STU01040","Maya Yusuf","maya.yusuf@gmail.com",28,"Denpasar","2023-09-27","Instagram","pro",1
"STU00463","Satria Setiawan","satria.setiawan716@hotmail.com",30,"Denpasar","2022-09-30","Instagram","free",4
"STU01772","Lestari Iskandar","lestari.iskandar179@gmail.com",29,"Jakarta","2022-06-27","Instagram","free",5
"STU00205","Eko Pratama","eko.pratama@gmail.com",40,"Jakarta","2024-05-20","Instagram","free",6
"STU02426","Naufal Pramudita","naufal.pramudita@yahoo.com",28,"Surabaya","2024-03-25","Instagram","free",4
"STU01596","Budi Putra","budi.putra@gmail.com",32,"Yogyakarta","2024-04-07","Referral","basic",5
"STU02595","Yuni Nugroho","yuni.nugroho@yahoo.com",28,"Medan","2023-02-09","Google","free",4
"STU02377","Luthfi Mahendra","luthfi.mahendra431@yahoo.com",27,"Yogyakarta","2025-01-14","Instagram","free",2
"STU00428","Gilang Putra","gilang.putra@gmail.com",27,"Medan","2023-03-25","TikTok","free",3
"STU00373","Wahyu Saputra","wahyu.saputra617@yahoo.com",34,"Medan","2023-03-22","Google","basic",2
"STU01146","Yuni Saputra","yuni.saputra@yahoo.com",19,"Bandung","2022-01-05","Instagram","free",3
"STU02156","Sari Damayanti","sari.damayanti@yahoo.com",32,"Jakarta","2023-02-27","Google","pro",2
"STU02721","Mega Anggara","mega.anggara518@gmail.com",24,"Palembang","2022-03-28","Google","free",0
"STU00831","Diah Susanto","diah.susanto@outlook.com",42,"Surabaya","2022-11-23","Instagram","free",1
"STU01803","Dimas Pratama","dimas.pratama@hotmail.com",22,"Palembang","2022-05-06","Google","free",4
"STU02648","Tia Setyowati","tia.setyowati@yahoo.com",28,"Yogyakarta","2022-01-19","YouTube","basic",1
"STU01668","Reza Rahmawati","reza.rahmawati12@gmail.com",33,"Jakarta","2023-03-12","TikTok","free",1
"STU00323","Yoga Damayanti","yoga.damayanti@hotmail.com",34,"Semarang","2023-03-15","Google","free",0
"STU02594","Panji Pertiwi","panji.pertiwi514@outlook.com",27,"Bandung","2025-02-07","YouTube","basic",2
"STU01078","Nita Hidayat","nita.hidayat@hotmail.com",28,"Bandung","2022-09-02","Google","free",2
"STU00088","Galih Wulandari","galih.wulandari94@gmail.com",31,"Jakarta","2022-02-27","Referral","basic",3
"STU01131","Kirana Iskandar","kirana.iskandar939@yahoo.com",18,"Jakarta","2022-05-16","Instagram","free",0
"STU00524","Kirana Maulana","kirana.maulana371@hotmail.com",37,"Yogyakarta","2023-04-17","YouTube","free",0
"STU00629","Wahyu Iskandar","wahyu.iskandar720@hotmail.com",29,"Malang","2023-08-15","Google","basic",2
"STU02214","Panji Pertiwi","panji.pertiwi@outlook.com",41,"Jakarta","2024-02-04","Instagram","free",5
"STU01430","Dimas Cahyani","dimas.cahyani@outlook.com",39,"Jakarta","2022-06-04","Instagram","free",2
"STU00596","Diah Yusuf","diah.yusuf@outlook.com",35,"Jakarta","2025-01-13","Google","free",6
"STU01886","Reno Damayanti","reno.damayanti@hotmail.com",39,"Makassar","2023-02-22","Instagram","free",3
"STU02651","Yoga Hidayat","yoga.hidayat@outlook.com",25,"Denpasar","2024-03-26","Referral","free",1
"STU00023","Nita Susanto","nita.susanto994@gmail.com",34,"Bandung","2022-10-24","Instagram","basic",5
"STU01695","Mawar Yusuf","mawar.yusuf@gmail2190@gmail.com",19,"Bandung","2023-03-02","Instagram","free",0
"STU00381","Mega Anggraini","mega.anggraini@hotmail.com",45,"Jakarta","2022-09-06","YouTube","free",4
"STU00399","Intan Susanto","intan.susanto280@outlook.com",21,"Surabaya","2022-04-11","Google","basic",0
"STU01412","Bagus Pramudita","bagus.pramudita@gmail.com",43,"Surabaya","2023-10-30","TikTok","basic",0
"STU02295","Diah Santoso","diah.santoso565@outlook.com",36,"Jakarta","2024-07-13","Instagram","free",3
"STU01144","Fitri Damayanti","fitri.damayanti250@yahoo.com",28,"Bogor","2022-11-23","YouTube","free",2
"STU00554","Intan Lestari","intan.lestari@outlook.com",44,"Makassar","2023-04-20","YouTube","free",3
"STU00651","Putri Susanto","putri.susanto185@hotmail.com",22,"Tangerang","2023-08-07","Instagram","free",8
"STU02705","Iqbal Rahmawati","iqbal.rahmawati@yahoo.com",40,"Medan","2022-04-25","Instagram","basic",9
"STU02635","Budi Permadi","budi.permadi353@hotmail.com",35,"Bandung","2022-02-21","Referral","basic",1
"STU00948","Nita Mahendra","nita.mahendra@outlook.com",24,"Surabaya","2024-05-23","Google","free",1
"STU02983","Putri Wibowo","putri.wibowo@outlook.com",24,"Jakarta","2023-09-03","Referral","free",2
"STU01727","Zahra Setyowati","zahra.setyowati@outlook.com",34,"Jakarta","2022-06-29","Instagram","pro",4
"STU02720","Hadi Rahmawati","hadi.rahmawati@outlook.com",34,"Jakarta","2023-03-21","Instagram","pro",4
"STU00154","Panji Permadi","panji.permadi@outlook.com",42,"Malang","2024-01-18","TikTok","free",8
"STU02895","Panji Setyowati","panji.setyowati@hotmail.com",34,"Yogyakarta","2024-12-02","YouTube","free",3
"STU00150","Eka Wulandari","eka.wulandari@hotmail.com",38,"Jakarta","2025-02-24","Instagram","basic",4
"STU02465","Mega Wulandari","mega.wulandari@gmail.com",45,"Yogyakarta","2024-06-27","Google","free",5
"STU01319","Winda Pertiwi","winda.pertiwi@hotmail.com",20,"Yogyakarta","2024-12-05","Instagram","basic",8
"STU01256","Winda Setyowati","winda.setyowati823@yahoo.com",40,"Bandung","2022-07-03","Instagram","free",4
"STU01202","Zahra Pramudita","zahra.pramudita@outlook.com",26,"Medan","2022-04-17","Google","free",1
"STU00571","Naufal Cahyani","naufal.cahyani517@hotmail430@gmail.com",18,"Bandung","2025-01-14","YouTube","free",3
"STU00937","Satria Anggara","satria.anggara@gmail.com",43,"Jakarta","2023-10-15","Organic","free",2
"STU00585","Satria Hidayat","satria.hidayat@gmail.com",30,"Jakarta","2022-09-18","Instagram","basic",1
"STU02045","Luthfi Susanto","luthfi.susanto@outlook.com",35,"Semarang","2023-07-05","TikTok","basic",1
"STU01270","Galih Wibowo","galih.wibowo@hotmail.com",41,"Jakarta","2022-03-27","Instagram","free",2
"STU00483","Dimas Anggara","dimas.anggara631@outlook.com",29,"Medan","2023-02-01","Instagram","free",1
"STU01966","Iqbal Pratama","iqbal.pratama@outlook.com",26,"Surabaya","2023-11-05","YouTube","free",7
"STU00078","Fitri Anggara","fitri.anggara213@gmail.com",32,"Jakarta","2022-02-24","Instagram","pro",3
"STU02890","Krisna Ramadhan","krisna.ramadhan@yahoo.com",41,"Bogor","2022-10-24","Instagram","free",9
"STU01234","Gilang Putra","gilang.putra100@gmail.com",26,"Bandung","2022-01-24","Instagram","basic",5
"STU00287","Krisna Setiawan","krisna.setiawan@yahoo.com",41,"Medan","2024-12-16","Instagram","free",3
"STU00589","Ayu Mahendra","ayu.mahendra@outlook.com",34,"Denpasar","2023-10-23","Instagram","free",0
"STU01678","Dewi Santoso","dewi.santoso@yahoo.com",31,"Medan","2023-01-02","Referral","free",0
"STU01585","Surya Anggara","surya.anggara242@yahoo.com",36,"Makassar","2022-07-31","Google","basic",5
"STU01148","Andi Setiawan","andi.setiawan@outlook.com",21,"Jakarta","2022-03-21","Google","free",6
"STU01400","Winda Susanto","winda.susanto983@outlook.com",45,"Surabaya","2022-11-03","Google","free",3
"STU00426","Siti Mahendra","siti.mahendra855@gmail.com",19,"Tangerang","2023-05-30","Instagram","basic",1
"STU01008","Sari Rahmawati","sari.rahmawati434@outlook.com",20,"Bandung","2023-07-28","Instagram","free",6
"STU01246","Arif Saputra","arif.saputra112@hotmail.com",25,"Jakarta","2022-12-07","TikTok","basic",0
"STU02001","Iqbal Kurniawan","iqbal.kurniawan@hotmail9157@gmail.com",35,"Surabaya","2022-09-03","Instagram","free",1
"STU01095","Eko Yusuf","eko.yusuf@gmail.com",39,"Palembang","2025-02-27","YouTube","free",1
"STU02916","Lestari Hidayat","lestari.hidayat97@outlook6483@gmail.com",24,"Bandung","2022-04-18","Instagram","free",0
"STU00073","Ratna Setyowati","ratna.setyowati@outlook.com",30,"Jakarta","2022-12-25","Instagram","free",8
"STU01675","Gita Santoso","gita.santoso@gmail.com",27,"Medan","2023-11-17","YouTube","basic",11
"STU01642","Dewi Anggara","dewi.anggara@outlook.com",40,"Jakarta","2022-04-13","Referral","free",0
"STU02941","Fitri Lestari","fitri.lestari763@yahoo.com",26,"Bandung","2024-04-19","YouTube","free",2
"STU00301","Fitri Pramudita","fitri.pramudita@gmail.com",34,"Surabaya","2022-11-04","Google","free",8
"STU01359","Intan Wulandari","intan.wulandari@yahoo.com",36,"Yogyakarta","2025-01-23","Instagram","basic",3
"STU00944","Andi Anggraini","andi.anggraini329@yahoo.com",33,"Makassar","2023-02-09","Referral","free",1
"STU00520","Kirana Cahyani","kirana.cahyani900@gmail.com",37,"Denpasar","2024-08-25","Organic","free",6
"STU00178","Reza Damayanti","reza.damayanti@yahoo.com",18,"Makassar","2025-02-10","YouTube","free",3
"STU02372","Maya Maulana","maya.maulana571@gmail.com",38,"Palembang","2025-02-23","Instagram","basic",1
"STU00515","Putri Rahmawati","putri.rahmawati@outlook.com",22,"Medan","2022-02-20","Instagram","free",2
"STU00153","Nadia Damayanti","nadia.damayanti390@gmail.com",27,"Bandung","2022-05-07","YouTube","free",5
"STU00966","Galih Iskandar","galih.iskandar@gmail.com",18,"Surabaya","2024-07-04","Organic","free",11
"STU02834","Vina Kusuma","vina.kusuma434@yahoo.com",42,"Bandung","2024-05-21","Instagram","basic",2
"STU01176","Mawar Putra","mawar.putra@outlook.com",42,"Bandung","2022-08-26","Instagram","pro",4
"STU01605","Putra Maulana","putra.maulana@hotmail.com",43,"Palembang","2022-05-29","Referral","free",3
"STU00044","Lestari Iskandar","lestari.iskandar@gmail.com",24,"Jakarta","2023-03-26","Google","free",3
"STU00344","Vina Setyowati","vina.setyowati@outlook.com",28,"Palembang","2022-12-16","Google","free",3
"STU00206","Maya Cahyani","maya.cahyani@gmail.com",37,"Jakarta","2024-07-07","TikTok","pro",3
"STU00678","Olivia Yusuf","olivia.yusuf399@hotmail.com",35,"Makassar","2022-01-26","TikTok","pro",3
"STU01034","Ferdi Yusuf","ferdi.yusuf398@outlook.com",24,"Jakarta","2023-09-15","Referral","free",1
"STU00951","Putri Lestari","putri.lestari@hotmail.com",18,"Medan","2022-06-30","YouTube","pro",5
"STU02860","Hendra Mahendra","hendra.mahendra@hotmail.com",39,"Bandung","2023-12-14","Referral","free",5
"STU02283","Iqbal Pramudita","iqbal.pramudita32@gmail.com",34,"Jakarta","2022-05-15","TikTok","basic",4
"STU01863","Putri Susanto","putri.susanto@gmail.com",38,"Bandung","2025-02-02","Instagram","free",0
"STU02265","Panji Lestari","panji.lestari@yahoo.com",22,"Medan","2022-08-30","Referral","basic",0
"STU02157","Andi Anggraini","andi.anggraini967@yahoo.com",33,"Jakarta","2022-07-31","Instagram","free",3
"STU00434","Bayu Maulana","bayu.maulana@outlook.com",34,"Surabaya","2024-01-03","TikTok","free",8
"STU01958","Dimas Wijaya","dimas.wijaya@outlook.com",33,"Jakarta","2023-04-12","TikTok","pro",0
"STU00884","Reno Rahmawati","reno.rahmawati@outlook.com",31,"Jakarta","2022-01-21","Instagram","free",1
"STU00025","Arif Rahmawati","arif.rahmawati@gmail.com",28,"Malang","2023-01-23","Google","basic",11
"STU00095","Ferdi Hakim","ferdi.hakim@yahoo.com",26,"Surabaya","2022-07-14","TikTok","free",0
"STU01013","Rizky Permadi","rizky.permadi@gmail.com",19,"Denpasar","2024-10-15","Instagram","free",6
"STU01739","Yuni Pramudita","yuni.pramudita@hotmail.com",26,"Semarang","2023-07-01","YouTube","free",3
"STU01411","Luthfi Wibowo","luthfi.wibowo236@yahoo.com",20,"Bandung","2023-04-30","Google","basic",1
"STU02514","Wahyu Permadi","wahyu.permadi653@yahoo.com",24,"Jakarta","2022-02-28","YouTube","free",0
"STU01511","Kirana Pramudita","kirana.pramudita@hotmail.com",41,"Makassar","2024-03-14","Instagram","free",11
"STU00518","Dimas Yusuf","dimas.yusuf321@outlook.com",24,"Bandung","2024-02-15","TikTok","free",2
"STU01848","Fajar Hakim","fajar.hakim@yahoo.com",18,"Jakarta","2024-01-09","Instagram","pro",0
"STU01344","Permata Nugroho","permata.nugroho818@gmail8162@gmail.com",41,"Malang","2024-08-29","Instagram","free",3
"STU00256","Aditya Kurniawan","aditya.kurniawan645@hotmail.com",22,"Jakarta","2024-07-02","Instagram","basic",2
"STU00673","Sinta Anggraini","sinta.anggraini@outlook.com",34,"Jakarta","2022-04-04","Referral","free",0
"STU02095","Gilang Saputra","gilang.saputra@outlook.com",36,"Palembang","2024-05-09","Instagram","free",9
"STU01208","Kirana Santoso","kirana.santoso217@hotmail.com",24,"Bekasi","2024-12-16","Instagram","basic",0
"STU02553","Galih Permadi","galih.permadi29@gmail.com",39,"Jakarta","2022-04-05","Instagram","basic",1
"STU01782","Olivia Hakim","olivia.hakim@yahoo.com",44,"Surabaya","2023-03-02","Instagram","free",4
"STU02937","Bagus Setiawan","bagus.setiawan392@hotmail.com",31,"Bandung","2024-05-17","Instagram","free",5
"STU01487","Fitri Mahendra","fitri.mahendra989@outlook.com",38,"Medan","2022-02-21","Referral","basic",3
"STU00805","Yuni Kusuma","yuni.kusuma@yahoo.com",41,"Surabaya","2023-09-07","Instagram","free",0
"STU00912","Kirana Damayanti","kirana.damayanti@hotmail.com",29,"Jakarta","2023-09-21","Organic","free",3
"STU00785","Hana Kusuma","hana.kusuma@outlook.com",22,"Bandung","2023-10-24","Instagram","free",2
"STU00273","Diah Pramudita","diah.pramudita939@hotmail.com",39,"Jakarta","2024-01-26","TikTok","free",3
"STU02215","Luthfi Iskandar","luthfi.iskandar569@yahoo.com",23,"Medan","2023-01-11","YouTube","free",3
"STU01617","Hana Setyowati","hana.setyowati@outlook.com",31,"Bandung","2024-11-01","Instagram","basic",10
"STU02058","Putri Wulandari","putri.wulandari904@gmail.com",28,"Jakarta","2022-07-09","YouTube","basic",3
"STU00010","Budi Kusuma","budi.kusuma@gmail.com",36,"Bandung","2023-11-16","YouTube","free",3
"STU01209","Diah Nugroho","diah.nugroho@hotmail.com",36,"Surabaya","2023-08-13","YouTube","free",6
"STU00432","Nadia Mahendra","nadia.mahendra@outlook.com",27,"Yogyakarta","2022-06-25","YouTube","free",1
"STU00054","Vina Iskandar","vina.iskandar@gmail.com",33,"Surabaya","2024-11-15","Instagram","basic",3
"STU00781","Siti Hapsari","siti.hapsari30@hotmail.com",19,"Surabaya","2022-10-23","Instagram","free",1
"STU02769","Rizky Wulandari","rizky.wulandari740@gmail.com",36,"Medan","2022-04-18","Referral","free",1
"STU02999","Ferdi Santoso","ferdi.santoso185@yahoo.com",33,"Jakarta","2024-05-15","Google","pro",1
"STU01159","Zahra Anggraini","zahra.anggraini485@gmail.com",29,"Bandung","2022-11-17","Instagram","free",4
"STU00709","Ratna Anggara","ratna.anggara@yahoo.com",41,"Bandung","2022-09-21","Instagram","free",5
"STU02386","Sinta Anggara","sinta.anggara956@gmail.com",42,"Bandung","2024-12-10","YouTube","basic",2
"STU00743","Aditya Mahendra","aditya.mahendra@outlook.com",35,"Jakarta","2025-02-20","Instagram","free",2
"STU00990","Bagus Lestari","bagus.lestari@gmail.com",38,"Yogyakarta","2023-04-07","Google","free",1
"STU02646","Bagus Pratama","bagus.pratama@yahoo.com",33,"Palembang","2024-03-27","Instagram","basic",4
"STU00865","Zahra Wibowo","zahra.wibowo700@yahoo.com",36,"Medan","2024-11-27","Google","free",11
"STU01567","Dimas Nugroho","dimas.nugroho@yahoo.com",40,"Medan","2024-07-05","Referral","basic",6
"STU02692","Vina Ramadhan","vina.ramadhan@outlook.com",42,"Yogyakarta","2024-03-01","Organic","free",6
"STU02246","Hadi Damayanti","hadi.damayanti907@outlook.com",33,"Yogyakarta","2023-07-03","YouTube","free",4
"STU01710","Fitri Permadi","fitri.permadi@outlook.com",37,"Jakarta","2023-01-22","Google","free",0
"STU00962","Permata Wijaya","permata.wijaya109@gmail.com",28,"Bandung","2024-09-03","TikTok","basic",0
"STU02922","Eka Maulana","eka.maulana899@yahoo.com",24,"Bogor","2024-08-21","Instagram","free",0
"STU01394","Vina Kurniawan","vina.kurniawan199@outlook.com",38,"Denpasar","2022-09-03","Instagram","free",5
"STU00745","Rizky Santoso","rizky.santoso741@hotmail.com",41,"Jakarta","2024-08-20","Referral","free",3
"STU02276","Nita Setiawan","nita.setiawan349@hotmail.com",24,"Yogyakarta","2022-01-05","TikTok","free",2
"STU01866","Naufal Rahmawati","naufal.rahmawati871@yahoo.com",21,"Jakarta","2022-12-21","YouTube","basic",0
"STU00918","Nita Wulandari","nita.wulandari@gmail.com",39,"Jakarta","2022-07-18","Instagram","pro",2
"STU02555","Arif Santoso","arif.santoso@outlook.com",23,"Jakarta","2024-11-24","Instagram","free",3
"STU02067","Lestari Anggraini","lestari.anggraini140@hotmail.com",25,"Jakarta","2024-01-05","YouTube","free",3
"STU01919","Ayu Iskandar","ayu.iskandar@gmail5956@gmail.com",30,"Jakarta","2023-08-23","Instagram","free",7
"STU02387","Fitri Cahyani","fitri.cahyani@hotmail.com",36,"Yogyakarta","2023-03-16","Instagram","free",0
"STU00455","Gita Anggraini","gita.anggraini@yahoo.com",26,"Yogyakarta","2023-09-13","YouTube","free",8
"STU02130","Winda Hidayat","winda.hidayat253@outlook.com",28,"Tangerang","2022-08-16","YouTube","free",0
"STU01442","Indah Santoso","indah.santoso@hotmail.com",19,"Denpasar","2022-03-24","Instagram","free",5
"STU01509","Mawar Saputra","mawar.saputra413@gmail.com",42,"Surabaya","2022-06-22","TikTok","basic",11
"STU00179","Umi Susanto","umi.susanto132@yahoo.com",38,"Jakarta","2022-11-27","Organic","free",6
"STU02873","Adi Kurniawan","adi.kurniawan@outlook.com",29,"Malang","2023-06-16","Referral","basic",0
"STU01081","Sari Wijaya","sari.wijaya@gmail.com",18,"Medan","2022-08-17","Google","free",6
"STU02722","Dimas Wulandari","dimas.wulandari@outlook.com",30,"Surabaya","2023-08-01","TikTok","basic",0
"STU01822","Bayu Santoso","bayu.santoso@outlook.com",19,"Bekasi","2022-12-01","YouTube","pro",2
"STU01272","Nita Ramadhan","nita.ramadhan@gmail.com",42,"Medan","2024-12-12","Google","free",5
"STU00279","Fitri Hakim","fitri.hakim@hotmail.com",35,"Yogyakarta","2025-01-03","Instagram","pro",3
"STU02985","Adi Iskandar","adi.iskandar34@gmail.com",36,"Yogyakarta","2023-07-23","Instagram","free",0
"STU02776","Winda Damayanti","winda.damayanti@outlook.com",42,"Denpasar","2024-07-28","Referral","pro",1
"STU00083","Naufal Pratama","naufal.pratama@yahoo.com",27,"Medan","2022-09-12","Referral","pro",2
"STU02963","Yoga Wijaya","yoga.wijaya883@yahoo8929@gmail.com",28,"Semarang","2024-10-01","Referral","pro",11
"STU00412","Naufal Pratama","naufal.pratama@outlook.com",44,"Yogyakarta","2023-04-13","TikTok","free",0
"STU01867","Galih Cahyani","galih.cahyani679@gmail.com",40,"Makassar","2024-02-02","Instagram","basic",6
"STU00826","Gita Hapsari","gita.hapsari470@outlook.com",42,"Jakarta","2022-11-25","Referral","basic",6
"STU02619","Budi Rahmawati","budi.rahmawati@hotmail.com",31,"Jakarta","2025-01-13","Instagram","free",3
"STU02874","Fitri Yusuf","fitri.yusuf@hotmail.com",29,"Bandung","2023-11-25","Google","pro",0
"STU02264","Eka Pratama","eka.pratama@outlook.com",43,"Tangerang","2023-10-23","Instagram","free",0
"STU02910","Aditya Anggraini","aditya.anggraini@yahoo.com",39,"Yogyakarta","2025-01-27","Instagram","free",2
"STU02977","Gita Hakim","gita.hakim43@hotmail.com",44,"Surabaya","2024-10-12","YouTube","basic",6
"STU01820","Eka Pertiwi","eka.pertiwi825@gmail8083@gmail.com",32,"Jakarta","2023-08-09","Google","free",2
"STU02125","Aditya Damayanti","aditya.damayanti151@gmail.com",29,"Yogyakarta","2022-05-26","Instagram","free",3
"STU01037","Rahmat Anggraini","rahmat.anggraini@outlook.com",39,"Surabaya","2024-10-01","YouTube","free",4
"STU00003","Bayu Kurniawan","bayu.kurniawan@yahoo.com",34,"Medan","2023-07-16","Instagram","pro",0
"STU01526","Ferdi Mahendra","ferdi.mahendra219@hotmail.com",41,"Surabaya","2024-04-14","Google","free",6
"STU00638","Tia Kurniawan","tia.kurniawan@hotmail.com",36,"Tangerang","2022-02-28","Instagram","pro",3
"STU00103","Tia Pratama","tia.pratama751@outlook.com",28,"Medan","2023-05-12","Instagram","free",0
"STU02876","Ferdi Pertiwi","ferdi.pertiwi@hotmail.com",42,"Jakarta","2022-10-17","Google","free",3
"STU01853","Tia Maulana","tia.maulana@outlook3204@gmail.com",43,"Bekasi","2024-07-06","YouTube","free",3
"STU02277","Lestari Yusuf","lestari.yusuf935@outlook4119@gmail.com",43,"Bandung","2022-04-22","TikTok","free",1
"STU01943","Olivia Putra","olivia.putra145@outlook.com",32,"Surabaya","2024-12-19","Referral","basic",6
"STU02302","Bayu Santoso","bayu.santoso@hotmail.com",30,"Bogor","2024-08-07","Google","free",0
"STU00424","Yoga Kusuma","yoga.kusuma819@outlook.com",18,"Yogyakarta","2024-07-18","Google","basic",3
"STU01267","Dito Kurniawan","dito.kurniawan@hotmail.com",29,"Bandung","2023-12-01","Google","pro",0
"STU00824","Bagus Susanto","bagus.susanto943@hotmail.com",43,"Jakarta","2022-02-28","Google","free",3
"STU00741","Rahmat Ramadhan","rahmat.ramadhan@yahoo.com",32,"Surabaya","2023-07-16","Referral","free",10
"STU02891","Dito Rahmawati","dito.rahmawati958@gmail.com",30,"Bandung","2023-11-07","Organic","free",3
"STU00793","Bagus Damayanti","bagus.damayanti@hotmail.com",32,"Jakarta","2023-03-16","Referral","free",3
"STU00641","Luthfi Ramadhan","luthfi.ramadhan@yahoo.com",32,"Bandung","2022-01-02","Instagram","pro",2
"STU01299","Gilang Wulandari","gilang.wulandari@gmail.com",37,"Jakarta","2023-03-14","Google","free",3
"STU02667","Putri Maulana","putri.maulana@outlook140@gmail.com",41,"Semarang","2024-07-09","Instagram","free",2
"STU02542","Fitri Wibowo","fitri.wibowo780@hotmail.com",44,"Surabaya","2022-04-19","Instagram","pro",11
"STU02175","Ratna Mahendra","ratna.mahendra@outlook.com",44,"Surabaya","2022-12-18","Instagram","free",1
"STU01465","Putra Santoso","putra.santoso@outlook.com",19,"Surabaya","2022-12-07","Organic","pro",11
"STU02336","Dito Setiawan","dito.setiawan@outlook.com",20,"Bekasi","2023-07-03","Instagram","pro",0
"STU01915","Hana Wibowo","hana.wibowo@yahoo.com",37,"Semarang","2024-08-28","Google","free",1
"STU00982","Vina Cahyani","vina.cahyani27@hotmail.com",38,"Bandung","2023-10-26","Google","free",5
"STU01363","Surya Pertiwi","surya.pertiwi@gmail.com",33,"Bandung","2025-01-20","Instagram","basic",0
"STU00177","Putri Maulana","putri.maulana@gmail.com",42,"Denpasar","2023-03-01","Referral","free",7
"STU02147","Reno Maulana","reno.maulana@hotmail.com",37,"Jakarta","2022-04-17","Instagram","free",3
"STU00449","Permata Kurniawan","permata.kurniawan715@gmail.com",32,"Makassar","2024-05-03","Referral","free",3
"STU02303","Mega Iskandar","mega.iskandar382@outlook.com",36,"Makassar","2024-09-19","Instagram","free",2
"STU00218","Sinta Mahendra","sinta.mahendra905@yahoo.com",21,"Jakarta","2023-01-24","Google","free",3
"STU00446","Vina Yusuf","vina.yusuf@gmail.com",31,"Denpasar","2022-10-27","Google","free",3
"STU00938","Budi Hapsari","budi.hapsari781@gmail.com",25,"Bekasi","2022-06-02","Organic","basic",4
"STU00928","Bayu Yusuf","bayu.yusuf404@yahoo.com",21,"Jakarta","2023-02-08","Instagram","basic",11
"STU00067","Aditya Damayanti","aditya.damayanti@hotmail.com",23,"Bandung","2022-08-15","YouTube","free",4
"STU02836","Hadi Hapsari","hadi.hapsari604@gmail7045@gmail.com",36,"Yogyakarta","2023-04-25","TikTok","free",3
"STU01405","Satria Susanto","satria.susanto@hotmail.com",31,"Jakarta","2022-04-30","Instagram","free",3
"STU00118","Eko Wulandari","eko.wulandari@yahoo.com",42,"Jakarta","2024-06-12","Instagram","free",6
"STU02118","Lestari Permadi","lestari.permadi@gmail.com",30,"Surabaya","2024-06-25","Referral","free",6
"STU01833","Bayu Hakim","bayu.hakim70@gmail.com",20,"Palembang","2024-07-19","Organic","basic",7
"STU02887","Eka Susanto","eka.susanto579@hotmail.com",36,"Medan","2024-11-11","Instagram","free",4
"STU01183","Indah Hidayat","indah.hidayat785@hotmail8468@gmail.com",21,"Jakarta","2024-09-12","Google","free",1
"STU02173","Reza Pramudita","reza.pramudita@hotmail.com",25,"Jakarta","2023-12-14","Google","basic",0
"STU00384","Gilang Pramudita","gilang.pramudita@gmail.com",40,"Jakarta","2022-04-18","TikTok","free",1
"STU01891","Dimas Lestari","dimas.lestari@yahoo.com",29,"Bogor","2023-01-18","YouTube","free",2
"STU01954","Galih Mahendra","galih.mahendra891@hotmail8235@gmail.com",20,"Surabaya","2024-09-08","YouTube","free",3
"STU01590","Andi Wulandari","andi.wulandari862@hotmail.com",40,"Denpasar","2024-03-02","Instagram","free",2
"STU01448","Eko Wijaya","eko.wijaya@yahoo.com",21,"Yogyakarta","2023-03-01","Google","basic",5
"STU01840","Ratna Kurniawan","ratna.kurniawan@hotmail4181@gmail.com",38,"Jakarta","2023-01-20","Google","free",2
"STU01361","Panji Setyowati","panji.setyowati@gmail.com",45,"Denpasar","2024-11-21","YouTube","free",1
"STU00498","Dito Wibowo","dito.wibowo782@outlook.com",18,"Bogor","2023-11-20","Organic","free",4
"STU00308","Krisna Damayanti","krisna.damayanti889@gmail.com",33,"Jakarta","2022-07-12","Instagram","free",4
"STU01090","Winda Yusuf","winda.yusuf@gmail.com",35,"Denpasar","2023-07-11","Referral","free",0
"STU00312","Galih Damayanti","galih.damayanti419@yahoo.com",32,"Bandung","2024-01-22","Referral","basic",4
"STU00459","Fajar Hidayat","fajar.hidayat@hotmail.com",39,"Jakarta","2024-09-02","Instagram","basic",0
"STU00478","Nita Cahyani","nita.cahyani@gmail.com",35,"Surabaya","2024-09-07","Instagram","free",3
"STU01186","Putra Wulandari","putra.wulandari@outlook.com",18,"Surabaya","2023-11-28","Instagram","free",0
"STU01360","Sinta Setyowati","sinta.setyowati@hotmail.com",25,"Semarang","2024-05-22","YouTube","pro",6
"STU00255","Winda Rahmawati","winda.rahmawati@yahoo.com",44,"Semarang","2024-06-24","Instagram","free",6
"STU01981","Reno Susanto","reno.susanto@hotmail.com",24,"Yogyakarta","2024-02-16","Instagram","basic",2
"STU00386","Ratna Yusuf","ratna.yusuf@hotmail.com",26,"Makassar","2022-12-15","YouTube","free",3
"STU01534","Iqbal Kurniawan","iqbal.kurniawan@outlook3126@gmail.com",30,"Jakarta","2024-02-11","YouTube","free",0
"STU02752","Adi Anggraini","adi.anggraini22@outlook.com",40,"Surabaya","2023-08-06","Instagram","free",5
"STU01757","Eko Yusuf","eko.yusuf@yahoo3375@gmail.com",30,"Surabaya","2022-03-21","Instagram","free",4
"STU01027","Dito Anggraini","dito.anggraini@hotmail.com",21,"Bandung","2023-10-29","YouTube","free",2
"STU01223","Iqbal Pramudita","iqbal.pramudita800@yahoo.com",38,"Jakarta","2024-09-22","Google","free",6
"STU00423","Permata Nugroho","permata.nugroho@outlook.com",37,"Tangerang","2025-02-17","Google","pro",6
"STU01872","Maya Setyowati","maya.setyowati336@hotmail.com",38,"Semarang","2024-04-02","YouTube","basic",1
"STU02564","Mega Hidayat","mega.hidayat802@outlook.com",25,"Denpasar","2023-05-26","YouTube","free",0
"STU02129","Fitri Kurniawan","fitri.kurniawan@yahoo.com",33,"Bekasi","2024-11-01","YouTube","basic",5
"STU01806","Citra Kusuma","citra.kusuma@yahoo.com",45,"Bandung","2022-09-15","Instagram","free",3
"STU01365","Reno Permadi","reno.permadi@yahoo.com",45,"Jakarta","2022-02-01","Instagram","pro",2
"STU02056","Hana Kurniawan","hana.kurniawan42@gmail.com",18,"Semarang","2024-11-20","Instagram","free",3
"STU02485","Eko Hakim","eko.hakim@yahoo.com",25,"Jakarta","2023-07-17","Organic","free",2
"STU00797","Putri Hapsari","putri.hapsari658@gmail.com",35,"Makassar","2022-09-16","Instagram","pro",3
"STU01961","Eka Kurniawan","eka.kurniawan@outlook.com",37,"Malang","2024-07-26","Google","free",3
"STU02475","Sari Iskandar","sari.iskandar@yahoo7682@gmail.com",34,"Yogyakarta","2022-05-16","YouTube","free",5
"STU02002","Krisna Permadi","krisna.permadi@outlook.com",42,"Makassar","2022-03-13","Organic","free",0
"STU02511","Eko Iskandar","eko.iskandar@outlook.com",21,"Jakarta","2023-04-12","YouTube","free",3
"STU02704","Rizky Wibowo","rizky.wibowo@yahoo.com",42,"Jakarta","2023-05-13","Google","free",1
"STU02715","Satria Iskandar","satria.iskandar@outlook.com",19,"Makassar","2022-01-02","Google","basic",0
"STU02755","Rizky Permadi","rizky.permadi@gmail8356@gmail.com",19,"Surabaya","2022-10-03","Google","free",11
"STU01230","Eko Kusuma","eko.kusuma@yahoo.com",28,"Jakarta","2022-04-04","Google","free",3
"STU00516","Nita Hapsari","nita.hapsari999@hotmail.com",38,"Yogyakarta","2024-02-07","Google","free",0
"STU00583","Ratna Putra","ratna.putra@hotmail.com",35,"Denpasar","2024-10-20","Google","basic",9
"STU02324","Nadia Pertiwi","nadia.pertiwi@gmail5172@gmail.com",25,"Bandung","2023-09-22","Instagram","free",0
"STU01607","Winda Saputra","winda.saputra@hotmail.com",18,"Denpasar","2023-04-30","Instagram","basic",7
"STU02772","Aditya Anggraini","aditya.anggraini@gmail.com",28,"Bandung","2025-01-18","YouTube","free",5
"STU01139","Ferdi Hakim","ferdi.hakim@hotmail.com",41,"Medan","2024-03-29","Instagram","basic",2
"STU00086","Iqbal Anggraini","iqbal.anggraini651@gmail.com",30,"Bekasi","2023-09-24","Google","pro",10
"STU01911","Eko Nugroho","eko.nugroho@gmail.com",30,"Yogyakarta","2024-03-30","Instagram","basic",0
"STU01730","Iqbal Damayanti","iqbal.damayanti796@gmail4453@gmail.com",23,"Jakarta","2024-02-28","Instagram","free",6
"STU00959","Dimas Pratama","dimas.pratama154@outlook.com",28,"Jakarta","2023-02-10","TikTok","basic",1
"STU02672","Dito Yusuf","dito.yusuf@gmail.com",20,"Denpasar","2024-07-13","YouTube","free",3
"STU01192","Adi Maulana","adi.maulana@gmail.com",36,"Jakarta","2022-10-06","Instagram","free",1
"STU00152","Aditya Cahyani","aditya.cahyani@yahoo.com",41,"Malang","2022-08-26","Google","free",2
"STU00060","Permata Pertiwi","permata.pertiwi@outlook.com",28,"Palembang","2022-02-17","Google","free",0
"STU02104","Dewi Pertiwi","dewi.pertiwi@hotmail.com",22,"Yogyakarta","2023-12-28","YouTube","free",6
"STU01751","Indah Wulandari","indah.wulandari@yahoo.com",36,"Yogyakarta","2024-09-19","Instagram","free",1
"STU01608","Budi Saputra","budi.saputra903@outlook.com",32,"Semarang","2024-12-05","Instagram","free",1
"STU00541","Zahra Kurniawan","zahra.kurniawan@gmail.com",25,"Jakarta","2023-07-25","Instagram","free",6
"STU02689","Krisna Kurniawan","krisna.kurniawan@gmail.com",44,"Malang","2024-03-05","YouTube","free",0
"STU02266","Dewi Kurniawan","dewi.kurniawan@hotmail.com",42,"Jakarta","2022-06-09","Instagram","free",1
"STU02551","Bayu Nugroho","bayu.nugroho@outlook.com",19,"Bandung","2022-03-06","YouTube","pro",0
"STU00247","Intan Anggraini","intan.anggraini@outlook.com",27,"Jakarta","2023-03-28","Instagram","free",3
"STU02443","Luthfi Damayanti","luthfi.damayanti@yahoo.com",34,"Bogor","2024-04-12","Google","free",2
"STU02306","Eka Saputra","eka.saputra@hotmail.com",23,"Jakarta","2023-01-23","Instagram","pro",0
"STU02364","Dewi Nugroho","dewi.nugroho@gmail.com",38,"Makassar","2024-05-28","Google","free",11
"STU01850","Mawar Pramudita","mawar.pramudita@gmail8940@gmail.com",44,"Medan","2023-02-05","Google","free",6
"STU02023","Nita Susanto","nita.susanto99@hotmail.com",25,"Jakarta","2022-10-07","Instagram","free",11
"STU01579","Bagus Yusuf","bagus.yusuf550@hotmail.com",34,"Surabaya","2024-11-15","Referral","basic",1
"STU02554","Dimas Pertiwi","dimas.pertiwi548@outlook.com",24,"Jakarta","2023-04-03","Instagram","free",0
"STU02596","Rahmat Wijaya","rahmat.wijaya@gmail3465@gmail.com",35,"Medan","2024-02-22","Instagram","basic",0
"STU01061","Siti Putra","siti.putra@outlook.com",30,"Surabaya","2024-07-10","Instagram","free",9
"STU00618","Arif Setyowati","arif.setyowati@yahoo.com",41,"Makassar","2023-07-01","YouTube","pro",1
"STU00185","Bayu Wibowo","bayu.wibowo@yahoo.com",22,"Denpasar","2025-02-04","Google","free",6
"STU02796","Ferdi Yusuf","ferdi.yusuf277@yahoo.com",34,"Jakarta","2024-07-04","TikTok","free",3
"STU01684","Hadi Iskandar","hadi.iskandar@gmail.com",39,"Jakarta","2024-01-20","TikTok","free",11
"STU02245","Sinta Anggraini","sinta.anggraini669@gmail.com",18,"Bandung","2023-11-26","Instagram","pro",0
"STU00170","Andi Hidayat","andi.hidayat501@outlook.com",40,"Bogor","2022-12-20","TikTok","free",2
"STU02929","Ferdi Kurniawan","ferdi.kurniawan857@outlook.com",18,"Malang","2023-09-23","Instagram","free",8
"STU01852","Intan Yusuf","intan.yusuf476@gmail2823@gmail.com",18,"Bandung","2024-02-06","Instagram","free",10
"STU01253","Wahyu Pramudita","wahyu.pramudita130@yahoo.com",19,"Yogyakarta","2024-11-07","YouTube","basic",1
"STU00429","Putra Wulandari","putra.wulandari832@hotmail.com",31,"Palembang","2024-03-28","YouTube","pro",4
"STU00196","Reno Wijaya","reno.wijaya970@hotmail.com",23,"Jakarta","2023-12-08","YouTube","free",3
"STU02116","Luthfi Pertiwi","luthfi.pertiwi898@hotmail.com",23,"Medan","2022-11-29","Google","free",4
"STU00302","Surya Hapsari","surya.hapsari601@gmail.com",27,"Bandung","2022-11-27","YouTube","free",3
"STU00607","Adi Hakim","adi.hakim@yahoo.com",30,"Denpasar","2024-02-06","TikTok","free",1
"STU02638","Nita Iskandar","nita.iskandar834@outlook.com",35,"Palembang","2023-10-24","Instagram","free",0
"STU02955","Luthfi Maulana","luthfi.maulana975@hotmail.com",21,"Yogyakarta","2023-11-21","Google","free",5
"STU00349","Aditya Putra","aditya.putra27@hotmail.com",18,"Malang","2022-11-10","Referral","free",2
"STU01918","Andi Pratama","andi.pratama696@outlook.com",41,"Jakarta","2024-03-10","Referral","pro",0
"STU00448","Putra Kusuma","putra.kusuma684@gmail.com",36,"Surabaya","2024-10-06","Instagram","basic",3
"STU02996","Hendra Cahyani","hendra.cahyani@hotmail.com",30,"Bandung","2024-02-25","Google","free",3
"STU02395","Reza Damayanti","reza.damayanti782@yahoo6568@gmail.com",43,"Makassar","2024-07-31","Instagram","free",1
"STU01353","Gilang Setiawan","gilang.setiawan@outlook.com",19,"Semarang","2022-10-16","Referral","pro",0
"STU02708","Sari Pratama","sari.pratama142@yahoo.com",18,"Bandung","2022-04-11","YouTube","free",4
"STU02736","Putra Pertiwi","putra.pertiwi607@yahoo.com",26,"Jakarta","2023-10-11","Instagram","free",7
"STU02431","Sinta Iskandar","sinta.iskandar@outlook.com",30,"Jakarta","2022-02-20","Referral","free",3
"STU00654","Permata Cahyani","permata.cahyani884@hotmail.com",43,"Medan","2022-01-26","Referral","free",3
"STU02517","Ayu Yusuf","ayu.yusuf@hotmail.com",31,"Jakarta","2024-06-10","Referral","free",11
"STU00517","Mega Yusuf","mega.yusuf378@gmail.com",27,"Bekasi","2022-11-04","Instagram","free",0
"STU01535","Kirana Mahendra","kirana.mahendra@yahoo.com",40,"Jakarta","2024-03-21","Referral","basic",3
"STU01079","Reza Hidayat","reza.hidayat821@gmail.com",19,"Surabaya","2022-05-24","Referral","basic",1
"STU02434","Arif Permadi","arif.permadi@gmail.com",44,"Denpasar","2025-01-17","YouTube","free",3
"STU00031","Galih Pratama","galih.pratama@yahoo.com",27,"Surabaya","2024-06-20","Referral","free",1
"STU02076","Galih Saputra","galih.saputra671@outlook.com",35,"Malang","2024-02-06","TikTok","free",3
"STU01972","Iqbal Anggara","iqbal.anggara@outlook.com",28,"Malang","2022-10-30","TikTok","basic",8
"STU02160","Krisna Wibowo","krisna.wibowo905@outlook.com",21,"Jakarta","2023-08-15","Instagram","free",0
"STU01138","Panji Hapsari","panji.hapsari980@yahoo.com",32,"Bekasi","2022-11-10","Instagram","free",3
"STU02168","Hendra Wulandari","hendra.wulandari592@yahoo.com",45,"Semarang","2022-08-20","Google","free",1
"STU01406","Winda Pertiwi","winda.pertiwi@hotmail8929@gmail.com",32,"Jakarta","2023-07-27","Organic","free",2
"STU00719","Luthfi Wijaya","luthfi.wijaya@yahoo.com",25,"Bandung","2023-06-09","Instagram","basic",11
"STU00713","Olivia Nugroho","olivia.nugroho@outlook.com",34,"Medan","2024-02-06","Instagram","pro",0
"STU02432","Intan Mahendra","intan.mahendra@outlook.com",36,"Semarang","2024-03-03","Referral","free",6
"STU01164","Fajar Maulana","fajar.maulana@outlook.com",24,"Medan","2023-01-05","Instagram","basic",3
"STU01996","Surya Susanto","surya.susanto@gmail.com",36,"Jakarta","2024-04-23","Google","basic",6
"STU01917","Winda Santoso","winda.santoso948@hotmail.com",43,"Surabaya","2024-01-29","Instagram","free",5
"STU02268","Putra Putra","putra.putra@yahoo.com",42,"Surabaya","2024-11-08","YouTube","free",1
"STU01395","Satria Setyowati","satria.setyowati493@hotmail.com",23,"Bandung","2022-04-07","Referral","basic",0
"STU01247","Ratna Maulana","ratna.maulana@outlook.com",32,"Bekasi","2022-11-19","Referral","free",0
"STU01293","Olivia Susanto","olivia.susanto@gmail.com",31,"Jakarta","2022-03-13","TikTok","free",2
"STU00219","Dewi Nugroho","dewi.nugroho762@outlook.com",19,"Jakarta","2022-11-25","Instagram","free",1
"STU00121","Putra Wijaya","putra.wijaya@outlook.com",38,"Jakarta","2022-02-27","Google","free",6
"STU01843","Umi Wulandari","umi.wulandari@gmail7545@gmail.com",45,"Medan","2022-04-12","YouTube","basic",0
"STU01516","Ayu Pertiwi","ayu.pertiwi@hotmail.com",23,"Medan","2023-08-23","YouTube","free",3
"STU02987","Citra Santoso","citra.santoso@outlook.com",38,"Yogyakarta","2024-05-15","YouTube","free",2
"STU01143","Yoga Santoso","yoga.santoso@hotmail.com",30,"Yogyakarta","2023-03-15","Instagram","free",6
"STU01698","Reno Pertiwi","reno.pertiwi@gmail.com",31,"Bandung","2023-11-19","Organic","free",0
"STU00105","Intan Susanto","intan.susanto645@gmail.com",20,"Jakarta","2024-10-03","Instagram","basic",0
"STU02968","Nita Susanto","nita.susanto826@yahoo.com",18,"Semarang","2023-08-26","Instagram","free",0
"STU00757","Gilang Saputra","gilang.saputra@gmail.com",35,"Jakarta","2022-11-21","YouTube","free",0
"STU00418","Sari Cahyani","sari.cahyani943@hotmail.com",38,"Medan","2022-08-10","Google","free",0
"STU01979","Vina Hakim","vina.hakim@gmail.com",19,"Bandung","2023-08-04","YouTube","free",3
"STU00523","Ferdi Santoso","ferdi.santoso@hotmail.com",29,"Surabaya","2022-06-13","Google","free",6
"STU02406","Putra Anggara","putra.anggara@yahoo.com",24,"Semarang","2022-06-04","Google","free",2
"STU00425","Arif Wibowo","arif.wibowo@gmail.com",19,"Bandung","2024-09-27","Organic","free",5
"STU02582","Reza Rahmawati","reza.rahmawati@hotmail1548@gmail.com",37,"Semarang","2024-04-19","Google","free",2
"STU00210","Yoga Wibowo","yoga.wibowo@outlook.com",24,"Surabaya","2022-01-05","Instagram","free",5
"STU02452","Sari Ramadhan","sari.ramadhan@hotmail.com",42,"Medan","2024-10-04","Instagram","free",1
"STU00471","Siti Santoso","siti.santoso@outlook.com",44,"Medan","2023-05-30","TikTok","free",0
"STU01940","Hadi Susanto","hadi.susanto@gmail.com",32,"Semarang","2022-05-17","Google","basic",6
"STU01633","Nadia Yusuf","nadia.yusuf980@hotmail.com",42,"Malang","2022-08-25","Instagram","free",3
"STU00756","Hadi Damayanti","hadi.damayanti@hotmail.com",27,"Yogyakarta","2023-11-15","Referral","free",3
"STU02566","Zahra Pertiwi","zahra.pertiwi737@outlook.com",39,"Yogyakarta","2023-04-23","Instagram","free",1
"STU02105","Gilang Maulana","gilang.maulana596@outlook.com",45,"Bandung","2024-08-13","Instagram","basic",2
"STU00926","Zahra Anggara","zahra.anggara@yahoo.com",32,"Jakarta","2022-02-10","YouTube","free",3
"STU00016","Ayu Yusuf","ayu.yusuf@yahoo.com",45,"Jakarta","2022-01-22","Instagram","pro",0
"STU01604","Umi Pratama","umi.pratama@hotmail.com",35,"Jakarta","2025-02-11","Google","free",1
"STU00080","Winda Putra","winda.putra11@outlook.com",21,"Surabaya","2022-10-07","Google","free",3
"STU02143","Nadia Pramudita","nadia.pramudita@outlook.com",19,"Palembang","2024-07-07","Instagram","free",3
"STU01598","Vina Saputra","vina.saputra925@gmail.com",31,"Jakarta","2024-06-05","Referral","pro",2
"STU01372","Umi Wijaya","umi.wijaya@yahoo.com",39,"Denpasar","2025-01-15","Instagram","free",0
"STU00802","Luthfi Hakim","luthfi.hakim236@yahoo.com",29,"Makassar","2022-11-22","Google","free",6
"STU00107","Reza Iskandar","reza.iskandar@yahoo.com",25,"Yogyakarta","2024-11-05","Google","free",6
"STU02774","Bagus Anggara","bagus.anggara428@hotmail2891@gmail.com",35,"Jakarta","2022-02-20","YouTube","free",6
"STU01456","Siti Hapsari","siti.hapsari@hotmail.com",38,"Jakarta","2024-12-10","TikTok","free",3
"STU02329","Hadi Kusuma","hadi.kusuma471@gmail.com",24,"Yogyakarta","2023-09-03","Google","free",9
"STU02012","Andi Yusuf","andi.yusuf@outlook.com",21,"Jakarta","2022-10-23","Google","basic",3
"STU00358","Reza Wibowo","reza.wibowo183@gmail.com",21,"Medan","2023-12-04","Instagram","free",2
"STU01224","Maya Hakim","maya.hakim739@outlook8652@gmail.com",26,"Jakarta","2022-07-22","Instagram","free",0
"STU00532","Eko Anggraini","eko.anggraini@outlook.com",21,"Bandung","2023-11-21","TikTok","free",0
"STU01997","Rahmat Kusuma","rahmat.kusuma@gmail.com",36,"Surabaya","2022-12-22","Instagram","basic",8
"STU01343","Indah Wijaya","indah.wijaya@hotmail.com",22,"Bandung","2024-04-05","Instagram","basic",0
"STU02083","Hadi Permadi","hadi.permadi@hotmail.com",29,"Yogyakarta","2024-03-30","Instagram","basic",2
"STU02192","Gita Wibowo","gita.wibowo@outlook.com",23,"Surabaya","2022-05-15","YouTube","free",8
"STU00899","Wahyu Susanto","wahyu.susanto702@gmail.com",31,"Semarang","2024-11-26","TikTok","free",1
"STU02238","Hadi Hakim","hadi.hakim@gmail.com",44,"Bandung","2024-10-09","TikTok","free",3
"STU02419","Dewi Iskandar","dewi.iskandar@outlook.com",44,"Denpasar","2023-10-05","Organic","free",2
"STU00858","Hendra Permadi","hendra.permadi360@gmail.com",28,"Yogyakarta","2024-07-14","Organic","free",3
"STU02351","Winda Santoso","winda.santoso205@yahoo.com",43,"Jakarta","2024-03-09","Instagram","free",3
"STU01900","Adi Damayanti","adi.damayanti850@gmail.com",22,"Medan","2023-10-25","Instagram","free",3
"STU02140","Hadi Pratama","hadi.pratama@hotmail.com",27,"Bandung","2022-05-30","TikTok","free",2
"STU01995","Hendra Rahmawati","hendra.rahmawati278@hotmail.com",21,"Jakarta","2024-12-19","Instagram","free",6
"STU01879","Gilang Hakim","gilang.hakim225@hotmail.com",31,"Jakarta","2024-04-19","Instagram","basic",6
"STU00209","Indah Ramadhan","indah.ramadhan@outlook.com",39,"Bandung","2023-05-27","YouTube","pro",6
"STU01647","Tia Maulana","tia.maulana@gmail.com",37,"Medan","2022-02-09","Referral","free",5
"STU01009","Olivia Pratama","olivia.pratama36@gmail.com",27,"Denpasar","2022-10-18","Instagram","basic",8
"STU01851","Yoga Wibowo","yoga.wibowo899@gmail.com",27,"Bandung","2024-10-25","Google","free",2
"STU01116","Eka Wibowo","eka.wibowo323@hotmail.com",24,"Bogor","2022-02-02","Instagram","basic",10
"STU00133","Tia Pratama","tia.pratama@gmail.com",21,"Semarang","2023-03-09","TikTok","basic",1
"STU01059","Surya Setiawan","surya.setiawan772@hotmail.com",44,"Jakarta","2024-01-11","TikTok","free",2
"STU00007","Reno Cahyani","reno.cahyani285@hotmail.com",35,"Palembang","2024-07-08","Instagram","free",1
"STU02532","Surya Pratama","surya.pratama774@yahoo.com",25,"Bandung","2022-05-16","Instagram","basic",2
"STU02030","Putra Setyowati","putra.setyowati263@outlook.com",25,"Denpasar","2024-04-13","Referral","free",0
"STU01829","Zahra Setyowati","zahra.setyowati877@hotmail.com",22,"Bandung","2024-09-06","Google","free",1
"STU01639","Gilang Mahendra","gilang.mahendra@yahoo.com",40,"Malang","2023-05-30","YouTube","basic",0
"STU01277","Bayu Lestari","bayu.lestari714@hotmail.com",37,"Jakarta","2023-08-28","Instagram","free",3
"STU01681","Satria Anggara","satria.anggara821@outlook.com",44,"Surabaya","2022-11-28","Google","free",6
"STU02398","Olivia Nugroho","olivia.nugroho245@yahoo.com",18,"Surabaya","2022-07-12","Instagram","free",1
"STU02563","Indah Ramadhan","indah.ramadhan@gmail.com",37,"Semarang","2024-05-03","Instagram","free",6
"STU02006","Fajar Anggraini","fajar.anggraini13@gmail.com",29,"Jakarta","2023-01-31","Instagram","free",6
"STU00461","Tia Mahendra","tia.mahendra@gmail.com",37,"Jakarta","2023-05-28","Instagram","basic",2
"STU02881","Dito Rahmawati","dito.rahmawati@outlook.com",39,"Jakarta","2024-02-19","Instagram","pro",5
"STU02225","Fajar Ramadhan","fajar.ramadhan@yahoo.com",22,"Jakarta","2022-11-25","Instagram","free",5
"STU01049","Olivia Hakim","olivia.hakim486@gmail.com",26,"Surabaya","2024-06-12","Google","free",3
"STU00245","Kirana Pertiwi","kirana.pertiwi622@outlook.com",24,"Medan","2023-01-12","Google","free",4
"STU02029","Umi Hidayat","umi.hidayat@gmail.com",36,"Surabaya","2022-12-09","Instagram","free",0
"STU02344","Eka Pertiwi","eka.pertiwi963@gmail.com",25,"Jakarta","2024-11-18","Instagram","free",6
"STU02499","Mega Setyowati","mega.setyowati443@yahoo.com",22,"Bandung","2023-10-16","Referral","free",7
"STU00914","Arif Putra","arif.putra912@yahoo.com",39,"Malang","2024-02-27","YouTube","free",3
"STU00002","Indah Hakim","indah.hakim757@yahoo.com",20,"Surabaya","2022-09-20","Google","free",1
"STU00981","Siti Hidayat","siti.hidayat335@hotmail.com",29,"Yogyakarta","2022-10-18","Instagram","free",4
"STU00567","Umi Setiawan","umi.setiawan@outlook.com",31,"Palembang","2023-03-18","Instagram","free",5
"STU02982","Winda Nugroho","winda.nugroho888@hotmail.com",31,"Jakarta","2024-08-14","Referral","free",2
"STU01217","Arif Permadi","arif.permadi891@yahoo.com",33,"Jakarta","2024-09-28","Organic","free",0
"STU00034","Winda Hakim","winda.hakim201@gmail.com",23,"Jakarta","2023-06-21","Referral","free",2
"STU00879","Indah Pramudita","indah.pramudita328@gmail.com",40,"Palembang","2023-02-21","Referral","free",3
"STU00163","Putri Maulana","putri.maulana@outlook.com",40,"Surabaya","2023-02-04","Instagram","free",1
"STU02280","Yuni Rahmawati","yuni.rahmawati667@outlook9617@gmail.com",41,"Malang","2022-10-18","Instagram","pro",1
"STU00419","Yuni Rahmawati","yuni.rahmawati@hotmail.com",34,"Jakarta","2022-12-25","Organic","free",3
"STU00599","Sari Setiawan","sari.setiawan238@yahoo.com",20,"Bandung","2022-10-28","Instagram","free",6
"STU02046","Lestari Anggara","lestari.anggara@gmail.com",34,"Bandung","2022-11-20","Instagram","free",1
"STU00212","Galih Pratama","galih.pratama@outlook.com",27,"Medan","2023-12-26","Referral","free",0
"STU02164","Dito Permadi","dito.permadi849@gmail.com",19,"Semarang","2024-05-14","Google","basic",4
"STU02683","Vina Susanto","vina.susanto@yahoo.com",36,"Surabaya","2025-01-06","Google","free",1
"STU00822","Ratna Cahyani","ratna.cahyani663@hotmail.com",45,"Jakarta","2024-08-01","Google","free",3
"STU02718","Andi Wibowo","andi.wibowo248@gmail.com",29,"Yogyakarta","2024-04-10","Referral","free",2
"STU00542","Dimas Putra","dimas.putra@yahoo.com",18,"Jakarta","2022-03-23","Organic","basic",2
"STU02132","Fajar Iskandar","fajar.iskandar577@hotmail.com",34,"Bogor","2022-07-21","Referral","basic",1
"STU00852","Ferdi Pertiwi","ferdi.pertiwi123@gmail.com",37,"Medan","2022-05-11","Referral","basic",1
"STU02912","Satria Susanto","satria.susanto829@outlook1242@gmail.com",44,"Palembang","2023-01-13","Referral","free",6
"STU02476","Mawar Saputra","mawar.saputra617@gmail.com",35,"Jakarta","2023-09-12","Instagram","free",5
"STU00183","Intan Wulandari","intan.wulandari@outlook.com",37,"Bandung","2025-01-07","YouTube","free",5
"STU02237","Yuni Mahendra","yuni.mahendra@hotmail.com",28,"Bandung","2023-11-28","TikTok","free",0
"STU00811","Intan Hidayat","intan.hidayat@hotmail.com",25,"Semarang","2024-06-16","Instagram","pro",0
"STU01110","Panji Yusuf","panji.yusuf@outlook.com",32,"Denpasar","2023-05-19","Instagram","basic",5
"STU01682","Ferdi Pertiwi","ferdi.pertiwi@yahoo.com",24,"Jakarta","2024-06-02","Instagram","pro",2
"STU02931","Permata Saputra","permata.saputra@hotmail.com",26,"Surabaya","2022-01-17","Google","basic",4
"STU02437","Lestari Susanto","lestari.susanto770@outlook8186@gmail.com",29,"Denpasar","2022-07-24","Google","free",8
"STU00068","Wahyu Mahendra","wahyu.mahendra@gmail.com",30,"Surabaya","2023-02-27","Instagram","free",11
"STU01347","Arif Anggara","arif.anggara960@yahoo.com",28,"Surabaya","2024-01-03","Google","free",3
"STU01025","Naufal Anggraini","naufal.anggraini844@hotmail.com",21,"Denpasar","2024-10-23","Google","pro",6
"STU00715","Indah Kusuma","indah.kusuma@gmail.com",39,"Jakarta","2022-05-13","Instagram","free",3
"STU02333","Putri Wulandari","putri.wulandari@gmail.com",40,"Jakarta","2024-08-21","TikTok","basic",4
"STU01485","Fitri Setyowati","fitri.setyowati362@gmail.com",34,"Medan","2023-05-08","Referral","free",3
"STU01056","Mawar Maulana","mawar.maulana902@yahoo.com",28,"Semarang","2023-05-15","Organic","basic",2
"STU01706","Siti Maulana","siti.maulana416@outlook.com",44,"Bandung","2024-05-05","Instagram","free",4
"STU01255","Hendra Kurniawan","hendra.kurniawan140@yahoo.com",19,"Jakarta","2024-05-25","Referral","basic",5
"STU01157","Nadia Nugroho","nadia.nugroho@outlook.com",42,"Jakarta","2023-11-13","Instagram","basic",3
"STU00364","Intan Permadi","intan.permadi@outlook.com",23,"Jakarta","2023-02-10","Instagram","free",2
"STU01720","Fajar Kurniawan","fajar.kurniawan@yahoo1370@gmail.com",20,"Semarang","2024-01-20","Referral","free",2
"STU00952","Mawar Pertiwi","mawar.pertiwi@outlook.com",40,"Surabaya","2022-05-15","Instagram","pro",2
"STU01862","Naufal Yusuf","naufal.yusuf@yahoo.com",19,"Jakarta","2024-06-02","Instagram","basic",3
"STU00291","Ratna Santoso","ratna.santoso@yahoo.com",26,"Semarang","2022-07-08","Instagram","basic",3
"STU00579","Dimas Hakim","dimas.hakim886@hotmail.com",36,"Yogyakarta","2023-05-27","Instagram","free",3
"STU01556","Reza Kurniawan","reza.kurniawan@gmail.com",20,"Bandung","2024-02-02","Referral","free",2
"STU02036","Satria Nugroho","satria.nugroho@gmail.com",38,"Bandung","2024-08-11","Instagram","pro",6
"STU01397","Naufal Ramadhan","naufal.ramadhan315@gmail.com",28,"Surabaya","2023-08-25","YouTube","free",11
"STU00174","Ratna Cahyani","ratna.cahyani608@yahoo.com",30,"Jakarta","2024-09-18","Instagram","free",0
"STU00332","Vina Ramadhan","vina.ramadhan919@outlook.com",34,"Jakarta","2022-09-13","Google","free",2
"STU02612","Ayu Iskandar","ayu.iskandar@outlook6684@gmail.com",24,"Jakarta","2024-01-19","Instagram","free",1
"STU01310","Hendra Pramudita","hendra.pramudita54@hotmail.com",34,"Bandung","2025-01-31","TikTok","free",3
"STU01290","Mawar Susanto","mawar.susanto@gmail.com",30,"Bandung","2023-03-31","Google","free",3
"STU01661","Wahyu Ramadhan","wahyu.ramadhan769@yahoo.com",29,"Bandung","2023-11-29","Instagram","pro",4
"STU02935","Winda Saputra","winda.saputra@gmail.com",18,"Semarang","2023-02-13","Instagram","free",0
"STU02148","Yuni Lestari","yuni.lestari@outlook.com",34,"Jakarta","2024-12-07","Organic","basic",3
"STU02829","Putri Kurniawan","putri.kurniawan@hotmail.com",19,"Medan","2022-06-15","Instagram","free",3
"STU02229","Fitri Damayanti","fitri.damayanti289@yahoo.com",40,"Jakarta","2024-12-12","Instagram","free",8
"STU00411","Mawar Pratama","mawar.pratama@yahoo.com",33,"Jakarta","2022-08-13","Google","free",2
"STU00378","Naufal Permadi","naufal.permadi547@gmail.com",28,"Semarang","2022-02-03","Organic","free",2
"STU01774","Siti Iskandar","siti.iskandar@gmail.com",36,"Yogyakarta","2024-02-09","TikTok","pro",0
"STU01225","Winda Lestari","winda.lestari@gmail1131@gmail.com",36,"Semarang","2022-08-08","Referral","free",1
"STU01352","Iqbal Saputra","iqbal.saputra@outlook.com",27,"Jakarta","2023-06-26","Instagram","free",0
"STU02591","Andi Damayanti","andi.damayanti921@yahoo.com",19,"Yogyakarta","2022-11-05","YouTube","free",8
"STU01826","Bayu Susanto","bayu.susanto@gmail.com",24,"Semarang","2023-02-23","TikTok","free",0
"STU02255","Budi Pertiwi","budi.pertiwi@outlook.com",19,"Jakarta","2024-07-19","Referral","free",6
"STU01128","Permata Anggraini","permata.anggraini@outlook.com",22,"Denpasar","2022-10-19","Referral","free",0
"STU00705","Hendra Hidayat","hendra.hidayat711@gmail.com",32,"Medan","2024-10-03","Referral","basic",2
"STU00604","Naufal Mahendra","naufal.mahendra@hotmail.com",40,"Semarang","2023-05-29","TikTok","pro",0
"STU02179","Sinta Kusuma","sinta.kusuma@hotmail.com",45,"Surabaya","2022-02-14","Referral","basic",0
"STU02199","Budi Pratama","budi.pratama@yahoo.com",39,"Surabaya","2024-12-27","Instagram","free",10
"STU02981","Putra Permadi","putra.permadi@hotmail.com",27,"Bandung","2022-02-21","Instagram","free",3
"STU02797","Diah Rahmawati","diah.rahmawati@gmail.com",38,"Surabaya","2023-04-23","Referral","pro",2
"STU00388","Permata Hidayat","permata.hidayat@yahoo.com",36,"Medan","2024-09-05","Referral","free",3
"STU02155","Naufal Hapsari","naufal.hapsari@yahoo.com",45,"Makassar","2023-01-06","Google","free",9
"STU02623","Wahyu Nugroho","wahyu.nugroho570@yahoo.com",27,"Denpasar","2022-01-27","Referral","basic",4
"STU01758","Budi Kusuma","budi.kusuma406@gmail.com",29,"Jakarta","2025-02-07","TikTok","basic",2
"STU02399","Ratna Pratama","ratna.pratama632@yahoo.com",25,"Palembang","2022-12-25","Referral","free",0
"STU01374","Bagus Saputra","bagus.saputra463@hotmail.com",43,"Medan","2022-03-15","Organic","free",10
"STU02989","Fitri Wijaya","fitri.wijaya@gmail.com",45,"Semarang","2022-03-17","Google","free",0
"STU01967","Luthfi Kurniawan","luthfi.kurniawan@yahoo.com",31,"Yogyakarta","2024-10-13","Google","basic",6
"STU02455","Reza Anggraini","reza.anggraini@outlook.com",22,"Surabaya","2022-04-01","Google","free",5
"STU01530","Ferdi Wibowo","ferdi.wibowo807@hotmail.com",30,"Medan","2022-05-10","Referral","pro",1
"STU02889","Kirana Santoso","kirana.santoso@yahoo.com",30,"Surabaya","2023-04-10","Instagram","free",5
"STU00350","Adi Anggraini","adi.anggraini@gmail.com",36,"Jakarta","2024-02-23","Referral","free",3
"STU00286","Bayu Ramadhan","bayu.ramadhan251@gmail.com",18,"Bekasi","2024-05-02","YouTube","free",6
"STU02222","Siti Kurniawan","siti.kurniawan@outlook.com",44,"Surabaya","2022-04-18","TikTok","free",3
"STU02474","Mawar Susanto","mawar.susanto@hotmail6993@gmail.com",33,"Palembang","2023-10-05","Google","free",2
"STU00992","Citra Permadi","citra.permadi@hotmail.com",18,"Yogyakarta","2024-11-10","Referral","basic",4
"STU01432","Aditya Hakim","aditya.hakim@outlook.com",31,"Surabaya","2022-09-08","Google","basic",9
"STU02575","Nadia Permadi","nadia.permadi708@yahoo.com",42,"Jakarta","2022-01-09","YouTube","free",2
"STU02515","Rahmat Damayanti","rahmat.damayanti@gmail.com",36,"Makassar","2024-02-27","Google","basic",3
"STU01213","Dito Permadi","dito.permadi224@outlook.com",21,"Denpasar","2022-01-06","Instagram","free",0
"STU00740","Mawar Permadi","mawar.permadi@gmail.com",42,"Jakarta","2024-04-07","Instagram","pro",6
"STU02010","Ferdi Anggraini","ferdi.anggraini@outlook.com",21,"Semarang","2023-03-17","TikTok","pro",2
"STU01418","Rizky Maulana","rizky.maulana834@yahoo.com",40,"Tangerang","2025-01-17","Instagram","basic",2
"STU00971","Putri Maulana","putri.maulana399@yahoo4625@gmail.com",40,"Bandung","2022-10-21","Instagram","basic",2
"STU01648","Aditya Hapsari","aditya.hapsari966@hotmail.com",39,"Denpasar","2024-03-07","Instagram","free",3
"STU00712","Diah Cahyani","diah.cahyani@hotmail.com",33,"Medan","2022-12-15","Instagram","free",1
"STU00363","Sari Saputra","sari.saputra565@outlook.com",32,"Bogor","2024-10-12","Google","pro",0
"STU01048","Diah Hapsari","diah.hapsari@gmail.com",40,"Bandung","2024-12-11","Instagram","free",3
"STU01007","Gita Permadi","gita.permadi@yahoo.com",21,"Medan","2022-04-20","TikTok","free",6
"STU02785","Yuni Pertiwi","yuni.pertiwi@hotmail2916@gmail.com",36,"Surabaya","2022-11-22","Instagram","free",5
"STU02758","Intan Maulana","intan.maulana@gmail9932@gmail.com",23,"Medan","2022-08-09","TikTok","free",6
"STU02250","Maya Anggara","maya.anggara@outlook.com",26,"Palembang","2023-03-11","TikTok","pro",6
"STU02729","Aditya Hakim","aditya.hakim195@outlook.com",29,"Jakarta","2025-01-09","Instagram","free",9
"STU00507","Siti Anggara","siti.anggara368@hotmail.com",38,"Semarang","2025-02-13","Instagram","free",0
"STU02242","Mawar Kurniawan","mawar.kurniawan@gmail.com",23,"Yogyakarta","2024-01-06","Instagram","basic",5
"STU01685","Rahmat Hidayat","rahmat.hidayat@hotmail.com",24,"Yogyakarta","2025-01-01","Google","free",8
"STU02198","Reno Pramudita","reno.pramudita27@hotmail.com",21,"Surabaya","2024-07-07","Google","basic",2
"STU01356","Hana Hakim","hana.hakim146@hotmail.com",41,"Denpasar","2024-10-20","Google","basic",4
"STU00689","Maya Damayanti","maya.damayanti@hotmail.com",27,"Jakarta","2024-07-09","Instagram","free",3
"STU00565","Tia Pertiwi","tia.pertiwi@gmail.com",34,"Jakarta","2023-03-08","Instagram","free",0
"STU01287","Sinta Nugroho","sinta.nugroho@gmail.com",39,"Makassar","2023-11-28","YouTube","basic",10
"STU01934","Sari Hidayat","sari.hidayat849@gmail.com",18,"Medan","2023-05-26","TikTok","pro",1
"STU01303","Arif Yusuf","arif.yusuf@yahoo.com",20,"Surabaya","2023-05-07","Google","free",1
"STU01156","Rizky Wijaya","rizky.wijaya@gmail.com",22,"Bandung","2022-08-09","TikTok","free",4
"STU00531","Bayu Maulana","bayu.maulana@hotmail.com",31,"Bandung","2023-12-27","YouTube","free",9
"STU01983","Mawar Santoso","mawar.santoso248@gmail.com",40,"Semarang","2022-01-15","Referral","free",3
"STU01922","Rahmat Pramudita","rahmat.pramudita@gmail.com",18,"Bandung","2022-08-20","Instagram","basic",6
"STU02133","Diah Kurniawan","diah.kurniawan875@gmail.com",42,"Yogyakarta","2024-08-03","Instagram","basic",3
"STU01064","Putri Hakim","putri.hakim914@yahoo.com",42,"Tangerang","2022-03-23","Google","basic",0
"STU01216","Permata Maulana","permata.maulana@hotmail.com",39,"Makassar","2023-02-17","Instagram","free",6
"STU00754","Dimas Rahmawati","dimas.rahmawati@hotmail.com",43,"Yogyakarta","2024-09-23","Instagram","free",0
"STU02602","Hana Damayanti","hana.damayanti@hotmail.com",30,"Malang","2023-08-27","Google","basic",2
"STU00253","Naufal Ramadhan","naufal.ramadhan989@outlook.com",23,"Jakarta","2023-06-09","Instagram","free",3
"STU02174","Yoga Pertiwi","yoga.pertiwi@hotmail.com",19,"Bekasi","2022-09-14","Instagram","free",3
"STU01965","Naufal Nugroho","naufal.nugroho554@yahoo.com",38,"Jakarta","2024-07-14","Google","free",6
"STU00714","Winda Wulandari","winda.wulandari@yahoo.com",45,"Yogyakarta","2024-12-11","Instagram","free",2
"STU02307","Eka Yusuf","eka.yusuf@yahoo.com",36,"Bogor","2025-01-27","Instagram","free",6
"STU02453","Intan Pratama","intan.pratama@yahoo9488@gmail.com",26,"Jakarta","2022-02-08","TikTok","free",4
"STU02321","Adi Kurniawan","adi.kurniawan961@gmail6162@gmail.com",30,"Surabaya","2024-12-29","Google","free",11
"STU02811","Budi Damayanti","budi.damayanti@hotmail.com",33,"Jakarta","2024-01-18","Instagram","free",2
"STU02009","Gita Anggara","gita.anggara275@outlook.com",20,"Jakarta","2022-02-10","Google","free",10
"STU00927","Permata Iskandar","permata.iskandar348@gmail.com",29,"Jakarta","2022-05-22","Referral","free",6
"STU00776","Bayu Damayanti","bayu.damayanti579@gmail.com",22,"Surabaya","2024-11-28","YouTube","basic",3
"STU01273","Bayu Saputra","bayu.saputra822@gmail.com",21,"Medan","2024-03-13","Instagram","free",6
"STU02396","Nita Damayanti","nita.damayanti@yahoo.com",26,"Tangerang","2022-12-05","Instagram","free",3
"STU01264","Mega Kusuma","mega.kusuma@gmail.com",22,"Semarang","2022-12-26","Instagram","basic",1
"STU01597","Budi Ramadhan","budi.ramadhan@outlook.com",28,"Medan","2024-02-16","TikTok","free",1
"STU01063","Adi Maulana","adi.maulana792@gmail.com",31,"Jakarta","2022-03-05","Instagram","free",2
"STU00986","Rizky Pertiwi","rizky.pertiwi366@outlook.com",20,"Yogyakarta","2024-04-25","Instagram","free",0
"STU01923","Rahmat Ramadhan","rahmat.ramadhan@gmail.com",19,"Jakarta","2023-04-18","Google","free",6
"STU00909","Sari Permadi","sari.permadi@hotmail.com",32,"Surabaya","2024-07-15","YouTube","free",4
"STU00633","Permata Iskandar","permata.iskandar@outlook229@gmail.com",23,"Surabaya","2024-05-13","Google","free",0
"STU01199","Hendra Pertiwi","hendra.pertiwi910@gmail.com",23,"Jakarta","2023-03-11","Organic","basic",6
"STU00946","Rizky Setiawan","rizky.setiawan@outlook.com",22,"Jakarta","2025-01-15","Google","basic",0
"STU00954","Tia Kusuma","tia.kusuma763@yahoo.com",25,"Jakarta","2022-12-16","TikTok","free",1
"STU02934","Vina Susanto","vina.susanto@gmail.com",34,"Jakarta","2023-01-02","Instagram","free",5
"STU01539","Maya Anggraini","maya.anggraini@gmail.com",29,"Surabaya","2022-08-21","YouTube","free",3
"STU02825","Dimas Nugroho","dimas.nugroho362@gmail.com",26,"Yogyakarta","2022-12-08","TikTok","free",3
"STU00500","Umi Cahyani","umi.cahyani@gmail.com",43,"Yogyakarta","2022-08-12","Referral","basic",3
"STU00444","Arif Hidayat","arif.hidayat@hotmail.com",30,"Bandung","2022-04-24","Instagram","free",3
"STU01476","Intan Wijaya","intan.wijaya@gmail.com",43,"Medan","2024-01-21","Google","basic",5
"STU01166","Siti Hidayat","siti.hidayat@yahoo.com",24,"Surabaya","2022-10-30","Instagram","free",6
"STU00484","Fitri Wulandari","fitri.wulandari238@gmail.com",36,"Yogyakarta","2022-01-21","Referral","free",5
"STU02828","Hana Santoso","hana.santoso@outlook.com",29,"Jakarta","2023-08-23","Google","free",3
"STU00860","Ayu Setiawan","ayu.setiawan542@gmail.com",18,"Jakarta","2023-11-01","Organic","basic",5
"STU01114","Intan Wulandari","intan.wulandari@hotmail.com",22,"Palembang","2022-03-16","Referral","free",5
"STU02978","Umi Kusuma","umi.kusuma@outlook.com",37,"Jakarta","2023-07-13","YouTube","free",10
"STU02808","Hendra Permadi","hendra.permadi895@yahoo4485@gmail.com",34,"Medan","2023-02-11","YouTube","basic",10
"STU01754","Budi Wibowo","budi.wibowo486@yahoo.com",43,"Bandung","2023-12-27","Instagram","basic",2
"STU00902","Naufal Permadi","naufal.permadi@gmail.com",45,"Jakarta","2023-04-05","TikTok","free",9
"STU02502","Maya Hidayat","maya.hidayat@yahoo.com",40,"Jakarta","2022-03-19","Instagram","free",6
"STU02176","Winda Setiawan","winda.setiawan@outlook.com",29,"Bandung","2023-02-25","Instagram","basic",2
"STU02659","Reno Hidayat","reno.hidayat247@yahoo.com",30,"Jakarta","2024-02-23","Referral","free",5
"STU02904","Eko Maulana","eko.maulana@yahoo.com",40,"Bandung","2022-04-07","Instagram","free",10
"STU02556","Ayu Hapsari","ayu.hapsari250@outlook.com",28,"Bogor","2024-04-23","Google","pro",4
"STU00763","Olivia Lestari","olivia.lestari842@outlook.com",40,"Jakarta","2022-11-09","Google","pro",1
"STU01786","Hana Hapsari","hana.hapsari290@hotmail.com",43,"Denpasar","2023-08-05","Instagram","free",6
"STU00298","Hendra Saputra","hendra.saputra@gmail.com",36,"Bandung","2024-09-17","TikTok","free",1
"STU02181","Reza Setiawan","reza.setiawan@outlook.com",42,"Surabaya","2023-09-05","Referral","free",3
"STU00942","Adi Hidayat","adi.hidayat143@yahoo.com",41,"Medan","2022-06-16","Organic","free",1
"STU02636","Iqbal Hakim","iqbal.hakim@gmail.com",39,"Semarang","2022-10-26","Referral","free",1
"STU02368","Mawar Anggara","mawar.anggara115@yahoo6529@gmail.com",19,"Surabaya","2022-04-12","TikTok","basic",4
"STU00413","Krisna Nugroho","krisna.nugroho@gmail.com",27,"Semarang","2023-11-19","Google","free",1
"STU01705","Indah Nugroho","indah.nugroho@yahoo.com",21,"Jakarta","2024-05-09","Referral","free",5
"STU02621","Budi Kusuma","budi.kusuma@yahoo.com",34,"Jakarta","2022-08-16","YouTube","pro",4
"STU00609","Budi Iskandar","budi.iskandar97@outlook.com",26,"Bandung","2024-10-26","Instagram","free",2
"STU01497","Maya Santoso","maya.santoso@outlook.com",31,"Semarang","2023-01-10","Instagram","basic",0
"STU02527","Yuni Yusuf","yuni.yusuf@outlook.com",36,"Yogyakarta","2022-11-20","YouTube","free",3
"STU02145","Putra Saputra","putra.saputra@yahoo.com",28,"Jakarta","2023-03-03","Instagram","free",7
"STU01578","Nita Yusuf","nita.yusuf722@gmail.com",18,"Jakarta","2023-10-19","Instagram","basic",0
"STU01472","Fajar Kurniawan","fajar.kurniawan@gmail.com",22,"Bandung","2023-05-30","Referral","free",11
"STU01433","Sinta Rahmawati","sinta.rahmawati@hotmail.com",25,"Yogyakarta","2022-11-27","Instagram","free",4
"STU00433","Mawar Wulandari","mawar.wulandari@yahoo.com",30,"Medan","2024-06-13","Organic","free",6
"STU01493","Zahra Wulandari","zahra.wulandari621@hotmail.com",38,"Jakarta","2023-04-04","Instagram","pro",3
"STU01473","Fitri Pratama","fitri.pratama569@gmail.com",42,"Bandung","2022-08-31","Instagram","basic",4
"STU02170","Wahyu Santoso","wahyu.santoso@gmail.com",41,"Yogyakarta","2024-03-25","YouTube","free",5
"STU01654","Olivia Pramudita","olivia.pramudita@gmail.com",32,"Jakarta","2023-08-02","YouTube","free",2
"STU00230","Aditya Mahendra","aditya.mahendra@hotmail.com",38,"Medan","2022-04-16","Instagram","free",5
"STU02325","Lestari Hidayat","lestari.hidayat@outlook.com",25,"Medan","2022-05-29","Referral","free",2
"STU02359","Fitri Pramudita","fitri.pramudita@hotmail.com",31,"Jakarta","2022-09-28","Referral","free",1
"STU00729","Intan Wibowo","intan.wibowo@outlook.com",26,"Palembang","2024-12-25","Instagram","free",2
"STU02414","Vina Setiawan","vina.setiawan41@yahoo.com",40,"Jakarta","2024-04-09","YouTube","free",1
"STU02189","Galih Iskandar","galih.iskandar852@outlook4527@gmail.com",20,"Jakarta","2022-11-28","Referral","free",2
"STU01659","Hendra Ramadhan","hendra.ramadhan33@yahoo.com",31,"Jakarta","2022-04-04","TikTok","free",11
"STU01463","Arif Damayanti","arif.damayanti965@gmail.com",41,"Bandung","2022-11-16","TikTok","free",1
"STU01151","Naufal Yusuf","naufal.yusuf67@hotmail.com",37,"Jakarta","2023-06-17","Referral","basic",2
"STU02826","Diah Setiawan","diah.setiawan@outlook.com",22,"Semarang","2025-02-03","Instagram","basic",1
"STU01707","Gita Pertiwi","gita.pertiwi@gmail.com",30,"Surabaya","2023-04-24","Instagram","free",3
"STU02271","Putri Anggara","putri.anggara@gmail.com",35,"Bandung","2024-05-16","Google","free",5
"STU02649","Permata Setiawan","permata.setiawan145@outlook.com",23,"Makassar","2023-03-12","Google","free",0
"STU01087","Reno Setiawan","reno.setiawan@outlook.com",21,"Surabaya","2022-01-07","Instagram","basic",3
"STU00901","Reno Hidayat","reno.hidayat@gmail.com",30,"Yogyakarta","2022-01-08","Instagram","free",6
"STU00081","Permata Cahyani","permata.cahyani@hotmail.com",20,"Surabaya","2022-06-19","YouTube","free",1
"STU00138","Adi Hidayat","adi.hidayat@outlook.com",40,"Surabaya","2023-05-25","Organic","free",5
"STU02833","Fajar Anggara","fajar.anggara98@yahoo.com",45,"Bandung","2022-06-27","Organic","free",3
"STU02846","Mawar Pratama","mawar.pratama@outlook.com",24,"Jakarta","2022-06-24","Instagram","free",3
"STU00169","Hadi Rahmawati","hadi.rahmawati445@yahoo.com",38,"Jakarta","2024-04-07","YouTube","free",3
"STU00414","Hana Cahyani","hana.cahyani559@outlook.com",39,"Jakarta","2024-09-23","Google","pro",6
"STU02195","Eko Anggara","eko.anggara235@gmail.com",33,"Surabaya","2024-02-02","YouTube","free",0
"STU02803","Reno Permadi","reno.permadi719@hotmail6055@gmail.com",25,"Bandung","2024-08-19","Google","basic",0
"STU02315","Sinta Wulandari","sinta.wulandari@yahoo.com",27,"Jakarta","2022-08-31","YouTube","free",2
"STU02618","Dewi Hapsari","dewi.hapsari@hotmail.com",42,"Bekasi","2022-07-30","Google","basic",3
"STU00834","Rizky Saputra","rizky.saputra@hotmail.com",45,"Surabaya","2023-06-24","Referral","free",6
"STU02944","Hadi Mahendra","hadi.mahendra@outlook.com",43,"Jakarta","2023-08-13","Organic","basic",5
"STU00753","Maya Anggara","maya.anggara204@outlook.com",26,"Jakarta","2022-02-17","Google","free",2
"STU02867","Maya Cahyani","maya.cahyani13@hotmail.com",41,"Semarang","2024-11-11","Instagram","pro",0
"STU01941","Aditya Wulandari","aditya.wulandari873@gmail.com",29,"Jakarta","2023-09-24","Referral","pro",2
"STU01952","Indah Hidayat","indah.hidayat@yahoo5464@gmail.com",41,"Yogyakarta","2023-04-09","Instagram","free",3
"STU01379","Ratna Damayanti","ratna.damayanti855@yahoo.com",28,"Malang","2024-11-23","Referral","free",3
"STU00497","Gita Wijaya","gita.wijaya389@yahoo.com",39,"Bandung","2024-06-01","Instagram","free",1
"STU02338","Intan Pratama","intan.pratama558@gmail.com",41,"Yogyakarta","2022-07-15","Referral","free",6
"STU01555","Krisna Susanto","krisna.susanto@hotmail.com",18,"Yogyakarta","2022-08-01","YouTube","free",5
"STU00056","Sinta Setyowati","sinta.setyowati@gmail.com",28,"Jakarta","2023-01-20","Instagram","free",11
"STU01814","Eka Santoso","eka.santoso229@outlook.com",19,"Semarang","2023-02-24","Instagram","free",1
"STU02830","Aditya Hidayat","aditya.hidayat682@outlook.com",29,"Surabaya","2024-01-03","Instagram","free",0
"STU00328","Bayu Pramudita","bayu.pramudita@outlook1961@gmail.com",43,"Jakarta","2024-04-12","Referral","free",3
"STU00885","Vina Mahendra","vina.mahendra863@yahoo.com",44,"Medan","2024-09-26","Organic","basic",6
"STU00538","Citra Pertiwi","citra.pertiwi147@gmail.com",44,"Yogyakarta","2023-03-08","YouTube","free",1
"STU00417","Dito Nugroho","dito.nugroho32@yahoo.com",36,"Medan","2024-06-01","Instagram","pro",3
"STU02813","Tia Hapsari","tia.hapsari@yahoo.com",39,"Bandung","2023-05-31","Google","free",0
"STU01026","Hadi Hidayat","hadi.hidayat@outlook.com",35,"Palembang","2022-12-04","Organic","free",10
"STU02617","Naufal Permadi","naufal.permadi@hotmail.com",45,"Bandung","2023-01-04","YouTube","free",4
"STU00457","Surya Anggraini","surya.anggraini@outlook.com",22,"Bekasi","2023-10-26","Instagram","free",3
"STU00397","Indah Kurniawan","indah.kurniawan678@hotmail.com",29,"Medan","2023-06-28","Instagram","free",2
"STU01581","Reno Pramudita","reno.pramudita@gmail.com",27,"Jakarta","2023-10-07","YouTube","free",4
"STU00550","Hendra Kusuma","hendra.kusuma834@yahoo.com",41,"Jakarta","2024-10-14","Instagram","pro",11
"STU00195","Hadi Ramadhan","hadi.ramadhan@outlook.com",35,"Yogyakarta","2023-07-10","YouTube","pro",3
"STU01635","Umi Hakim","umi.hakim924@gmail.com",19,"Bandung","2023-06-13","YouTube","free",1
"STU02293","Budi Cahyani","budi.cahyani@yahoo.com",27,"Jakarta","2022-11-29","Google","free",6
"STU01113","Yuni Maulana","yuni.maulana@outlook.com",43,"Yogyakarta","2024-04-09","Referral","basic",9
"STU02550","Dimas Damayanti","dimas.damayanti@yahoo.com",24,"Medan","2024-11-29","TikTok","free",3
"STU02322","Reno Pratama","reno.pratama675@outlook.com",25,"Bandung","2022-01-06","Instagram","free",10
"STU01385","Lestari Setiawan","lestari.setiawan@hotmail.com",32,"Jakarta","2024-03-18","Referral","free",6
"STU00572","Dimas Cahyani","dimas.cahyani@hotmail.com",24,"Bandung","2023-10-02","Instagram","free",6
"STU00129","Ferdi Nugroho","ferdi.nugroho187@gmail.com",32,"Bandung","2023-03-12","Instagram","free",5
"STU02171","Lestari Wijaya","lestari.wijaya359@outlook.com",21,"Jakarta","2023-03-25","TikTok","basic",10
"STU00027","Fitri Susanto","fitri.susanto466@gmail.com",33,"Yogyakarta","2023-03-26","Instagram","free",2
"STU00837","Maya Anggara","maya.anggara@yahoo.com",35,"Makassar","2022-11-14","Instagram","basic",1
"STU01163","Fitri Saputra","fitri.saputra@outlook.com",22,"Jakarta","2022-03-28","Instagram","free",11
"STU00628","Vina Rahmawati","vina.rahmawati@yahoo.com",19,"Yogyakarta","2024-02-29","Referral","free",6
"STU00556","Mega Hidayat","mega.hidayat987@outlook.com",31,"Surabaya","2024-07-04","YouTube","free",3
"STU00395","Krisna Permadi","krisna.permadi285@hotmail.com",23,"Yogyakarta","2023-09-22","Google","free",1
"STU00377","Surya Pratama","surya.pratama660@gmail.com",32,"Jakarta","2023-08-06","Google","basic",1
"STU01641","Eko Wulandari","eko.wulandari@yahoo8950@gmail.com",19,"Bandung","2023-11-09","TikTok","free",0
"STU01857","Satria Ramadhan","satria.ramadhan@gmail.com",31,"Jakarta","2022-06-14","Google","basic",5
"STU00796","Permata Hidayat","permata.hidayat@outlook.com",42,"Semarang","2024-11-29","Organic","pro",8
"STU00223","Krisna Lestari","krisna.lestari695@outlook.com",31,"Bandung","2022-01-17","Google","basic",3
"STU00925","Reno Permadi","reno.permadi@hotmail.com",23,"Yogyakarta","2022-02-10","Referral","basic",4
"STU00610","Adi Kurniawan","adi.kurniawan282@hotmail.com",30,"Bandung","2022-03-31","Instagram","free",0
"STU00522","Luthfi Pertiwi","luthfi.pertiwi@yahoo.com",32,"Jakarta","2023-10-07","Google","free",11
"STU00466","Arif Wijaya","arif.wijaya@gmail.com",29,"Jakarta","2024-04-15","Instagram","free",3
"STU02817","Gilang Setyowati","gilang.setyowati469@yahoo.com",26,"Makassar","2022-12-19","Instagram","basic",0
"STU02261","Adi Pratama","adi.pratama@hotmail.com",34,"Jakarta","2024-11-04","Google","free",1
"STU00333","Olivia Anggara","olivia.anggara@outlook.com",29,"Bandung","2025-01-15","Instagram","free",4
"STU00582","Aditya Anggraini","aditya.anggraini@hotmail.com",45,"Bandung","2022-01-12","Instagram","free",8
"STU00949","Vina Ramadhan","vina.ramadhan@gmail.com",38,"Bogor","2023-05-31","YouTube","free",2
"STU01719","Indah Pramudita","indah.pramudita59@outlook.com",35,"Bandung","2023-04-29","YouTube","free",0
"STU01709","Yoga Iskandar","yoga.iskandar782@outlook.com",27,"Jakarta","2022-03-16","TikTok","free",0
"STU02789","Bayu Susanto","bayu.susanto489@hotmail.com",32,"Malang","2022-11-08","Instagram","free",3
"STU02186","Mega Susanto","mega.susanto@gmail.com",25,"Bandung","2024-04-09","Referral","free",3
"STU00108","Rahmat Cahyani","rahmat.cahyani@yahoo.com",41,"Palembang","2023-02-09","Google","free",3
"STU01242","Naufal Putra","naufal.putra303@hotmail.com",19,"Surabaya","2024-07-09","YouTube","free",3
"STU00110","Hendra Damayanti","hendra.damayanti@gmail.com",29,"Jakarta","2024-03-26","Google","pro",11
"STU00806","Rizky Kurniawan","rizky.kurniawan@outlook.com",24,"Malang","2022-05-17","Instagram","free",3
"STU01904","Mawar Wibowo","mawar.wibowo449@hotmail.com",33,"Malang","2022-02-14","Referral","free",6
"STU02791","Satria Hakim","satria.hakim760@gmail.com",28,"Makassar","2022-03-02","Instagram","free",6
"STU00172","Lestari Rahmawati","lestari.rahmawati@outlook.com",18,"Jakarta","2022-09-03","TikTok","basic",10
"STU01384","Hendra Pramudita","hendra.pramudita@outlook.com",45,"Bandung","2024-02-07","Referral","basic",6
"STU00668","Diah Wijaya","diah.wijaya742@gmail.com",30,"Malang","2024-11-15","Google","free",11
"STU01627","Naufal Lestari","naufal.lestari191@hotmail.com",20,"Jakarta","2022-03-31","Instagram","free",3
"STU01145","Mawar Permadi","mawar.permadi816@gmail2558@gmail.com",35,"Yogyakarta","2024-05-27","Instagram","free",6
"STU00594","Ayu Wijaya","ayu.wijaya@yahoo.com",20,"Bandung","2023-12-19","Instagram","free",5
"STU02883","Sari Cahyani","sari.cahyani304@gmail.com",20,"Jakarta","2024-07-25","Instagram","basic",1
"STU02609","Budi Nugroho","budi.nugroho@outlook.com",33,"Jakarta","2022-05-14","Instagram","free",3
"STU01058","Reza Permadi","reza.permadi131@yahoo1214@gmail.com",33,"Jakarta","2024-11-17","Instagram","free",1
"STU02430","Ferdi Cahyani","ferdi.cahyani658@outlook.com",30,"Yogyakarta","2023-09-19","Instagram","basic",2
"STU02223","Fitri Putra","fitri.putra489@outlook.com",38,"Medan","2022-03-22","Google","free",0
"STU01799","Mawar Wulandari","mawar.wulandari@yahoo4334@gmail.com",26,"Semarang","2024-07-12","Instagram","free",5
"STU00036","Zahra Putra","zahra.putra246@outlook.com",43,"Bandung","2024-02-02","Google","free",3
"STU01265","Intan Yusuf","intan.yusuf@outlook.com",30,"Medan","2024-08-18","Google","free",1
"STU01094","Arif Susanto","arif.susanto281@yahoo.com",40,"Yogyakarta","2023-08-19","Google","pro",2
"STU00809","Naufal Ramadhan","naufal.ramadhan987@outlook.com",22,"Medan","2024-04-02","TikTok","basic",5
"STU02673","Fitri Mahendra","fitri.mahendra@outlook.com",19,"Jakarta","2023-12-07","Instagram","free",1
"STU01194","Maya Wibowo","maya.wibowo@hotmail.com",27,"Jakarta","2022-03-21","Instagram","free",5
"STU00351","Gilang Cahyani","gilang.cahyani465@outlook.com",23,"Jakarta","2023-05-06","Instagram","free",2
"STU01959","Wahyu Pramudita","wahyu.pramudita954@outlook.com",23,"Surabaya","2022-07-14","TikTok","free",3
"STU00919","Rizky Pratama","rizky.pratama883@gmail.com",28,"Surabaya","2022-07-04","YouTube","free",3
"STU01551","Krisna Mahendra","krisna.mahendra297@gmail.com",21,"Jakarta","2024-03-23","Instagram","free",0
"STU00878","Hadi Ramadhan","hadi.ramadhan@gmail.com",24,"Denpasar","2022-07-22","Organic","basic",3
"STU02593","Reno Yusuf","reno.yusuf@yahoo.com",27,"Jakarta","2022-10-23","Google","free",1
"STU02019","Siti Nugroho","siti.nugroho@hotmail.com",40,"Jakarta","2022-12-14","Instagram","free",9
"STU00331","Adi Permadi","adi.permadi215@yahoo.com",39,"Semarang","2022-01-30","Google","free",5
"STU00895","Aditya Damayanti","aditya.damayanti@yahoo.com",29,"Denpasar","2024-08-04","Google","free",10
"STU01565","Diah Hapsari","diah.hapsari@outlook.com",19,"Yogyakarta","2022-03-06","Referral","free",5
"STU00758","Surya Wulandari","surya.wulandari@yahoo.com",42,"Makassar","2022-05-30","TikTok","free",0
"STU00360","Zahra Hidayat","zahra.hidayat31@gmail.com",34,"Jakarta","2024-11-14","Instagram","free",0
"STU02565","Winda Iskandar","winda.iskandar@yahoo.com",27,"Jakarta","2024-06-23","Instagram","basic",3
"STU02126","Hana Cahyani","hana.cahyani827@hotmail.com",40,"Medan","2023-08-19","Instagram","free",4
"STU00467","Aditya Setiawan","aditya.setiawan@hotmail.com",24,"Bekasi","2023-03-01","Instagram","free",3
"STU01126","Nita Susanto","nita.susanto53@gmail.com",32,"Jakarta","2024-09-25","Google","free",3
"STU00656","Putra Rahmawati","putra.rahmawati@hotmail.com",31,"Yogyakarta","2022-04-22","Referral","basic",2
"STU01477","Ayu Nugroho","ayu.nugroho@gmail.com",28,"Yogyakarta","2022-05-05","Google","free",5
"STU00578","Diah Kusuma","diah.kusuma@outlook.com",28,"Semarang","2022-10-22","YouTube","free",4
"STU02589","Panji Mahendra","panji.mahendra@yahoo.com",19,"Surabaya","2022-06-01","Instagram","free",4
"STU02231","Hendra Mahendra","hendra.mahendra846@hotmail.com",39,"Yogyakarta","2022-10-28","YouTube","basic",4
"STU00602","Tia Permadi","tia.permadi@outlook.com",27,"Jakarta","2024-12-05","Instagram","free",11
"STU00156","Wahyu Damayanti","wahyu.damayanti@yahoo.com",44,"Makassar","2023-08-31","Instagram","basic",5
"STU02711","Luthfi Maulana","luthfi.maulana708@hotmail.com",33,"Bandung","2022-06-25","YouTube","pro",6
"STU01950","Galih Hapsari","galih.hapsari557@hotmail.com",24,"Jakarta","2022-01-20","Google","free",3
"STU00841","Olivia Iskandar","olivia.iskandar@hotmail.com",41,"Bekasi","2023-06-20","YouTube","free",6
"STU01069","Winda Wibowo","winda.wibowo@yahoo.com",28,"Jakarta","2023-10-26","Referral","basic",5
"STU01089","Dimas Damayanti","dimas.damayanti730@hotmail.com",32,"Jakarta","2022-11-04","Google","basic",1
"STU02188","Winda Santoso","winda.santoso168@hotmail.com",22,"Surabaya","2022-01-15","TikTok","pro",2
"STU01540","Putra Saputra","putra.saputra@gmail.com",25,"Bandung","2025-01-06","Google","basic",5
"STU00700","Winda Maulana","winda.maulana@hotmail.com",20,"Jakarta","2024-05-04","Google","free",3
"STU01261","Umi Hidayat","umi.hidayat@outlook.com",19,"Makassar","2022-02-22","TikTok","basic",0
"STU00249","Yoga Wijaya","yoga.wijaya@outlook.com",22,"Tangerang","2023-07-08","YouTube","free",2
"STU00697","Putri Pramudita","putri.pramudita592@hotmail.com",32,"Bandung","2023-05-17","Instagram","free",4
"STU00686","Eko Putra","eko.putra114@outlook.com",23,"Jakarta","2022-11-22","Instagram","free",2
"STU01469","Ferdi Anggraini","ferdi.anggraini@gmail.com",25,"Semarang","2022-05-01","Google","free",6
"STU02741","Wahyu Damayanti","wahyu.damayanti@hotmail7786@gmail.com",32,"Yogyakarta","2022-08-26","TikTok","free",0
"STU02086","Dito Setiawan","dito.setiawan38@hotmail1883@gmail.com",43,"Medan","2024-11-11","YouTube","free",2
"STU01329","Siti Hakim","siti.hakim@yahoo.com",30,"Yogyakarta","2024-01-05","YouTube","basic",5
"STU01080","Ayu Hakim","ayu.hakim@yahoo.com",43,"Yogyakarta","2022-07-16","YouTube","free",2
"STU00262","Eka Pratama","eka.pratama14@gmail.com",22,"Surabaya","2023-05-24","TikTok","basic",6
"STU01304","Lestari Susanto","lestari.susanto79@gmail.com",26,"Jakarta","2022-03-16","Organic","basic",7
"STU02917","Budi Pramudita","budi.pramudita@hotmail.com",37,"Malang","2024-03-30","Referral","free",1
"STU02815","Krisna Cahyani","krisna.cahyani@outlook.com",43,"Jakarta","2022-05-03","Instagram","basic",1
"STU01150","Vina Kusuma","vina.kusuma608@outlook.com",37,"Bekasi","2024-12-13","YouTube","free",0
"STU02757","Zahra Susanto","zahra.susanto@yahoo.com",25,"Medan","2023-10-15","TikTok","free",3
"STU01006","Panji Pratama","panji.pratama@gmail.com",26,"Jakarta","2022-01-01","Organic","free",2
"STU02810","Olivia Setiawan","olivia.setiawan402@outlook8580@gmail.com",28,"Bandung","2023-05-08","Instagram","free",2
"STU01624","Maya Saputra","maya.saputra430@gmail.com",30,"Bogor","2025-01-15","Referral","free",4
"STU01672","Surya Wijaya","surya.wijaya@hotmail.com",44,"Bandung","2022-04-06","Instagram","pro",0
"STU02092","Dito Anggraini","dito.anggraini@yahoo.com",35,"Bandung","2025-02-01","Google","free",1
"STU00868","Dito Hakim","dito.hakim253@outlook.com",22,"Bandung","2023-05-06","YouTube","free",3
"STU01415","Mega Wibowo","mega.wibowo635@hotmail2460@gmail.com",33,"Jakarta","2023-03-31","Instagram","free",3
"STU01517","Reno Yusuf","reno.yusuf@hotmail6387@gmail.com",35,"Semarang","2023-05-25","Instagram","basic",6
"STU01236","Zahra Santoso","zahra.santoso@gmail.com",43,"Jakarta","2023-05-28","Instagram","free",1
"STU01932","Indah Hidayat","indah.hidayat@yahoo.com",35,"Semarang","2023-04-07","Instagram","free",2
"STU01798","Ratna Kurniawan","ratna.kurniawan@outlook.com",37,"Bandung","2022-09-06","TikTok","free",2
"STU01588","Andi Setyowati","andi.setyowati190@yahoo.com",23,"Bandung","2022-01-05","YouTube","pro",5
"STU01127","Tia Maulana","tia.maulana799@gmail.com",22,"Yogyakarta","2024-02-13","TikTok","free",0
"STU01599","Fitri Kurniawan","fitri.kurniawan14@hotmail.com",29,"Jakarta","2023-09-05","Google","free",3
"STU00605","Wahyu Pramudita","wahyu.pramudita@outlook.com",23,"Jakarta","2022-02-21","Instagram","free",2
"STU00264","Wahyu Cahyani","wahyu.cahyani@gmail.com",24,"Jakarta","2022-10-13","Referral","free",0
"STU01531","Tia Cahyani","tia.cahyani@gmail.com",42,"Semarang","2024-11-22","Instagram","basic",5
"STU01447","Surya Mahendra","surya.mahendra608@hotmail1622@gmail.com",37,"Bekasi","2022-08-24","Instagram","free",0
"STU00057","Tia Anggraini","tia.anggraini@hotmail.com",32,"Jakarta","2025-02-17","Google","free",0
"STU00642","Arif Pramudita","arif.pramudita315@gmail.com",23,"Yogyakarta","2023-04-29","TikTok","free",1
"STU02747","Zahra Hidayat","zahra.hidayat@hotmail.com",21,"Semarang","2024-02-10","Instagram","basic",0
"STU02357","Satria Rahmawati","satria.rahmawati@gmail.com",32,"Medan","2022-05-11","Referral","free",5
"STU00921","Galih Yusuf","galih.yusuf@hotmail.com",33,"Jakarta","2023-11-25","Referral","free",1
"STU02402","Aditya Setyowati","aditya.setyowati351@yahoo.com",30,"Denpasar","2022-04-28","Google","free",0
"STU00275","Krisna Rahmawati","krisna.rahmawati152@hotmail.com",32,"Yogyakarta","2024-09-06","Google","basic",5
"STU02676","Rahmat Lestari","rahmat.lestari739@gmail.com",22,"Jakarta","2022-09-28","Referral","basic",3
"STU01375","Putri Ramadhan","putri.ramadhan@yahoo.com",35,"Jakarta","2024-04-02","Referral","free",0
"STU00482","Dewi Permadi","dewi.permadi@yahoo.com",31,"Yogyakarta","2024-05-24","Google","free",3
"STU02410","Adi Maulana","adi.maulana@yahoo.com",38,"Yogyakarta","2023-08-13","Instagram","free",4
"STU00013","Mawar Hidayat","mawar.hidayat63@gmail.com",30,"Bandung","2023-10-04","Instagram","free",1
"STU02063","Ferdi Wijaya","ferdi.wijaya564@yahoo.com",26,"Jakarta","2022-02-02","TikTok","free",3
"STU01369","Mawar Nugroho","mawar.nugroho@yahoo.com",20,"Surabaya","2022-10-12","TikTok","free",8
"STU02699","Ratna Pratama","ratna.pratama899@outlook2368@gmail.com",20,"Bandung","2022-09-26","Instagram","free",6
"STU00659","Kirana Pertiwi","kirana.pertiwi691@gmail.com",22,"Bandung","2022-01-15","YouTube","free",3
"STU00470","Ayu Hidayat","ayu.hidayat@gmail.com",37,"Semarang","2025-01-12","Instagram","free",3
"STU00144","Bayu Kusuma","bayu.kusuma@outlook.com",44,"Bandung","2025-01-28","Instagram","free",0
"STU02839","Satria Lestari","satria.lestari@hotmail.com",32,"Surabaya","2023-04-12","Google","free",0
"STU02464","Ratna Yusuf","ratna.yusuf@yahoo.com",32,"Medan","2024-05-10","Instagram","basic",6
"STU01088","Dito Wibowo","dito.wibowo@hotmail.com",32,"Denpasar","2023-03-14","Google","free",3
"STU00634","Citra Susanto","citra.susanto@gmail.com",23,"Jakarta","2024-01-04","Instagram","free",3
"STU00488","Hana Lestari","hana.lestari79@gmail.com",26,"Jakarta","2025-01-18","Instagram","pro",2
"STU02169","Indah Iskandar","indah.iskandar455@hotmail.com",25,"Medan","2025-02-11","Google","free",3
"STU00783","Galih Pramudita","galih.pramudita430@gmail.com",21,"Medan","2024-09-01","Instagram","free",9
"STU00445","Yoga Permadi","yoga.permadi@yahoo.com",44,"Semarang","2023-04-27","Organic","free",0
"STU02528","Putra Lestari","putra.lestari@outlook836@gmail.com",18,"Yogyakarta","2023-03-20","YouTube","basic",11
"STU00908","Fitri Anggraini","fitri.anggraini@yahoo.com",30,"Surabaya","2022-09-14","Referral","basic",6
"STU00026","Ratna Anggraini","ratna.anggraini@outlook.com",45,"Malang","2023-11-19","YouTube","basic",6
"STU02298","Maya Anggraini","maya.anggraini@outlook.com",34,"Surabaya","2022-06-12","Instagram","free",0
"STU02974","Putra Anggraini","putra.anggraini@gmail.com",32,"Semarang","2023-03-27","Instagram","basic",1
"STU01673","Maya Pratama","maya.pratama@hotmail.com",34,"Palembang","2023-06-03","YouTube","free",2
"STU01694","Olivia Putra","olivia.putra@gmail.com",20,"Yogyakarta","2024-05-13","Instagram","free",5
"STU00070","Hadi Anggraini","hadi.anggraini@outlook.com",24,"Denpasar","2022-01-16","Instagram","basic",3
"STU00816","Fitri Wijaya","fitri.wijaya@outlook.com",44,"Surabaya","2023-07-19","YouTube","pro",9
"STU00142","Sinta Yusuf","sinta.yusuf@outlook.com",31,"Denpasar","2024-09-02","Instagram","basic",1
"STU00766","Rahmat Kurniawan","rahmat.kurniawan942@yahoo.com",42,"Bandung","2023-12-29","Instagram","free",3
"STU00366","Fitri Pramudita","fitri.pramudita@outlook.com",44,"Semarang","2023-10-15","Referral","free",5
"STU02401","Reno Yusuf","reno.yusuf689@hotmail.com",28,"Malang","2023-10-20","Instagram","pro",9
"STU01711","Surya Mahendra","surya.mahendra310@hotmail.com",23,"Jakarta","2024-07-18","Instagram","free",2
"STU01612","Mega Permadi","mega.permadi@gmail.com",21,"Medan","2025-01-14","TikTok","free",7
"STU01488","Luthfi Hidayat","luthfi.hidayat603@hotmail.com",39,"Bandung","2024-08-15","Instagram","free",4
"STU00061","Satria Nugroho","satria.nugroho976@outlook.com",36,"Surabaya","2024-03-11","TikTok","basic",2
"STU01610","Rizky Hapsari","rizky.hapsari@outlook.com",34,"Jakarta","2023-10-06","TikTok","basic",2
"STU01523","Nadia Kurniawan","nadia.kurniawan155@hotmail.com",37,"Malang","2022-05-20","YouTube","pro",0
"STU00789","Indah Cahyani","indah.cahyani@outlook.com",40,"Semarang","2024-08-04","Instagram","free",5
"STU01044","Winda Setiawan","winda.setiawan616@outlook.com",31,"Denpasar","2022-08-13","Google","free",3
"STU01797","Yoga Susanto","yoga.susanto@outlook.com",41,"Yogyakarta","2023-03-30","Referral","basic",3
"STU00739","Citra Cahyani","citra.cahyani764@outlook.com",32,"Semarang","2023-09-23","YouTube","free",8
"STU02807","Olivia Wibowo","olivia.wibowo382@yahoo.com",26,"Jakarta","2023-11-08","YouTube","free",1
"STU02450","Naufal Kurniawan","naufal.kurniawan157@outlook.com",21,"Jakarta","2023-03-06","Referral","free",3
"STU02923","Satria Mahendra","satria.mahendra@hotmail.com",40,"Bandung","2022-10-06","Instagram","free",3
"STU01944","Ayu Setyowati","ayu.setyowati@hotmail.com",21,"Malang","2023-12-31","YouTube","free",2
"STU01731","Satria Setyowati","satria.setyowati684@outlook.com",38,"Denpasar","2025-01-20","YouTube","basic",3
"STU01160","Sari Ramadhan","sari.ramadhan33@outlook.com",30,"Jakarta","2023-01-18","Organic","free",7
"STU00915","Indah Anggara","indah.anggara212@hotmail.com",36,"Medan","2022-12-19","YouTube","free",2
"STU02684","Panji Santoso","panji.santoso@gmail.com",24,"Surabaya","2022-10-21","YouTube","pro",5
"STU01410","Siti Nugroho","siti.nugroho@gmail.com",19,"Jakarta","2022-03-29","YouTube","basic",6
"STU02075","Rizky Cahyani","rizky.cahyani926@yahoo9402@gmail.com",41,"Jakarta","2024-05-24","Google","free",3
"STU01884","Iqbal Permadi","iqbal.permadi@hotmail.com",23,"Makassar","2024-07-25","Referral","free",6
"STU01483","Nita Kurniawan","nita.kurniawan6@outlook3359@gmail.com",39,"Yogyakarta","2023-02-15","Instagram","free",4
"STU02331","Kirana Yusuf","kirana.yusuf278@hotmail.com",31,"Jakarta","2022-02-22","TikTok","free",3
"STU01106","Vina Hapsari","vina.hapsari128@hotmail.com",35,"Jakarta","2024-01-26","Google","free",5
"STU00173","Rizky Hidayat","rizky.hidayat@yahoo.com",18,"Surabaya","2024-09-09","YouTube","free",4
"STU01420","Bagus Wibowo","bagus.wibowo@gmail.com",30,"Jakarta","2022-01-17","Instagram","free",3
"STU00162","Wahyu Permadi","wahyu.permadi695@hotmail.com",29,"Bandung","2024-03-12","TikTok","free",3
"STU00009","Putri Wulandari","putri.wulandari169@outlook.com",27,"Yogyakarta","2022-05-09","TikTok","free",1
"STU01566","Lestari Wibowo","lestari.wibowo@outlook2486@gmail.com",45,"Jakarta","2023-02-08","YouTube","basic",2
"STU02738","Panji Maulana","panji.maulana308@hotmail.com",21,"Palembang","2023-05-04","Referral","free",3
"STU02481","Sinta Saputra","sinta.saputra@gmail.com",22,"Bandung","2025-01-10","Instagram","free",3
"STU01505","Mega Hakim","mega.hakim777@gmail.com",32,"Surabaya","2023-12-31","Google","basic",0
"STU01785","Bayu Wijaya","bayu.wijaya601@gmail.com",29,"Semarang","2022-02-18","Instagram","free",4
"STU01250","Eka Pertiwi","eka.pertiwi@gmail.com",45,"Bandung","2022-08-25","Instagram","free",9
"STU00014","Luthfi Nugroho","luthfi.nugroho822@hotmail.com",19,"Bandung","2023-09-10","Instagram","free",2
"STU00800","Eko Setyowati","eko.setyowati@yahoo.com",22,"Bandung","2023-03-31","Google","basic",3
"STU02043","Surya Hidayat","surya.hidayat@hotmail.com",27,"Surabaya","2022-09-25","Organic","free",0
"STU02341","Siti Wijaya","siti.wijaya602@yahoo.com",44,"Jakarta","2022-01-26","TikTok","basic",4
"STU01070","Surya Putra","surya.putra314@yahoo.com",44,"Medan","2023-11-18","TikTok","free",4
"STU00460","Tia Santoso","tia.santoso@yahoo.com",21,"Bogor","2022-12-23","YouTube","free",3
"STU02219","Panji Setiawan","panji.setiawan@yahoo.com",26,"Yogyakarta","2022-06-28","Google","free",0
"STU01766","Rizky Damayanti","rizky.damayanti@gmail.com",26,"Bandung","2024-03-23","YouTube","basic",11
"STU01068","Ferdi Kusuma","ferdi.kusuma@gmail.com",26,"Palembang","2023-07-04","Instagram","free",2
"STU00750","Maya Susanto","maya.susanto@outlook.com",35,"Bandung","2024-12-23","Instagram","basic",1
"STU00548","Rahmat Hidayat","rahmat.hidayat@outlook.com",24,"Bandung","2025-02-17","Google","free",2
"STU00430","Reno Kurniawan","reno.kurniawan@outlook.com",23,"Malang","2025-02-28","Instagram","free",6
"STU00259","Bagus Wibowo","bagus.wibowo167@yahoo.com",44,"Jakarta","2024-03-18","Instagram","basic",4
"STU02896","Vina Iskandar","vina.iskandar@outlook.com",36,"Bandung","2024-07-08","Instagram","free",1
"STU02788","Iqbal Wibowo","iqbal.wibowo@yahoo.com",43,"Bandung","2023-10-14","Google","free",1
"STU02323","Nita Mahendra","nita.mahendra@hotmail.com",36,"Tangerang","2023-11-14","TikTok","free",1
"STU01560","Gita Nugroho","gita.nugroho@yahoo7063@gmail.com",20,"Bandung","2022-10-29","YouTube","free",4
"STU01445","Krisna Nugroho","krisna.nugroho@yahoo.com",42,"Bandung","2023-12-15","Referral","basic",0
"STU00410","Hendra Pramudita","hendra.pramudita696@gmail.com",37,"Bandung","2023-12-23","YouTube","free",2
"STU00907","Galih Cahyani","galih.cahyani825@outlook.com",22,"Denpasar","2022-03-29","Google","free",1
"STU01458","Eka Nugroho","eka.nugroho843@yahoo.com",40,"Semarang","2024-01-22","Referral","free",0
"STU01795","Rahmat Wibowo","rahmat.wibowo81@outlook.com",37,"Medan","2023-08-17","TikTok","free",4
"STU01971","Hendra Wulandari","hendra.wulandari12@gmail.com",41,"Malang","2022-12-08","Google","free",0
"STU02787","Olivia Permadi","olivia.permadi405@outlook.com",23,"Medan","2023-01-19","Google","free",3
"STU02347","Ratna Mahendra","ratna.mahendra@yahoo.com",45,"Semarang","2023-02-22","TikTok","free",3
"STU00904","Permata Yusuf","permata.yusuf933@yahoo.com",39,"Surabaya","2024-10-01","Instagram","pro",7
"STU02482","Winda Rahmawati","winda.rahmawati@gmail.com",34,"Denpasar","2022-10-02","Instagram","free",2
"STU01373","Sinta Yusuf","sinta.yusuf@outlook2229@gmail.com",27,"Yogyakarta","2023-11-23","YouTube","free",11
"STU02628","Zahra Nugroho","zahra.nugroho659@yahoo.com",44,"Jakarta","2022-01-16","TikTok","free",11
"STU02353","Indah Hapsari","indah.hapsari191@gmail.com",21,"Denpasar","2024-04-05","TikTok","free",3
"STU01976","Gilang Cahyani","gilang.cahyani590@yahoo.com",43,"Bandung","2022-06-13","Instagram","free",11
"STU02578","Eka Hapsari","eka.hapsari787@outlook.com",43,"Jakarta","2024-06-24","Instagram","basic",2
"STU02723","Ayu Kusuma","ayu.kusuma@gmail1594@gmail.com",37,"Jakarta","2022-03-18","YouTube","free",1
"STU00436","Umi Santoso","umi.santoso@outlook.com",22,"Jakarta","2025-01-17","TikTok","free",3
"STU02326","Putra Lestari","putra.lestari@hotmail.com",21,"Medan","2022-01-27","Instagram","free",0
"STU02300","Panji Permadi","panji.permadi@yahoo2047@gmail.com",29,"Surabaya","2024-07-14","Google","free",2
"STU02639","Zahra Kusuma","zahra.kusuma@outlook.com",40,"Surabaya","2022-02-12","Instagram","basic",5
"STU00501","Sinta Wulandari","sinta.wulandari@hotmail.com",31,"Jakarta","2024-11-28","Google","free",4
"STU02743","Olivia Maulana","olivia.maulana@yahoo.com",18,"Jakarta","2022-05-06","YouTube","free",0
"STU02051","Gita Santoso","gita.santoso534@gmail2087@gmail.com",26,"Jakarta","2022-09-01","TikTok","free",5
"STU01172","Lestari Wibowo","lestari.wibowo@gmail.com",44,"Medan","2023-04-15","TikTok","free",0
"STU02812","Siti Wulandari","siti.wulandari@outlook.com",25,"Semarang","2022-11-22","Instagram","free",3
"STU00347","Eko Pramudita","eko.pramudita163@hotmail.com",25,"Surabaya","2022-07-23","YouTube","free",4
"STU01592","Yoga Wijaya","yoga.wijaya@yahoo.com",35,"Jakarta","2023-08-16","Referral","basic",0
"STU01999","Tia Kurniawan","tia.kurniawan@outlook.com",21,"Bandung","2023-05-01","Google","free",2
"STU02047","Fajar Iskandar","fajar.iskandar@hotmail.com",28,"Yogyakarta","2023-07-16","Instagram","free",6
"STU01389","Hendra Saputra","hendra.saputra780@outlook8018@gmail.com",23,"Yogyakarta","2023-12-05","YouTube","free",6
"STU01000","Andi Permadi","andi.permadi@yahoo.com",24,"Yogyakarta","2023-09-04","Google","pro",0
"STU01573","Aditya Cahyani","aditya.cahyani916@yahoo5523@gmail.com",45,"Surabaya","2023-04-16","Instagram","free",4
"STU00768","Iqbal Damayanti","iqbal.damayanti@yahoo.com",30,"Medan","2022-04-11","YouTube","free",8
"STU02204","Hendra Anggara","hendra.anggara@yahoo.com",29,"Bogor","2023-05-30","YouTube","free",0
"STU02558","Fitri Hapsari","fitri.hapsari271@hotmail.com",31,"Yogyakarta","2023-01-31","YouTube","free",2
"STU02824","Naufal Santoso","naufal.santoso@outlook.com",24,"Surabaya","2022-06-11","Instagram","free",3
"STU00321","Hana Putra","hana.putra889@gmail.com",42,"Medan","2024-05-16","Instagram","pro",5
"STU00468","Intan Ramadhan","intan.ramadhan922@yahoo.com",43,"Jakarta","2022-05-18","YouTube","pro",3
"STU01298","Hana Rahmawati","hana.rahmawati@outlook.com",41,"Medan","2023-08-04","YouTube","basic",11
"STU00584","Olivia Santoso","olivia.santoso726@hotmail.com",34,"Jakarta","2025-02-10","YouTube","free",2
"STU00661","Dewi Anggara","dewi.anggara125@hotmail.com",32,"Jakarta","2024-01-22","Instagram","pro",1
"STU02804","Siti Anggraini","siti.anggraini@hotmail.com",43,"Denpasar","2022-07-08","YouTube","free",1
"STU02970","Tia Kusuma","tia.kusuma222@hotmail.com",28,"Jakarta","2024-04-29","Instagram","free",0
"STU01071","Lestari Kurniawan","lestari.kurniawan@yahoo.com",42,"Semarang","2022-10-13","Instagram","free",7
"STU00958","Diah Pratama","diah.pratama@yahoo.com",22,"Makassar","2023-01-12","Instagram","basic",1
"STU02726","Fitri Hapsari","fitri.hapsari@hotmail.com",21,"Medan","2022-06-24","Google","free",0
"STU01749","Intan Hapsari","intan.hapsari@gmail.com",33,"Jakarta","2022-12-03","Instagram","free",5
"STU02597","Rizky Susanto","rizky.susanto@gmail.com",45,"Surabaya","2022-06-26","Instagram","free",1
"STU02521","Reno Mahendra","reno.mahendra@gmail.com",21,"Surabaya","2024-08-29","Referral","free",3
"STU01929","Maya Putra","maya.putra@outlook.com",32,"Jakarta","2022-03-02","YouTube","basic",6
"STU02400","Mega Nugroho","mega.nugroho305@hotmail.com",39,"Denpasar","2022-05-25","Instagram","free",1
"STU02647","Bagus Yusuf","bagus.yusuf@outlook.com",26,"Bandung","2023-09-10","YouTube","pro",2
"STU01020","Aditya Cahyani","aditya.cahyani@hotmail.com",23,"Semarang","2024-04-02","YouTube","basic",3
"STU02786","Rahmat Mahendra","rahmat.mahendra@gmail.com",36,"Bandung","2023-02-03","Instagram","free",3
"STU00071","Iqbal Saputra","iqbal.saputra@yahoo.com",34,"Semarang","2023-11-05","TikTok","pro",3
"STU01564","Yoga Nugroho","yoga.nugroho571@yahoo.com",34,"Jakarta","2023-10-27","Referral","free",1
"STU00122","Hendra Yusuf","hendra.yusuf@yahoo.com",26,"Jakarta","2023-05-22","TikTok","free",6
"STU02574","Ferdi Anggara","ferdi.anggara251@gmail.com",33,"Malang","2023-03-03","Instagram","free",4
"STU02136","Tia Anggara","tia.anggara@gmail.com",29,"Bandung","2022-05-13","TikTok","free",3
"STU02763","Lestari Damayanti","lestari.damayanti@yahoo.com",41,"Semarang","2024-10-17","Instagram","free",0
"STU01168","Rahmat Pertiwi","rahmat.pertiwi@gmail.com",32,"Bandung","2025-01-25","TikTok","free",11
"STU01043","Mawar Hidayat","mawar.hidayat@hotmail.com",23,"Surabaya","2024-07-14","Google","free",5
"STU02587","Putra Wulandari","putra.wulandari@hotmail.com",39,"Yogyakarta","2023-02-25","YouTube","free",2
"STU00910","Eka Anggara","eka.anggara334@hotmail.com",22,"Makassar","2024-12-21","Instagram","basic",1
"STU02601","Nadia Wulandari","nadia.wulandari@gmail.com",42,"Jakarta","2023-03-13","Google","free",5
"STU01226","Reno Wibowo","reno.wibowo251@yahoo.com",38,"Jakarta","2024-10-14","Google","basic",2
"STU02845","Indah Yusuf","indah.yusuf@gmail.com",40,"Surabaya","2023-11-10","Referral","free",3
"STU00730","Aditya Kurniawan","aditya.kurniawan@outlook.com",38,"Jakarta","2024-06-20","Instagram","free",6
"STU01811","Intan Anggraini","intan.anggraini@yahoo.com",28,"Semarang","2023-11-22","TikTok","free",3
"STU01783","Sari Hidayat","sari.hidayat@hotmail.com",28,"Palembang","2023-09-25","YouTube","free",4
"STU02674","Dito Kusuma","dito.kusuma@hotmail.com",20,"Bogor","2022-09-14","Instagram","basic",1
"STU00242","Fitri Maulana","fitri.maulana@gmail.com",23,"Denpasar","2023-07-16","YouTube","free",6
"STU02500","Sari Pertiwi","sari.pertiwi@yahoo.com",45,"Jakarta","2022-09-01","Google","free",2
"STU02299","Umi Ramadhan","umi.ramadhan@outlook.com",39,"Jakarta","2022-02-03","Instagram","basic",7
"STU02459","Mega Hakim","mega.hakim@outlook.com",37,"Yogyakarta","2024-01-19","Google","free",3
"STU02049","Arif Cahyani","arif.cahyani@outlook5487@gmail.com",18,"Surabaya","2023-03-03","Instagram","free",9
"STU01302","Citra Setyowati","citra.setyowati143@hotmail.com",24,"Yogyakarta","2022-12-16","Instagram","free",3
"STU01733","Tia Susanto","tia.susanto@yahoo.com",40,"Makassar","2022-04-25","Instagram","basic",0
"STU02139","Permata Cahyani","permata.cahyani101@hotmail.com",28,"Yogyakarta","2023-09-21","Instagram","free",2
"STU01332","Umi Mahendra","umi.mahendra851@yahoo.com",42,"Medan","2023-01-25","YouTube","pro",6
"STU01778","Bayu Wibowo","bayu.wibowo207@yahoo.com",42,"Makassar","2024-05-30","Referral","basic",2
"STU02849","Aditya Pratama","aditya.pratama@gmail.com",39,"Bandung","2024-08-15","Google","free",0
"STU00547","Indah Maulana","indah.maulana465@gmail.com",40,"Palembang","2023-10-07","YouTube","free",3
"STU01093","Adi Setyowati","adi.setyowati@hotmail.com",23,"Surabaya","2024-04-07","Referral","free",0
"STU01354","Mega Maulana","mega.maulana838@gmail.com",31,"Jakarta","2023-07-19","Organic","free",1
"STU00943","Rizky Anggraini","rizky.anggraini@gmail.com",31,"Jakarta","2023-04-23","Google","basic",7
"STU00406","Luthfi Putra","luthfi.putra295@outlook.com",41,"Jakarta","2022-01-07","Referral","basic",6
"STU01086","Dimas Santoso","dimas.santoso@yahoo.com",25,"Surabaya","2024-07-30","YouTube","free",4
"STU00575","Putri Santoso","putri.santoso@outlook.com",33,"Surabaya","2023-08-06","YouTube","free",10
"STU02668","Fajar Pratama","fajar.pratama799@outlook.com",41,"Medan","2023-03-21","Instagram","free",0
"STU02754","Rizky Wulandari","rizky.wulandari@gmail.com",41,"Bekasi","2022-07-16","Instagram","basic",0
"STU01606","Siti Ramadhan","siti.ramadhan@hotmail.com",23,"Makassar","2024-01-14","Google","free",11
"STU00327","Rizky Cahyani","rizky.cahyani@yahoo.com",28,"Jakarta","2023-10-11","Instagram","basic",3
"STU00416","Ayu Kurniawan","ayu.kurniawan@gmail.com",22,"Yogyakarta","2024-04-20","Google","free",0
"STU01657","Dito Pertiwi","dito.pertiwi@gmail.com",18,"Jakarta","2024-03-15","Organic","basic",3
"STU01200","Fajar Wijaya","fajar.wijaya862@gmail.com",43,"Bogor","2025-01-29","Instagram","free",2
"STU00846","Iqbal Kurniawan","iqbal.kurniawan@gmail.com",32,"Yogyakarta","2024-06-15","Instagram","free",3
"STU00838","Siti Kusuma","siti.kusuma712@yahoo.com",25,"Medan","2023-04-08","Organic","free",3
"STU01827","Fajar Pratama","fajar.pratama260@hotmail.com",32,"Bekasi","2024-06-22","Instagram","basic",5
"STU01515","Permata Pramudita","permata.pramudita@yahoo.com",28,"Makassar","2024-02-12","TikTok","free",4
"STU02713","Yuni Wulandari","yuni.wulandari@gmail.com",35,"Makassar","2024-01-29","Google","free",2
"STU02085","Intan Damayanti","intan.damayanti@outlook.com",33,"Jakarta","2024-08-14","Referral","free",3
"STU01368","Siti Pertiwi","siti.pertiwi459@gmail.com",39,"Medan","2023-06-27","YouTube","free",6
"STU01067","Tia Damayanti","tia.damayanti@yahoo.com",33,"Bandung","2023-11-22","Instagram","free",2
"STU00427","Galih Pramudita","galih.pramudita880@yahoo.com",20,"Surabaya","2023-07-09","Instagram","pro",3
"STU02074","Rizky Nugroho","rizky.nugroho@yahoo.com",32,"Jakarta","2022-06-27","Instagram","free",3
"STU00474","Surya Kusuma","surya.kusuma@outlook.com",38,"Bandung","2022-03-03","Instagram","pro",0
"STU01655","Naufal Kusuma","naufal.kusuma454@yahoo.com",45,"Jakarta","2022-09-22","Instagram","free",1
"STU02880","Sinta Wibowo","sinta.wibowo@gmail.com",23,"Yogyakarta","2022-10-14","Instagram","free",1
"STU01232","Surya Pramudita","surya.pramudita421@gmail.com",24,"Jakarta","2024-08-14","Google","free",0
"STU02393","Arif Putra","arif.putra@yahoo.com",40,"Surabaya","2024-09-08","YouTube","free",1
"STU01381","Eko Rahmawati","eko.rahmawati641@yahoo.com",29,"Semarang","2022-04-17","Referral","free",4
"STU02942","Arif Hapsari","arif.hapsari530@yahoo.com",25,"Jakarta","2023-06-12","Instagram","free",3
"STU01666","Surya Damayanti","surya.damayanti595@outlook.com",45,"Jakarta","2023-04-06","Google","free",6
"STU02821","Dito Nugroho","dito.nugroho@gmail.com",27,"Medan","2023-12-05","Google","free",3
"STU01441","Diah Lestari","diah.lestari758@outlook.com",39,"Bandung","2024-11-19","Instagram","free",4
"STU00261","Gilang Maulana","gilang.maulana769@gmail.com",37,"Medan","2022-07-24","Google","basic",3
"STU00339","Sari Santoso","sari.santoso@hotmail.com",21,"Malang","2023-02-05","Instagram","basic",3
"STU00456","Putri Wulandari","putri.wulandari@hotmail.com",30,"Bandung","2024-08-24","TikTok","free",1
"STU02642","Siti Permadi","siti.permadi50@hotmail.com",28,"Yogyakarta","2024-05-10","TikTok","pro",2
"STU01594","Luthfi Kusuma","luthfi.kusuma802@yahoo.com",24,"Jakarta","2023-10-07","Instagram","free",11
"STU02503","Surya Setyowati","surya.setyowati573@outlook.com",40,"Semarang","2023-09-16","Instagram","basic",3
"STU01828","Gilang Anggraini","gilang.anggraini923@hotmail.com",43,"Jakarta","2024-07-23","Instagram","basic",2
"STU00099","Yoga Santoso","yoga.santoso@yahoo.com",37,"Jakarta","2022-06-12","Instagram","basic",11
"STU00872","Tia Putra","tia.putra642@hotmail.com",30,"Bandung","2024-06-10","Organic","free",0
"STU01218","Fitri Wijaya","fitri.wijaya444@hotmail.com",23,"Yogyakarta","2022-05-06","Google","basic",7
"STU01894","Eka Hidayat","eka.hidayat@hotmail.com",42,"Semarang","2024-01-29","YouTube","basic",4
"STU01697","Ferdi Anggara","ferdi.anggara@gmail4092@gmail.com",29,"Palembang","2023-02-02","TikTok","free",4
"STU00874","Mega Kusuma","mega.kusuma@outlook.com",42,"Bandung","2022-04-23","Instagram","basic",3
"STU00053","Siti Pertiwi","siti.pertiwi843@outlook.com",43,"Jakarta","2024-04-07","Google","free",5
"STU02857","Sinta Hapsari","sinta.hapsari@hotmail.com",35,"Yogyakarta","2022-03-12","Google","free",0
"STU01839","Reza Nugroho","reza.nugroho42@outlook.com",30,"Surabaya","2024-03-18","YouTube","free",6
"STU00929","Mega Anggraini","mega.anggraini@gmail.com",29,"Surabaya","2024-10-10","Instagram","pro",10
"STU02376","Nita Kusuma","nita.kusuma717@hotmail.com",30,"Semarang","2022-01-25","TikTok","free",2
"STU01193","Hana Hakim","hana.hakim@outlook.com",21,"Jakarta","2022-03-08","Instagram","pro",3
"STU02316","Arif Maulana","arif.maulana@hotmail.com",28,"Jakarta","2022-11-08","Instagram","free",10
"STU00438","Umi Pertiwi","umi.pertiwi@hotmail.com",44,"Jakarta","2022-04-22","Referral","free",2
"STU00698","Maya Hapsari","maya.hapsari473@gmail.com",43,"Surabaya","2023-11-10","Organic","free",2
"STU01734","Mawar Mahendra","mawar.mahendra789@hotmail.com",25,"Bandung","2022-08-02","Google","basic",3
"STU01437","Dito Pramudita","dito.pramudita@hotmail.com",41,"Semarang","2022-08-19","Instagram","free",4
"STU00052","Lestari Wibowo","lestari.wibowo@outlook.com",24,"Jakarta","2022-10-10","YouTube","free",6
"STU02305","Indah Setiawan","indah.setiawan@yahoo.com",18,"Surabaya","2024-02-26","Google","free",5
"STU02986","Luthfi Mahendra","luthfi.mahendra366@yahoo.com",25,"Yogyakarta","2023-08-18","Instagram","basic",0
"STU02975","Reno Anggara","reno.anggara888@outlook.com",32,"Jakarta","2024-08-03","YouTube","free",3
"STU01750","Arif Hidayat","arif.hidayat638@outlook.com",29,"Bandung","2022-11-12","Referral","free",7
"STU01404","Hendra Ramadhan","hendra.ramadhan865@outlook.com",30,"Jakarta","2022-11-30","Referral","free",8
"STU01307","Hadi Anggraini","hadi.anggraini765@yahoo.com",31,"Semarang","2022-02-06","TikTok","free",9
"STU00039","Ratna Ramadhan","ratna.ramadhan440@yahoo.com",19,"Bandung","2023-01-23","Referral","pro",1
"STU02707","Siti Permadi","siti.permadi646@yahoo.com",39,"Makassar","2022-10-15","YouTube","free",3
"STU02417","Olivia Iskandar","olivia.iskandar536@yahoo.com",36,"Surabaya","2024-09-19","Google","free",3
"STU02611","Fitri Permadi","fitri.permadi@yahoo.com",19,"Bandung","2022-03-04","Google","free",2
"STU00798","Fajar Anggara","fajar.anggara@outlook2169@gmail.com",45,"Jakarta","2023-12-13","Google","free",1
"STU02263","Hana Pertiwi","hana.pertiwi425@yahoo.com",27,"Denpasar","2022-12-13","Instagram","free",0
"STU01987","Dimas Permadi","dimas.permadi403@gmail.com",39,"Makassar","2022-10-02","Instagram","free",4
"STU01426","Gilang Hidayat","gilang.hidayat563@yahoo.com",40,"Bandung","2024-06-19","Google","free",4
"STU00560","Wahyu Pertiwi","wahyu.pertiwi692@outlook.com",31,"Denpasar","2024-03-12","Google","free",0
"STU02658","Naufal Nugroho","naufal.nugroho90@hotmail.com",32,"Yogyakarta","2025-01-14","Google","basic",3
"STU00020","Diah Mahendra","diah.mahendra@hotmail.com",23,"Bandung","2023-05-13","Referral","free",11
"STU02993","Rizky Hakim","rizky.hakim909@outlook.com",34,"Makassar","2023-03-17","Instagram","free",2
"STU01280","Sari Hidayat","sari.hidayat797@outlook.com",20,"Jakarta","2024-08-04","Google","pro",1
"STU00964","Hana Pratama","hana.pratama@yahoo.com",28,"Bandung","2023-09-29","YouTube","basic",3
"STU01816","Panji Santoso","panji.santoso469@outlook.com",23,"Jakarta","2023-06-27","Instagram","free",3
"STU00511","Reza Lestari","reza.lestari@hotmail.com",36,"Bandung","2023-10-12","Google","free",2
"STU01687","Indah Anggraini","indah.anggraini@hotmail.com",35,"Surabaya","2024-11-24","Referral","basic",3
"STU01028","Kirana Wulandari","kirana.wulandari673@hotmail.com",25,"Jakarta","2023-12-21","Instagram","basic",9
"STU01818","Intan Cahyani","intan.cahyani@hotmail.com",43,"Bandung","2025-01-11","YouTube","basic",3
"STU02270","Rahmat Anggraini","rahmat.anggraini905@yahoo.com",42,"Surabaya","2023-04-23","Google","free",0
"STU02423","Nita Wibowo","nita.wibowo@outlook.com",25,"Surabaya","2023-05-31","Referral","basic",1
"STU02071","Bagus Setiawan","bagus.setiawan@outlook.com",29,"Malang","2022-02-06","Organic","free",5
"STU02220","Mawar Iskandar","mawar.iskandar12@gmail.com",37,"Jakarta","2024-05-05","Instagram","free",5
"STU01325","Bagus Anggara","bagus.anggara222@outlook.com",35,"Jakarta","2023-04-13","Organic","basic",11
"STU00817","Olivia Maulana","olivia.maulana683@outlook.com",29,"Jakarta","2022-06-20","YouTube","basic",5
"STU02213","Nadia Lestari","nadia.lestari@yahoo.com",29,"Jakarta","2023-09-17","Referral","free",0
"STU01793","Aditya Putra","aditya.putra380@hotmail.com",41,"Tangerang","2022-01-17","TikTok","basic",0
"STU00211","Sari Wulandari","sari.wulandari956@gmail.com",32,"Semarang","2024-09-26","Instagram","basic",3
"STU02948","Vina Rahmawati","vina.rahmawati@hotmail4742@gmail.com",28,"Denpasar","2023-03-06","Instagram","free",0
"STU01779","Gita Hakim","gita.hakim@hotmail.com",30,"Jakarta","2022-03-16","YouTube","free",6
"STU01181","Ayu Pertiwi","ayu.pertiwi@outlook.com",35,"Jakarta","2025-01-28","Google","pro",4
"STU01099","Fajar Damayanti","fajar.damayanti@yahoo.com",45,"Yogyakarta","2022-03-16","Instagram","free",4
"STU00682","Mega Wibowo","mega.wibowo@hotmail.com",39,"Medan","2024-08-15","Instagram","pro",6
"STU01023","Gita Pertiwi","gita.pertiwi@yahoo.com",19,"Palembang","2023-12-05","Instagram","pro",3
"STU00957","Siti Damayanti","siti.damayanti325@hotmail.com",45,"Bandung","2022-11-02","Organic","free",1
"STU00643","Rahmat Saputra","rahmat.saputra@outlook181@gmail.com",33,"Surabaya","2022-11-23","Referral","free",3
"STU01015","Krisna Pramudita","krisna.pramudita289@hotmail.com",24,"Jakarta","2023-07-02","YouTube","basic",0
"STU02888","Zahra Pratama","zahra.pratama565@yahoo.com",18,"Bandung","2022-02-27","Google","free",9
"STU02473","Dewi Lestari","dewi.lestari@outlook.com",43,"Jakarta","2024-08-12","Google","free",7
"STU00848","Reno Ramadhan","reno.ramadhan@yahoo.com",20,"Jakarta","2023-12-27","Google","basic",11
"STU01457","Satria Susanto","satria.susanto@outlook.com",22,"Bekasi","2022-11-04","Referral","free",2
"STU00269","Nadia Ramadhan","nadia.ramadhan@yahoo.com",39,"Jakarta","2024-02-27","Instagram","free",3
"STU00613","Adi Pramudita","adi.pramudita@yahoo.com",45,"Palembang","2022-09-27","TikTok","free",2
"STU02784","Rahmat Wulandari","rahmat.wulandari558@outlook.com",18,"Yogyakarta","2022-06-29","Google","free",3
"STU02541","Wahyu Anggara","wahyu.anggara630@hotmail.com",38,"Medan","2024-12-10","Google","free",3
"STU01780","Sari Saputra","sari.saputra503@hotmail.com",25,"Bandung","2022-06-13","YouTube","basic",3
"STU01323","Eka Iskandar","eka.iskandar@gmail.com",31,"Jakarta","2022-02-17","TikTok","free",0
"STU01077","Intan Iskandar","intan.iskandar@outlook.com",19,"Semarang","2024-05-25","Instagram","free",0
"STU01388","Panji Putra","panji.putra@gmail.com",28,"Yogyakarta","2024-04-09","Organic","free",6
"STU02884","Tia Hidayat","tia.hidayat@yahoo.com",38,"Yogyakarta","2022-07-29","Instagram","basic",4
"STU01188","Naufal Lestari","naufal.lestari@hotmail.com",35,"Jakarta","2024-07-26","Google","free",3
"STU01462","Rahmat Wulandari","rahmat.wulandari335@outlook.com",30,"Surabaya","2023-09-21","YouTube","free",3
"STU00956","Winda Pramudita","winda.pramudita@yahoo.com",22,"Makassar","2024-02-29","Google","basic",1
"STU01084","Tia Santoso","tia.santoso990@hotmail.com",24,"Surabaya","2025-01-14","Instagram","basic",3
"STU02654","Krisna Putra","krisna.putra148@outlook.com",39,"Jakarta","2023-08-20","Google","free",5
"STU00145","Indah Pramudita","indah.pramudita@gmail.com",33,"Denpasar","2025-01-12","Referral","free",3
"STU02022","Rahmat Hakim","rahmat.hakim@gmail.com",28,"Surabaya","2024-08-10","Instagram","free",0
"STU01693","Dito Nugroho","dito.nugroho91@outlook.com",26,"Jakarta","2024-09-24","Referral","free",9
"STU01357","Satria Setiawan","satria.setiawan854@yahoo.com",38,"Surabaya","2022-07-08","Referral","free",2
"STU02980","Iqbal Cahyani","iqbal.cahyani@outlook.com",44,"Yogyakarta","2022-02-26","TikTok","free",6
"STU01626","Dimas Iskandar","dimas.iskandar2@yahoo.com",45,"Bandung","2024-08-07","Google","free",8
"STU00894","Krisna Putra","krisna.putra@gmail.com",36,"Jakarta","2022-01-30","Instagram","free",4
"STU00168","Satria Wijaya","satria.wijaya998@hotmail.com",23,"Surabaya","2022-04-18","Google","basic",2
"STU00353","Permata Wijaya","permata.wijaya958@yahoo.com",38,"Bandung","2022-02-17","Google","free",4
"STU02373","Ferdi Hakim","ferdi.hakim@outlook.com",38,"Bandung","2023-12-19","Instagram","free",0
"STU02477","Intan Yusuf","intan.yusuf@hotmail.com",23,"Jakarta","2024-04-09","Instagram","pro",4
"STU01484","Indah Setyowati","indah.setyowati@hotmail.com",26,"Jakarta","2024-06-14","Google","pro",2
"STU01211","Mawar Putra","mawar.putra@yahoo.com",36,"Jakarta","2023-01-13","Instagram","free",3
"STU01868","Panji Mahendra","panji.mahendra@hotmail.com",30,"Yogyakarta","2023-09-03","Instagram","basic",0
"STU02021","Eko Pramudita","eko.pramudita@yahoo.com",20,"Malang","2024-01-09","Organic","basic",0
"STU02560","Olivia Lestari","olivia.lestari587@outlook3005@gmail.com",37,"Bandung","2024-08-24","Google","basic",1
"STU01548","Kirana Pramudita","kirana.pramudita462@outlook.com",42,"Bandung","2023-10-16","Instagram","basic",5
"STU02313","Reno Saputra","reno.saputra51@hotmail.com",30,"Bandung","2022-10-28","Referral","free",0
"STU01184","Umi Saputra","umi.saputra95@outlook.com",23,"Medan","2024-03-05","TikTok","basic",1
"STU02254","Hadi Ramadhan","hadi.ramadhan@yahoo7518@gmail.com",33,"Bandung","2022-12-08","Referral","basic",3
"STU00769","Gita Permadi","gita.permadi790@hotmail.com",36,"Medan","2022-09-13","Google","basic",2
"STU00341","Galih Hapsari","galih.hapsari291@outlook.com",39,"Yogyakarta","2023-06-26","Instagram","pro",2
"STU00710","Adi Wibowo","adi.wibowo@outlook.com",38,"Jakarta","2023-04-12","Referral","pro",0
"STU02605","Galih Wibowo","galih.wibowo@gmail.com",40,"Jakarta","2023-05-02","Google","free",11
"STU00947","Ferdi Hidayat","ferdi.hidayat869@outlook3830@gmail.com",23,"Surabaya","2024-03-19","YouTube","basic",9
"STU00552","Rahmat Saputra","rahmat.saputra@yahoo.com",40,"Jakarta","2022-12-31","Organic","basic",4
"STU02545","Ferdi Cahyani","ferdi.cahyani414@gmail.com",19,"Jakarta","2023-01-14","Referral","basic",7
"STU02927","Citra Wibowo","citra.wibowo@gmail.com",35,"Yogyakarta","2022-07-24","Referral","free",3
"STU00382","Nita Hidayat","nita.hidayat49@gmail.com",22,"Semarang","2022-08-04","TikTok","free",1
"STU00274","Umi Wulandari","umi.wulandari@gmail.com",43,"Jakarta","2022-01-05","Instagram","basic",0
"STU00074","Maya Setiawan","maya.setiawan@hotmail.com",32,"Jakarta","2024-02-27","Instagram","pro",0
"STU00367","Adi Permadi","adi.permadi@outlook.com",29,"Semarang","2022-05-12","Google","free",1
"STU01629","Andi Wijaya","andi.wijaya@hotmail.com",36,"Jakarta","2023-10-05","YouTube","basic",4
"STU00240","Bayu Putra","bayu.putra@outlook.com",42,"Jakarta","2025-02-21","YouTube","basic",2
"STU00967","Fitri Santoso","fitri.santoso335@yahoo.com",45,"Malang","2023-10-03","YouTube","free",5
"STU00934","Yoga Permadi","yoga.permadi482@hotmail.com",30,"Denpasar","2022-03-15","Referral","basic",1
"STU01399","Galih Yusuf","galih.yusuf@gmail4001@gmail.com",43,"Malang","2024-05-22","YouTube","free",7
"STU00065","Rizky Wulandari","rizky.wulandari@outlook.com",24,"Semarang","2023-04-23","Instagram","basic",0
"STU02272","Nita Kurniawan","nita.kurniawan602@outlook.com",23,"Makassar","2022-03-03","Referral","free",4
"STU01735","Budi Hakim","budi.hakim@gmail.com",33,"Bandung","2024-12-23","Google","basic",7
"STU02107","Citra Santoso","citra.santoso170@gmail.com",18,"Yogyakarta","2024-08-25","YouTube","free",0
"STU02534","Mawar Setyowati","mawar.setyowati367@gmail.com",21,"Denpasar","2023-06-18","TikTok","pro",3
"STU00842","Umi Hapsari","umi.hapsari380@outlook.com",25,"Medan","2023-10-18","Instagram","basic",4
"STU00744","Luthfi Putra","luthfi.putra@hotmail.com",45,"Bandung","2023-07-16","Instagram","basic",6
"STU00735","Ayu Lestari","ayu.lestari625@yahoo.com",36,"Palembang","2022-11-13","YouTube","basic",0
"STU00779","Satria Maulana","satria.maulana@yahoo.com",29,"Jakarta","2022-08-13","Instagram","free",3
"STU01311","Rahmat Iskandar","rahmat.iskandar642@hotmail.com",31,"Jakarta","2025-02-23","Referral","basic",0
"STU01315","Rahmat Wijaya","rahmat.wijaya661@outlook.com",37,"Jakarta","2022-09-12","Organic","free",6
"STU00519","Dito Cahyani","dito.cahyani781@gmail.com",20,"Surabaya","2023-04-05","Google","basic",9
"STU01845","Ayu Iskandar","ayu.iskandar@outlook.com",40,"Jakarta","2023-12-28","Instagram","free",0
"STU01221","Surya Anggara","surya.anggara660@yahoo.com",32,"Bandung","2023-02-16","Referral","free",1
"STU02286","Iqbal Nugroho","iqbal.nugroho@outlook.com",36,"Surabaya","2023-01-12","Instagram","free",6
"STU02819","Olivia Hapsari","olivia.hapsari@gmail.com",25,"Makassar","2025-02-25","Instagram","free",5
"STU00112","Siti Pertiwi","siti.pertiwi875@gmail.com",42,"Denpasar","2023-09-07","Instagram","free",2
"STU01545","Umi Pramudita","umi.pramudita@hotmail.com",31,"Bandung","2024-10-15","Instagram","basic",0
"STU00213","Budi Ramadhan","budi.ramadhan@yahoo.com",30,"Surabaya","2023-12-28","YouTube","basic",8
"STU01222","Vina Kusuma","vina.kusuma@outlook.com",23,"Bogor","2024-09-10","Organic","free",6
"STU02241","Fajar Kurniawan","fajar.kurniawan800@outlook.com",43,"Jakarta","2023-02-07","Instagram","free",3
"STU01699","Rahmat Kurniawan","rahmat.kurniawan3@gmail.com",29,"Medan","2023-04-18","YouTube","free",7
"STU00011","Maya Hidayat","maya.hidayat@outlook.com",44,"Bandung","2022-04-22","Instagram","free",5
"STU02339","Yuni Setyowati","yuni.setyowati@outlook.com",40,"Yogyakarta","2024-03-14","Instagram","free",6
"STU02055","Mega Hakim","mega.hakim@gmail.com",45,"Jakarta","2025-01-26","Instagram","free",3
"STU01615","Iqbal Wijaya","iqbal.wijaya@outlook.com",41,"Bandung","2024-01-21","Instagram","pro",0
"STU00761","Eko Iskandar","eko.iskandar639@hotmail.com",18,"Jakarta","2022-01-18","YouTube","pro",2
"STU02709","Intan Wulandari","intan.wulandari398@outlook.com",42,"Surabaya","2025-01-17","Google","free",9
"STU00283","Gita Nugroho","gita.nugroho@hotmail.com",25,"Bandung","2023-03-08","Organic","free",5
"STU02859","Gita Pertiwi","gita.pertiwi244@gmail.com",26,"Jakarta","2022-01-18","TikTok","free",4
"STU01985","Gita Lestari","gita.lestari667@outlook.com",45,"Palembang","2024-03-01","Google","free",9
"STU01651","Budi Pramudita","budi.pramudita139@yahoo.com",32,"Jakarta","2023-10-05","Instagram","pro",3
"STU00042","Tia Pramudita","tia.pramudita@outlook.com",33,"Jakarta","2024-11-28","Google","free",3
"STU02027","Yuni Saputra","yuni.saputra@hotmail.com",22,"Jakarta","2023-01-16","Google","basic",1
"STU00845","Luthfi Setyowati","luthfi.setyowati@outlook.com",40,"Makassar","2025-02-08","Google","free",2
"STU00549","Bagus Rahmawati","bagus.rahmawati141@hotmail.com",45,"Medan","2023-03-27","Google","free",3
"STU02992","Rizky Yusuf","rizky.yusuf@hotmail.com",44,"Medan","2023-10-06","Google","basic",1
"STU01439","Bayu Hapsari","bayu.hapsari747@gmail.com",35,"Semarang","2023-01-21","Google","pro",6
"STU01988","Putra Kusuma","putra.kusuma29@yahoo.com",35,"Jakarta","2024-05-13","Instagram","basic",0
"STU00537","Yoga Kusuma","yoga.kusuma578@hotmail.com",27,"Denpasar","2023-10-24","Referral","free",3
"STU01646","Dito Yusuf","dito.yusuf240@gmail.com",20,"Bandung","2022-07-25","Instagram","basic",5
"STU01219","Gilang Anggara","gilang.anggara@yahoo.com",31,"Jakarta","2022-08-15","Google","free",4
"STU02103","Sinta Hidayat","sinta.hidayat@hotmail.com",42,"Semarang","2025-02-10","YouTube","basic",3
"STU02809","Kirana Cahyani","kirana.cahyani@outlook.com",38,"Yogyakarta","2025-01-25","Google","free",4
"STU02479","Panji Nugroho","panji.nugroho@hotmail.com",30,"Jakarta","2022-06-12","YouTube","free",4
"STU01689","Rizky Hakim","rizky.hakim@yahoo.com",34,"Jakarta","2024-09-09","Instagram","basic",1
"STU02374","Yoga Pramudita","yoga.pramudita@outlook.com",42,"Jakarta","2023-11-08","Google","basic",6
"STU01333","Mawar Susanto","mawar.susanto197@outlook6631@gmail.com",35,"Surabaya","2022-11-02","TikTok","basic",3
"STU00558","Galih Anggraini","galih.anggraini132@hotmail.com",44,"Bandung","2024-09-28","Google","pro",3
"STU02044","Rahmat Wibowo","rahmat.wibowo414@yahoo.com",30,"Bandung","2022-09-19","YouTube","basic",0
"STU01724","Galih Santoso","galih.santoso@hotmail.com",45,"Medan","2023-07-09","TikTok","free",6
"STU00871","Tia Hakim","tia.hakim@outlook.com",28,"Medan","2022-10-05","TikTok","pro",2
"STU01787","Siti Anggraini","siti.anggraini144@hotmail.com",35,"Jakarta","2024-08-08","Instagram","free",4
"STU00097","Winda Lestari","winda.lestari@outlook.com",18,"Bandung","2024-07-08","Instagram","free",3
"STU02733","Citra Hakim","citra.hakim698@outlook.com",35,"Tangerang","2023-07-03","Instagram","free",6
"STU02014","Nadia Cahyani","nadia.cahyani262@hotmail.com",24,"Jakarta","2023-01-11","Referral","free",5
"STU00940","Budi Cahyani","budi.cahyani827@outlook.com",45,"Surabaya","2022-05-25","Instagram","free",3
"STU01854","Lestari Yusuf","lestari.yusuf@yahoo.com",30,"Medan","2024-05-24","TikTok","free",0
"STU00137","Budi Anggara","budi.anggara@hotmail.com",41,"Jakarta","2022-10-12","Instagram","free",6
"STU01939","Dito Setyowati","dito.setyowati730@outlook.com",21,"Jakarta","2024-04-11","Google","free",1
"STU00864","Naufal Setyowati","naufal.setyowati@gmail.com",35,"Bandung","2022-09-04","Google","free",2
"STU02425","Satria Putra","satria.putra@outlook.com",33,"Yogyakarta","2023-09-07","Google","free",6
"STU02182","Adi Wijaya","adi.wijaya556@gmail.com",36,"Jakarta","2023-04-07","Instagram","free",3
"STU01916","Vina Damayanti","vina.damayanti@gmail.com",35,"Medan","2023-12-13","Organic","free",11
"STU02380","Siti Saputra","siti.saputra204@gmail.com",20,"Bandung","2024-06-22","Instagram","free",2
"STU00553","Rahmat Anggraini","rahmat.anggraini390@yahoo.com",38,"Surabaya","2023-12-16","Google","basic",2
"STU02089","Bayu Saputra","bayu.saputra653@hotmail.com",44,"Denpasar","2023-06-02","TikTok","free",5
"STU02964","Sinta Setiawan","sinta.setiawan@outlook.com",34,"Jakarta","2022-05-27","TikTok","basic",5
"STU02427","Sinta Maulana","sinta.maulana@gmail.com",45,"Surabaya","2024-11-17","YouTube","free",1
"STU01137","Surya Wibowo","surya.wibowo@outlook.com",21,"Surabaya","2022-10-31","Google","free",11
"STU00791","Gilang Pramudita","gilang.pramudita@yahoo334@gmail.com",22,"Denpasar","2022-03-11","Instagram","free",0
"STU02077","Putra Cahyani","putra.cahyani835@outlook5212@gmail.com",30,"Jakarta","2022-04-05","Google","free",2
"STU00123","Budi Hidayat","budi.hidayat@hotmail.com",30,"Jakarta","2022-06-14","Google","basic",3
"STU02693","Fitri Kurniawan","fitri.kurniawan@outlook.com",36,"Palembang","2024-05-22","Referral","pro",3
"STU02512","Vina Kurniawan","vina.kurniawan@gmail9779@gmail.com",26,"Denpasar","2025-02-25","Google","pro",1
"STU02391","Umi Cahyani","umi.cahyani272@yahoo.com",45,"Semarang","2022-01-13","YouTube","basic",5
"STU00861","Mega Pratama","mega.pratama@outlook.com",45,"Denpasar","2022-05-23","Referral","free",11
"STU00529","Lestari Pertiwi","lestari.pertiwi@hotmail.com",41,"Medan","2022-07-26","Google","basic",1
"STU01279","Budi Santoso","budi.santoso@yahoo.com",29,"Bandung","2024-12-18","Instagram","basic",1
"STU02448","Arif Kurniawan","arif.kurniawan@gmail.com",36,"Bandung","2024-06-06","Google","free",3
"STU01897","Galih Iskandar","galih.iskandar@yahoo.com",35,"Bandung","2023-09-05","Google","free",0
"STU00664","Siti Anggara","siti.anggara652@gmail.com",37,"Bandung","2022-08-17","Google","pro",2
"STU00747","Dewi Hidayat","dewi.hidayat351@outlook.com",35,"Jakarta","2024-01-27","Google","free",0
"STU00953","Sinta Setyowati","sinta.setyowati367@hotmail.com",29,"Bekasi","2024-10-20","YouTube","pro",1
"STU02588","Kirana Hapsari","kirana.hapsari47@outlook.com",20,"Jakarta","2022-05-08","Instagram","pro",0
"STU01700","Gita Anggara","gita.anggara925@gmail.com",37,"Jakarta","2025-01-05","Google","free",11
"STU00243","Yoga Wijaya","yoga.wijaya@gmail.com",43,"Jakarta","2023-01-25","Instagram","free",5
"STU00041","Sari Cahyani","sari.cahyani482@gmail.com",23,"Malang","2024-11-07","TikTok","basic",3
"STU00658","Tia Kusuma","tia.kusuma@outlook.com",21,"Denpasar","2023-01-02","YouTube","pro",2
"STU02869","Galih Nugroho","galih.nugroho716@gmail.com",42,"Palembang","2022-04-14","Google","free",1
"STU01212","Dito Santoso","dito.santoso42@yahoo.com",25,"Jakarta","2022-04-06","Organic","basic",2
"STU00787","Fajar Maulana","fajar.maulana965@yahoo.com",25,"Yogyakarta","2022-06-18","Instagram","basic",11
"STU02346","Bayu Permadi","bayu.permadi623@outlook.com",20,"Jakarta","2024-02-22","Organic","free",5
"STU01042","Satria Maulana","satria.maulana@hotmail8876@gmail.com",38,"Bandung","2022-04-10","Google","basic",3
"STU01990","Eko Hapsari","eko.hapsari71@hotmail.com",20,"Jakarta","2022-03-13","Google","basic",2
"STU02057","Permata Santoso","permata.santoso122@gmail.com",41,"Bandung","2023-05-16","Referral","free",1
"STU00612","Hana Setiawan","hana.setiawan@gmail.com",19,"Jakarta","2024-01-27","Instagram","free",5
"STU00102","Hendra Susanto","hendra.susanto@gmail.com",34,"Medan","2024-04-29","Instagram","basic",3
"STU02184","Reza Santoso","reza.santoso42@yahoo.com",43,"Malang","2024-02-06","YouTube","free",2
"STU02404","Dimas Pratama","dimas.pratama853@hotmail.com",43,"Denpasar","2023-08-06","Instagram","free",3
"STU00711","Panji Putra","panji.putra@yahoo.com",36,"Jakarta","2022-01-25","Instagram","free",1
"STU02060","Bagus Kurniawan","bagus.kurniawan@gmail.com",20,"Jakarta","2024-01-14","TikTok","basic",1
"STU02770","Rizky Hakim","rizky.hakim@gmail.com",41,"Surabaya","2022-01-08","Instagram","basic",3
"STU01722","Zahra Anggraini","zahra.anggraini@outlook.com",33,"Bandung","2023-11-09","Instagram","free",2
"STU01643","Diah Anggara","diah.anggara@outlook.com",20,"Yogyakarta","2024-01-16","Instagram","free",3
"STU01907","Hadi Putra","hadi.putra@outlook.com",21,"Jakarta","2024-04-21","YouTube","basic",1
"STU02312","Krisna Yusuf","krisna.yusuf130@hotmail.com",18,"Malang","2022-03-02","Referral","pro",4
"STU02259","Budi Setyowati","budi.setyowati@gmail.com",35,"Surabaya","2022-10-05","YouTube","free",9
"STU00755","Naufal Maulana","naufal.maulana525@outlook.com",18,"Jakarta","2024-06-14","TikTok","basic",1
"STU00818","Dimas Anggraini","dimas.anggraini@yahoo.com",36,"Jakarta","2024-10-10","Google","free",4
"STU02838","Putri Mahendra","putri.mahendra34@outlook9769@gmail.com",35,"Semarang","2022-10-20","Referral","free",6
"STU02961","Dewi Nugroho","dewi.nugroho@outlook.com",23,"Denpasar","2025-02-22","Google","free",9
"STU01876","Kirana Putra","kirana.putra@gmail.com",27,"Bandung","2024-09-21","Instagram","free",3
"STU00391","Ferdi Saputra","ferdi.saputra507@gmail.com",24,"Semarang","2022-01-27","Instagram","basic",3
"STU02080","Hana Damayanti","hana.damayanti241@outlook.com",35,"Yogyakarta","2024-05-13","Instagram","pro",1
"STU01322","Reno Putra","reno.putra860@yahoo.com",27,"Bandung","2022-10-17","Google","free",6
"STU02243","Tia Hakim","tia.hakim231@hotmail.com",44,"Jakarta","2022-10-08","Instagram","free",9
"STU00447","Reza Nugroho","reza.nugroho@yahoo.com",23,"Makassar","2024-11-13","YouTube","free",2
"STU02644","Iqbal Mahendra","iqbal.mahendra229@hotmail.com",39,"Jakarta","2025-02-21","Referral","basic",1
"STU01506","Surya Anggara","surya.anggara@outlook.com",32,"Malang","2022-01-24","YouTube","free",1
"STU02226","Vina Anggara","vina.anggara973@yahoo.com",30,"Bandung","2022-01-12","Instagram","free",4
"STU01561","Satria Setiawan","satria.setiawan542@outlook.com",25,"Jakarta","2024-09-07","YouTube","free",3
"STU01179","Siti Hidayat","siti.hidayat768@outlook.com",23,"Jakarta","2023-08-22","Instagram","free",5
"STU00704","Galih Mahendra","galih.mahendra@yahoo.com",25,"Surabaya","2024-09-15","Google","free",3
"STU02875","Vina Hidayat","vina.hidayat@gmail3971@gmail.com",32,"Jakarta","2024-07-02","TikTok","free",7
"STU02210","Fitri Kurniawan","fitri.kurniawan533@outlook.com",38,"Surabaya","2024-10-28","Organic","pro",0
"STU01933","Siti Kusuma","siti.kusuma@yahoo.com",27,"Surabaya","2023-11-14","Google","basic",6
"STU00268","Nadia Pratama","nadia.pratama@gmail.com",25,"Jakarta","2024-05-24","YouTube","pro",0
"STU01549","Arif Hapsari","arif.hapsari@gmail.com",31,"Jakarta","2022-09-25","Referral","basic",3
"STU01507","Andi Hapsari","andi.hapsari554@gmail.com",31,"Makassar","2024-08-29","Google","free",4
"STU02855","Olivia Wibowo","olivia.wibowo610@gmail.com",29,"Tangerang","2023-02-07","TikTok","basic",2
"STU00271","Putri Yusuf","putri.yusuf370@gmail.com",19,"Jakarta","2022-11-06","Google","free",3
"STU00082","Ferdi Anggara","ferdi.anggara841@outlook.com",44,"Malang","2022-11-27","Instagram","pro",2
"STU00004","Panji Lestari","panji.lestari994@outlook.com",39,"Jakarta","2025-02-21","YouTube","pro",0
"STU01100","Diah Wijaya","diah.wijaya@yahoo1613@gmail.com",37,"Yogyakarta","2025-02-06","Instagram","free",6
"STU00632","Putra Nugroho","putra.nugroho@outlook.com",29,"Denpasar","2025-02-28","Instagram","basic",0
"STU02844","Fajar Kurniawan","fajar.kurniawan371@outlook.com",32,"Surabaya","2024-02-15","Google","free",6
"STU01499","Umi Pratama","umi.pratama843@outlook.com",23,"Jakarta","2024-06-01","YouTube","free",4
"STU00136","Permata Permadi","permata.permadi59@outlook.com",45,"Surabaya","2023-11-08","YouTube","free",2
"STU01254","Fajar Hakim","fajar.hakim@outlook.com",34,"Surabaya","2025-01-05","TikTok","free",5
"STU02438","Hendra Kusuma","hendra.kusuma@gmail.com",18,"Bandung","2022-04-18","Referral","pro",6
"STU01197","Putra Wibowo","putra.wibowo292@outlook3127@gmail.com",40,"Jakarta","2022-07-10","TikTok","pro",0
"STU00695","Kirana Maulana","kirana.maulana@yahoo.com",32,"Jakarta","2024-01-26","TikTok","free",0
"STU02851","Sari Damayanti","sari.damayanti115@hotmail.com",22,"Surabaya","2022-06-20","Google","free",4
"STU02149","Mawar Lestari","mawar.lestari59@outlook.com",42,"Surabaya","2024-01-29","Instagram","free",1
"STU02227","Rahmat Pratama","rahmat.pratama@yahoo.com",32,"Surabaya","2024-09-22","YouTube","free",1
"STU00164","Ayu Nugroho","ayu.nugroho811@gmail.com",45,"Surabaya","2023-09-15","Google","pro",0
"STU02714","Lestari Iskandar","lestari.iskandar193@yahoo4385@gmail.com",37,"Surabaya","2024-01-27","Google","free",8
"STU02098","Putri Hapsari","putri.hapsari@gmail6677@gmail.com",19,"Medan","2023-09-29","TikTok","free",11
"STU01815","Yuni Setiawan","yuni.setiawan418@yahoo.com",39,"Yogyakarta","2022-10-05","Google","free",6
"STU00960","Putra Permadi","putra.permadi850@outlook.com",25,"Surabaya","2023-01-25","Instagram","basic",2
"STU01737","Putri Wulandari","putri.wulandari@outlook.com",28,"Jakarta","2022-11-17","Referral","free",3
"STU02801","Panji Putra","panji.putra@gmail6398@gmail.com",23,"Bandung","2022-03-27","Referral","free",0
"STU02109","Nadia Pertiwi","nadia.pertiwi@gmail.com",40,"Denpasar","2023-04-10","Google","free",3
"STU02984","Rizky Susanto","rizky.susanto@yahoo.com",38,"Surabaya","2023-03-02","Referral","free",5
"STU02523","Hendra Wibowo","hendra.wibowo169@yahoo.com",25,"Surabaya","2023-12-19","Instagram","free",6
"STU00799","Gita Mahendra","gita.mahendra@gmail.com",45,"Malang","2024-10-30","Instagram","free",1
"STU01609","Eko Pratama","eko.pratama81@gmail.com",42,"Jakarta","2024-01-25","Google","basic",3
"STU01032","Budi Pratama","budi.pratama124@yahoo.com",23,"Malang","2022-05-27","Instagram","free",10
"STU02870","Zahra Pratama","zahra.pratama@hotmail.com",25,"Jakarta","2023-07-05","Google","basic",0
"STU00509","Putri Anggara","putri.anggara785@outlook.com",26,"Jakarta","2024-10-10","Instagram","free",0
"STU02998","Nita Iskandar","nita.iskandar540@gmail.com",26,"Jakarta","2022-12-03","YouTube","free",3
"STU00733","Olivia Lestari","olivia.lestari@yahoo.com",24,"Surabaya","2022-08-11","Google","free",3
"STU00587","Andi Pramudita","andi.pramudita@yahoo.com",38,"Jakarta","2024-12-10","YouTube","free",0
"STU02624","Hana Susanto","hana.susanto621@outlook623@gmail.com",18,"Bandung","2023-07-13","YouTube","free",2
"STU01533","Panji Permadi","panji.permadi@yahoo.com",21,"Medan","2023-07-11","Instagram","free",1
"STU01495","Nita Hakim","nita.hakim@gmail.com",31,"Jakarta","2024-02-22","YouTube","free",1
"STU02228","Aditya Permadi","aditya.permadi114@hotmail.com",44,"Jakarta","2022-04-23","YouTube","pro",5
"STU02337","Eka Putra","eka.putra@gmail.com",37,"Medan","2022-05-31","Instagram","free",3
"STU00051","Dimas Hidayat","dimas.hidayat40@yahoo.com",28,"Bandung","2023-02-07","TikTok","basic",1
"STU01301","Panji Maulana","panji.maulana300@yahoo3890@gmail.com",30,"Yogyakarta","2024-12-21","Instagram","basic",6
"STU00018","Intan Susanto","intan.susanto@gmail.com",21,"Denpasar","2022-01-26","Google","pro",1
"STU00680","Wahyu Anggraini","wahyu.anggraini400@outlook.com",30,"Semarang","2022-03-08","Google","free",0
"STU01912","Kirana Yusuf","kirana.yusuf@gmail.com",44,"Surabaya","2025-01-19","Referral","basic",0
"STU00294","Citra Rahmawati","citra.rahmawati@hotmail.com",23,"Bandung","2022-04-22","YouTube","basic",9
"STU02901","Adi Anggara","adi.anggara@outlook.com",44,"Jakarta","2023-12-23","Instagram","free",4
"STU01849","Nadia Nugroho","nadia.nugroho181@hotmail.com",39,"Bandung","2023-10-19","Google","free",3
"STU02003","Yoga Putra","yoga.putra@gmail.com",34,"Surabaya","2024-10-07","Google","free",4
"STU00875","Arif Saputra","arif.saputra602@yahoo.com",38,"Surabaya","2023-10-05","Instagram","free",4
"STU01237","Andi Kusuma","andi.kusuma@yahoo.com",39,"Bandung","2022-01-14","Organic","free",2
"STU01153","Dewi Permadi","dewi.permadi@hotmail5977@gmail.com",34,"Surabaya","2023-09-20","Google","pro",1
"STU02879","Hana Putra","hana.putra@yahoo.com",35,"Bandung","2024-12-10","YouTube","basic",3
"STU02120","Rizky Susanto","rizky.susanto119@hotmail.com",27,"Jakarta","2022-10-25","TikTok","pro",1
"STU02751","Ferdi Setiawan","ferdi.setiawan91@gmail.com",42,"Yogyakarta","2023-06-14","Google","free",4
"STU00880","Sari Iskandar","sari.iskandar@gmail.com",19,"Malang","2024-02-21","Instagram","free",5
"STU00870","Panji Maulana","panji.maulana671@outlook.com",34,"Makassar","2025-02-27","Google","free",6
"STU02161","Vina Hakim","vina.hakim@yahoo.com",19,"Medan","2024-02-07","YouTube","basic",4
"STU01752","Galih Nugroho","galih.nugroho@outlook.com",44,"Surabaya","2023-03-13","Google","free",1
"STU01065","Lestari Permadi","lestari.permadi666@outlook.com",27,"Jakarta","2025-01-01","YouTube","free",6
"STU01443","Budi Kurniawan","budi.kurniawan@yahoo.com",30,"Jakarta","2022-06-17","Instagram","free",11
"STU01104","Yoga Hakim","yoga.hakim@hotmail.com",23,"Surabaya","2023-04-29","Instagram","pro",2
"STU02650","Intan Pratama","intan.pratama@outlook.com",20,"Bandung","2024-07-19","Google","free",3
"STU02872","Iqbal Pratama","iqbal.pratama@gmail.com",42,"Semarang","2022-08-14","Instagram","free",5
"STU02898","Dimas Kurniawan","dimas.kurniawan@hotmail5931@gmail.com",34,"Denpasar","2022-07-14","Referral","free",11
"STU02732","Yoga Setiawan","yoga.setiawan676@yahoo.com",21,"Medan","2024-08-16","Instagram","free",2
"STU02700","Yoga Mahendra","yoga.mahendra@outlook.com",18,"Makassar","2023-01-17","Instagram","free",3
"STU02050","Budi Wijaya","budi.wijaya562@hotmail.com",25,"Jakarta","2023-08-21","Google","free",0
"STU01746","Putra Damayanti","putra.damayanti@yahoo.com",20,"Jakarta","2023-09-26","Google","free",3
"STU01348","Arif Ramadhan","arif.ramadhan558@gmail7706@gmail.com",18,"Jakarta","2023-02-24","Instagram","free",3
"STU00029","Putra Cahyani","putra.cahyani@outlook.com",43,"Makassar","2024-02-09","Instagram","free",1
"STU02311","Yuni Yusuf","yuni.yusuf@gmail.com",28,"Jakarta","2023-02-14","Referral","free",1
"STU01419","Gilang Nugroho","gilang.nugroho65@yahoo.com",24,"Yogyakarta","2022-10-21","Instagram","free",2
"STU01338","Vina Setyowati","vina.setyowati@gmail.com",20,"Jakarta","2024-02-08","Google","free",9
"STU00653","Reza Permadi","reza.permadi@gmail.com",32,"Surabaya","2022-06-19","Instagram","free",2
"STU01679","Reno Anggraini","reno.anggraini379@outlook.com",34,"Palembang","2023-01-18","YouTube","free",3
"STU00182","Hadi Pramudita","hadi.pramudita@hotmail.com",22,"Surabaya","2024-10-01","Organic","free",9
"STU00394","Satria Nugroho","satria.nugroho373@hotmail.com",32,"Semarang","2024-11-17","Instagram","pro",6
"STU01355","Dewi Santoso","dewi.santoso@outlook.com",44,"Jakarta","2022-07-28","Google","free",4
"STU00369","Nita Setyowati","nita.setyowati@outlook.com",30,"Jakarta","2022-03-03","YouTube","basic",6
"STU00075","Ferdi Iskandar","ferdi.iskandar716@gmail.com",25,"Surabaya","2022-11-20","Organic","pro",0
"STU01522","Kirana Permadi","kirana.permadi@yahoo.com",37,"Makassar","2022-03-26","Google","free",5
"STU00139","Gita Yusuf","gita.yusuf@hotmail.com",34,"Jakarta","2024-04-26","Instagram","free",6
"STU02976","Indah Lestari","indah.lestari@yahoo.com",30,"Medan","2023-05-17","Referral","free",0
"STU01667","Budi Permadi","budi.permadi@yahoo5575@gmail.com",28,"Surabaya","2022-01-17","Instagram","free",2
"STU00167","Sinta Damayanti","sinta.damayanti@yahoo.com",30,"Jakarta","2024-05-24","Instagram","free",4
"STU02457","Nita Setyowati","nita.setyowati@hotmail.com",24,"Jakarta","2023-10-02","Referral","free",1
"STU02702","Zahra Ramadhan","zahra.ramadhan@hotmail.com",45,"Jakarta","2022-10-08","Instagram","pro",6
"STU00390","Tia Wibowo","tia.wibowo@outlook.com",35,"Jakarta","2023-05-12","Referral","free",1
"STU01692","Reza Hakim","reza.hakim302@yahoo.com",38,"Bandung","2023-04-14","Instagram","free",0
"STU00021","Luthfi Wijaya","luthfi.wijaya320@hotmail.com",34,"Jakarta","2024-01-03","Instagram","free",4
"STU00889","Mega Hakim","mega.hakim877@outlook.com",21,"Denpasar","2022-09-02","Instagram","free",2
"STU02592","Winda Mahendra","winda.mahendra@hotmail.com",35,"Bandung","2022-03-09","Google","free",3
"STU00813","Yuni Kurniawan","yuni.kurniawan@gmail.com",30,"Semarang","2023-06-08","Instagram","free",5
"STU01422","Diah Pratama","diah.pratama@gmail7571@gmail.com",23,"Denpasar","2023-01-06","Instagram","free",4
"STU01167","Permata Lestari","permata.lestari@outlook.com",34,"Bandung","2024-03-11","Google","basic",3
"STU02064","Ferdi Pertiwi","ferdi.pertiwi@gmail.com",40,"Yogyakarta","2024-11-04","Google","basic",0
"STU02562","Eka Ramadhan","eka.ramadhan@gmail.com",26,"Bandung","2024-09-26","Google","free",4
"STU01956","Maya Putra","maya.putra@yahoo.com",36,"Denpasar","2023-06-11","Google","free",5
"STU02361","Budi Nugroho","budi.nugroho@outlook369@gmail.com",22,"Malang","2024-02-05","YouTube","free",9
"STU00076","Yuni Rahmawati","yuni.rahmawati@gmail.com",40,"Malang","2023-03-21","YouTube","free",3
"STU01736","Zahra Setiawan","zahra.setiawan124@gmail.com",29,"Jakarta","2025-01-29","YouTube","free",10
"STU00493","Yoga Cahyani","yoga.cahyani@gmail.com",29,"Surabaya","2022-10-18","YouTube","free",0
"STU00647","Vina Lestari","vina.lestari@hotmail.com",37,"Yogyakarta","2024-03-17","Instagram","pro",3
"STU01178","Budi Lestari","budi.lestari@outlook.com",38,"Semarang","2023-05-18","Instagram","free",11
"STU02440","Yoga Lestari","yoga.lestari74@hotmail.com",30,"Makassar","2023-12-24","Google","free",4
"STU01038","Eko Wijaya","eko.wijaya@gmail.com",33,"Jakarta","2023-06-01","Referral","free",1
"STU00580","Bayu Permadi","bayu.permadi@hotmail.com",34,"Surabaya","2023-04-22","Referral","basic",0
"STU02581","Iqbal Nugroho","iqbal.nugroho405@outlook8384@gmail.com",45,"Makassar","2022-06-13","Organic","free",0
"STU02949","Nita Hidayat","nita.hidayat@gmail4337@gmail.com",32,"Semarang","2022-09-13","Instagram","free",0
"STU02134","Fajar Cahyani","fajar.cahyani158@outlook.com",43,"Bandung","2023-08-23","TikTok","free",2
"STU01914","Budi Hakim","budi.hakim@yahoo.com",45,"Bandung","2022-03-26","Google","pro",4
"STU01875","Reza Pratama","reza.pratama66@gmail.com",27,"Jakarta","2022-12-01","Google","basic",9
"STU01906","Kirana Ramadhan","kirana.ramadhan@outlook.com",30,"Semarang","2023-07-19","YouTube","basic",11
"STU01541","Sari Mahendra","sari.mahendra421@yahoo.com",21,"Bandung","2024-11-20","Google","free",0
"STU01982","Nadia Wulandari","nadia.wulandari@yahoo.com",40,"Jakarta","2023-12-16","Referral","free",1
"STU00186","Surya Ramadhan","surya.ramadhan747@hotmail.com",20,"Bekasi","2025-01-31","Instagram","free",3
"STU01930","Hana Wibowo","hana.wibowo@hotmail.com",27,"Jakarta","2025-01-13","Google","basic",3
"STU01847","Reza Nugroho","reza.nugroho@hotmail.com",41,"Medan","2023-06-06","TikTok","basic",3
"STU00435","Diah Mahendra","diah.mahendra@gmail6996@gmail.com",20,"Palembang","2022-10-15","Instagram","pro",11
"STU02938","Krisna Setiawan","krisna.setiawan393@gmail9417@gmail.com",26,"Jakarta","2022-07-10","Referral","basic",3
"STU01712","Bayu Damayanti","bayu.damayanti138@hotmail.com",44,"Surabaya","2022-08-29","Organic","free",0
"STU02505","Wahyu Ramadhan","wahyu.ramadhan@outlook.com",35,"Jakarta","2023-05-22","Google","free",11
"STU02330","Luthfi Wibowo","luthfi.wibowo@outlook.com",26,"Palembang","2024-07-07","YouTube","free",3
"STU01035","Nita Iskandar","nita.iskandar@gmail.com",39,"Bandung","2024-10-03","Instagram","basic",6
"STU02561","Galih Permadi","galih.permadi@gmail.com",28,"Denpasar","2022-12-30","Instagram","free",3
"STU00862","Arif Rahmawati","arif.rahmawati@yahoo.com",35,"Medan","2023-03-24","YouTube","basic",0
"STU01428","Satria Iskandar","satria.iskandar@yahoo.com",44,"Semarang","2022-03-01","Referral","free",6
"STU00127","Reza Setyowati","reza.setyowati@gmail.com",20,"Semarang","2024-05-05","Instagram","free",1
"STU00017","Eka Anggara","eka.anggara@gmail.com",28,"Yogyakarta","2022-02-23","Google","basic",3
"STU00295","Olivia Mahendra","olivia.mahendra112@gmail.com",20,"Jakarta","2024-01-13","YouTube","free",11
"STU02749","Intan Damayanti","intan.damayanti295@outlook.com",18,"Jakarta","2022-02-05","Referral","basic",2
"STU02892","Hendra Saputra","hendra.saputra271@gmail.com",30,"Malang","2022-10-25","Google","free",0
"STU00316","Permata Saputra","permata.saputra480@hotmail.com",21,"Jakarta","2022-06-25","TikTok","basic",1
"STU00994","Arif Iskandar","arif.iskandar236@hotmail.com",18,"Surabaya","2023-12-17","YouTube","free",2
"STU02221","Indah Setyowati","indah.setyowati@gmail.com",22,"Yogyakarta","2024-04-19","YouTube","free",1
"STU01174","Eko Pratama","eko.pratama@outlook8869@gmail.com",44,"Denpasar","2025-01-24","Referral","basic",10
"STU01105","Luthfi Putra","luthfi.putra@gmail.com",20,"Jakarta","2022-07-27","Referral","free",1
"STU00972","Winda Pertiwi","winda.pertiwi253@yahoo.com",38,"Bandung","2022-01-07","Referral","pro",7
"STU02847","Bagus Wibowo","bagus.wibowo905@outlook.com",25,"Jakarta","2022-06-23","Instagram","free",2
"STU01809","Bayu Pramudita","bayu.pramudita@outlook.com",21,"Jakarta","2022-10-07","Google","basic",5
"STU00708","Siti Santoso","siti.santoso@outlook2693@gmail.com",36,"Tangerang","2023-09-17","YouTube","free",8
"STU02909","Adi Ramadhan","adi.ramadhan@outlook.com",34,"Jakarta","2023-11-13","Referral","pro",3
"STU02433","Reno Lestari","reno.lestari@gmail.com",45,"Jakarta","2024-06-29","TikTok","free",4
"STU02034","Mega Cahyani","mega.cahyani@hotmail.com",23,"Bandung","2024-02-09","Instagram","free",2
"STU02716","Dimas Pramudita","dimas.pramudita401@gmail.com",33,"Surabaya","2023-12-08","Instagram","free",5
"STU01041","Sari Yusuf","sari.yusuf@gmail.com",39,"Surabaya","2022-09-20","TikTok","free",4
"STU00976","Maya Hapsari","maya.hapsari718@gmail.com",27,"Jakarta","2023-06-19","Instagram","free",3
"STU02671","Siti Hapsari","siti.hapsari@outlook.com",42,"Surabaya","2023-12-24","Instagram","basic",3
"STU00669","Aditya Wulandari","aditya.wulandari@outlook.com",31,"Surabaya","2024-03-31","Organic","free",6
"STU00562","Olivia Setyowati","olivia.setyowati459@hotmail.com",25,"Medan","2022-12-08","Google","free",1
"STU01520","Eko Nugroho","eko.nugroho956@outlook.com",36,"Yogyakarta","2023-05-13","YouTube","free",2
"STU01431","Maya Hakim","maya.hakim@outlook6058@gmail.com",40,"Makassar","2023-05-16","Google","free",3
"STU00821","Surya Hidayat","surya.hidayat783@yahoo.com",29,"Surabaya","2024-05-13","YouTube","free",8
"STU00251","Bagus Ramadhan","bagus.ramadhan@outlook.com",28,"Jakarta","2022-06-20","Instagram","basic",2
"STU00055","Panji Permadi","panji.permadi741@yahoo.com",33,"Semarang","2023-04-24","YouTube","free",0
"STU00564","Gilang Pratama","gilang.pratama@gmail.com",42,"Bandung","2023-11-14","Instagram","basic",1
"STU02660","Putra Damayanti","putra.damayanti@gmail.com",30,"Bandung","2023-03-30","Organic","free",3
"STU01759","Reno Hakim","reno.hakim@yahoo.com",40,"Bandung","2022-07-03","YouTube","free",4
"STU00285","Diah Wijaya","diah.wijaya@gmail.com",33,"Bandung","2022-11-20","Instagram","free",5
"STU01170","Mawar Rahmawati","mawar.rahmawati@gmail.com",33,"Palembang","2024-05-04","YouTube","free",6
"STU00988","Ratna Nugroho","ratna.nugroho@gmail.com",44,"Semarang","2023-03-01","Instagram","free",1
"STU02289","Wahyu Wijaya","wahyu.wijaya@gmail.com",25,"Yogyakarta","2022-09-03","Instagram","free",6
"STU00933","Permata Saputra","permata.saputra33@yahoo.com",45,"Bandung","2022-01-22","Instagram","free",5
"STU02653","Indah Setyowati","indah.setyowati285@yahoo6144@gmail.com",32,"Yogyakarta","2022-05-06","Referral","basic",3
"STU02249","Yoga Kusuma","yoga.kusuma@hotmail.com",41,"Jakarta","2022-07-12","Google","free",0
"STU00091","Kirana Rahmawati","kirana.rahmawati213@hotmail.com",31,"Medan","2022-09-05","Instagram","free",3
"STU02407","Yuni Cahyani","yuni.cahyani@gmail.com",30,"Denpasar","2024-04-02","Instagram","free",5
"STU00780","Budi Kusuma","budi.kusuma414@outlook.com",44,"Surabaya","2023-06-28","Instagram","free",6
"STU00380","Citra Pertiwi","citra.pertiwi82@outlook.com",33,"Jakarta","2022-04-07","Referral","free",3
"STU02005","Arif Permadi","arif.permadi487@hotmail.com",18,"Surabaya","2023-05-30","Instagram","pro",1
"STU00595","Galih Rahmawati","galih.rahmawati198@outlook.com",27,"Jakarta","2024-05-22","YouTube","basic",3
"STU02320","Aditya Setyowati","aditya.setyowati584@hotmail.com",31,"Jakarta","2024-05-26","YouTube","free",3
"STU02670","Yoga Susanto","yoga.susanto452@outlook.com",44,"Denpasar","2023-05-17","Instagram","basic",6
"STU02489","Maya Cahyani","maya.cahyani175@yahoo.com",21,"Jakarta","2023-10-24","Google","basic",5
"STU00452","Iqbal Pramudita","iqbal.pramudita@outlook.com",18,"Medan","2022-11-21","Organic","free",3
"STU02042","Mega Anggara","mega.anggara524@yahoo.com",32,"Medan","2025-02-15","Instagram","free",3
"STU00843","Putri Anggraini","putri.anggraini881@yahoo.com",43,"Bandung","2025-01-07","Instagram","free",6
"STU01649","Dito Anggraini","dito.anggraini650@gmail.com",30,"Jakarta","2024-01-30","Instagram","free",5
"STU00631","Hendra Putra","hendra.putra@gmail.com",21,"Yogyakarta","2024-11-24","Instagram","basic",8
"STU00214","Dimas Mahendra","dimas.mahendra@gmail.com",34,"Palembang","2024-11-19","Google","free",4
"STU02371","Sinta Hakim","sinta.hakim@outlook.com",40,"Jakarta","2023-08-08","Google","free",0
"STU00738","Satria Kurniawan","satria.kurniawan@outlook.com",29,"Jakarta","2022-10-24","YouTube","free",10
"STU00621","Ayu Susanto","ayu.susanto@gmail.com",36,"Makassar","2024-08-06","Instagram","free",3
"STU02735","Bayu Hapsari","bayu.hapsari@yahoo.com",23,"Medan","2024-08-04","Instagram","free",4
"STU02247","Rizky Permadi","rizky.permadi@yahoo.com",28,"Yogyakarta","2022-02-02","YouTube","free",8
"STU01729","Eka Wibowo","eka.wibowo@yahoo.com",21,"Bandung","2023-05-06","Google","free",0
"STU02951","Sari Wulandari","sari.wulandari292@hotmail.com",39,"Yogyakarta","2024-02-12","Google","pro",2
"STU01002","Surya Pramudita","surya.pramudita@outlook.com",24,"Palembang","2024-11-12","Instagram","basic",1
"STU01591","Budi Hakim","budi.hakim303@yahoo.com",29,"Malang","2024-02-25","Google","basic",3
"STU00963","Nadia Santoso","nadia.santoso@hotmail.com",43,"Bandung","2023-03-20","Instagram","free",5
"STU02062","Eka Iskandar","eka.iskandar912@outlook6726@gmail.com",31,"Semarang","2024-06-23","Google","basic",3
"STU00625","Dewi Permadi","dewi.permadi579@outlook6882@gmail.com",25,"Jakarta","2023-01-21","Referral","free",3
"STU00724","Aditya Hapsari","aditya.hapsari@yahoo.com",33,"Malang","2022-08-27","Google","free",5
"STU01625","Siti Kusuma","siti.kusuma806@outlook.com",35,"Bandung","2022-05-01","Instagram","basic",3
"STU02531","Yuni Hakim","yuni.hakim145@yahoo.com",35,"Jakarta","2025-01-02","Instagram","free",2
"STU00718","Olivia Hidayat","olivia.hidayat@gmail.com",26,"Surabaya","2025-02-07","Instagram","free",1
"STU00979","Adi Anggara","adi.anggara@gmail.com",26,"Jakarta","2024-07-22","TikTok","pro",8
"STU00313","Diah Saputra","diah.saputra@hotmail.com",26,"Bandung","2022-03-29","TikTok","free",3
"STU00922","Yoga Wibowo","yoga.wibowo576@yahoo.com",22,"Jakarta","2022-12-01","Google","free",5
"STU00254","Wahyu Lestari","wahyu.lestari@gmail.com",41,"Jakarta","2024-02-22","Organic","free",1
"STU02768","Fajar Susanto","fajar.susanto@yahoo.com",30,"Bandung","2023-02-16","YouTube","free",11
"STU00876","Wahyu Pratama","wahyu.pratama311@hotmail.com",24,"Bandung","2023-12-22","Google","free",3
"STU02533","Zahra Ramadhan","zahra.ramadhan749@gmail.com",29,"Malang","2024-09-14","Instagram","free",9
"STU02066","Bayu Pramudita","bayu.pramudita35@outlook.com",34,"Bandung","2022-05-24","Referral","basic",8
"STU00581","Krisna Kusuma","krisna.kusuma319@outlook.com",44,"Jakarta","2022-11-05","TikTok","pro",1
"STU00187","Lestari Permadi","lestari.permadi@yahoo.com",30,"Bogor","2024-07-23","Organic","free",1
"STU02988","Maya Susanto","maya.susanto@yahoo.com",45,"Bandung","2022-09-24","Google","free",7
"STU02599","Bayu Wibowo","bayu.wibowo@gmail.com",23,"Jakarta","2024-12-02","YouTube","free",0
"STU00600","Reza Kusuma","reza.kusuma@outlook.com",20,"Bandung","2022-04-17","TikTok","free",0
"STU01249","Nita Putra","nita.putra@gmail.com",24,"Denpasar","2024-04-11","Referral","basic",3
"STU00207","Dito Wulandari","dito.wulandari@yahoo.com",23,"Bogor","2022-06-03","Instagram","pro",3
"STU01383","Sinta Yusuf","sinta.yusuf468@gmail.com",18,"Yogyakarta","2022-09-13","Instagram","free",2
"STU01878","Mawar Anggraini","mawar.anggraini@yahoo.com",34,"Jakarta","2023-02-12","Referral","free",3
"STU02494","Satria Santoso","satria.santoso@outlook.com",45,"Bandung","2022-04-11","TikTok","basic",2
"STU01935","Nadia Lestari","nadia.lestari94@gmail.com",40,"Semarang","2024-08-25","Google","pro",3
"STU02919","Yuni Hapsari","yuni.hapsari@hotmail.com",22,"Yogyakarta","2023-07-23","Organic","basic",0
"STU02166","Zahra Putra","zahra.putra@gmail.com",28,"Denpasar","2022-01-23","Instagram","free",0
"STU02750","Nadia Setiawan","nadia.setiawan@hotmail6072@gmail.com",24,"Bandung","2024-07-28","Referral","free",2
"STU01586","Dimas Rahmawati","dimas.rahmawati943@yahoo9382@gmail.com",24,"Yogyakarta","2022-12-20","Instagram","pro",4
"STU01306","Krisna Hapsari","krisna.hapsari505@hotmail.com",31,"Yogyakarta","2024-06-10","YouTube","free",6
"STU00479","Hendra Cahyani","hendra.cahyani37@hotmail.com",34,"Surabaya","2023-04-07","Instagram","free",1
"STU01282","Tia Wibowo","tia.wibowo@gmail.com",23,"Bandung","2024-04-05","Instagram","basic",0
"STU01510","Hadi Pramudita","hadi.pramudita@outlook.com",43,"Surabaya","2022-12-05","Google","pro",1
"STU00920","Zahra Pramudita","zahra.pramudita762@yahoo.com",24,"Surabaya","2023-09-22","Instagram","free",5
"STU01883","Kirana Anggraini","kirana.anggraini428@yahoo.com",39,"Jakarta","2022-05-08","YouTube","basic",0
"STU00494","Fajar Anggraini","fajar.anggraini@hotmail.com",21,"Bandung","2022-02-13","TikTok","free",5
"STU00305","Gita Hapsari","gita.hapsari298@outlook.com",37,"Palembang","2024-06-01","Instagram","free",3
"STU01885","Zahra Santoso","zahra.santoso@yahoo.com",45,"Jakarta","2025-02-12","Instagram","free",0
"STU00502","Indah Permadi","indah.permadi@yahoo.com",22,"Jakarta","2022-02-01","Instagram","free",3
"STU01802","Surya Lestari","surya.lestari@outlook.com",21,"Surabaya","2023-05-26","Instagram","basic",2
"STU02724","Reno Anggara","reno.anggara@gmail.com",30,"Jakarta","2024-12-15","YouTube","free",0
"STU00235","Aditya Ramadhan","aditya.ramadhan@outlook.com",41,"Jakarta","2024-12-19","YouTube","free",2
"STU01220","Nadia Wibowo","nadia.wibowo437@gmail.com",33,"Jakarta","2024-12-20","Instagram","basic",3
"STU02530","Naufal Wulandari","naufal.wulandari@outlook.com",42,"Surabaya","2023-08-14","Instagram","pro",6
"STU00850","Sari Lestari","sari.lestari@outlook.com",28,"Jakarta","2023-04-22","Google","free",1
"STU01142","Nadia Mahendra","nadia.mahendra@gmail.com",28,"Tangerang","2024-01-29","Google","free",4
"STU00970","Yuni Pratama","yuni.pratama902@gmail.com",30,"Jakarta","2022-10-31","Google","free",4
"STU00888","Putri Setiawan","putri.setiawan@yahoo.com",41,"Jakarta","2023-06-10","TikTok","free",1
"STU02281","Aditya Pratama","aditya.pratama460@gmail.com",21,"Denpasar","2024-09-01","Instagram","free",4
"STU01500","Budi Putra","budi.putra@hotmail.com",44,"Jakarta","2025-01-12","Google","free",0
"STU00063","Mawar Anggara","mawar.anggara@outlook.com",20,"Medan","2022-12-18","YouTube","free",4
"STU02128","Rizky Pratama","rizky.pratama840@gmail.com",42,"Bandung","2023-07-20","Instagram","free",2
"STU01763","Lestari Nugroho","lestari.nugroho687@yahoo.com",40,"Surabaya","2023-01-13","Instagram","basic",7
"STU00465","Rahmat Setyowati","rahmat.setyowati@yahoo.com",20,"Yogyakarta","2022-02-19","Google","free",2
"STU01557","Kirana Hapsari","kirana.hapsari@hotmail.com",19,"Jakarta","2022-01-13","YouTube","free",5
"STU00536","Citra Anggara","citra.anggara740@outlook.com",42,"Jakarta","2022-07-18","Instagram","free",0
"STU01268","Galih Cahyani","galih.cahyani@yahoo.com",30,"Bandung","2024-02-13","YouTube","free",8
"STU00454","Intan Saputra","intan.saputra156@outlook.com",38,"Jakarta","2025-02-27","YouTube","free",1
"STU02771","Winda Setyowati","winda.setyowati@gmail.com",23,"Surabaya","2024-12-14","TikTok","basic",11
"STU01074","Maya Permadi","maya.permadi@outlook.com",36,"Semarang","2024-07-29","TikTok","pro",4
"STU01528","Citra Pertiwi","citra.pertiwi@gmail.com",23,"Malang","2024-01-08","Google","basic",0
"STU01438","Putra Anggraini","putra.anggraini975@yahoo2240@gmail.com",22,"Denpasar","2022-02-27","YouTube","free",5
"STU01480","Diah Maulana","diah.maulana@hotmail.com",27,"Jakarta","2023-02-13","Referral","free",0
"STU00590","Mawar Rahmawati","mawar.rahmawati298@yahoo.com",43,"Jakarta","2024-01-31","Google","free",0
"STU01300","Diah Yusuf","diah.yusuf@gmail5199@gmail.com",37,"Jakarta","2022-05-26","Google","basic",2
"STU02662","Hadi Wijaya","hadi.wijaya799@outlook.com",18,"Bandung","2023-01-14","Instagram","basic",4
"STU01558","Dimas Kusuma","dimas.kusuma@hotmail.com",33,"Denpasar","2024-10-09","Instagram","pro",2
"STU00267","Budi Setyowati","budi.setyowati558@outlook.com",21,"Jakarta","2024-11-13","YouTube","free",2
"STU01364","Eka Lestari","eka.lestari@gmail6697@gmail.com",45,"Bogor","2024-10-13","Organic","free",2
"STU01278","Hadi Iskandar","hadi.iskandar@outlook.com",31,"Palembang","2023-09-02","Google","basic",0
"STU02945","Yoga Santoso","yoga.santoso636@yahoo9184@gmail.com",28,"Jakarta","2023-12-05","Instagram","free",3
"STU01619","Vina Pratama","vina.pratama@gmail.com",41,"Palembang","2022-04-12","Instagram","free",0
"STU00559","Permata Santoso","permata.santoso275@yahoo.com",45,"Denpasar","2024-04-17","Google","basic",3
"STU02413","Rahmat Anggara","rahmat.anggara@outlook.com",36,"Bogor","2022-01-05","Instagram","free",7
"STU00586","Reza Maulana","reza.maulana@yahoo.com",24,"Jakarta","2024-06-15","Referral","free",5
"STU02194","Reno Anggara","reno.anggara816@gmail.com",36,"Surabaya","2022-09-29","Instagram","free",6
"STU00131","Rizky Wibowo","rizky.wibowo128@outlook.com",20,"Jakarta","2023-12-02","Instagram","free",6
"STU00617","Intan Pratama","intan.pratama@hotmail.com",31,"Jakarta","2022-05-06","YouTube","free",3
"STU01455","Bayu Pertiwi","bayu.pertiwi@yahoo.com",21,"Surabaya","2022-07-04","Instagram","free",0
"STU00334","Intan Pertiwi","intan.pertiwi949@yahoo.com",32,"Makassar","2024-05-27","Referral","basic",3
"STU01613","Hendra Saputra","hendra.saputra@hotmail.com",22,"Bandung","2024-06-11","Instagram","basic",2
"STU00143","Gilang Permadi","gilang.permadi200@yahoo.com",45,"Medan","2024-12-01","Referral","free",11
"STU00361","Arif Damayanti","arif.damayanti921@yahoo.com",18,"Denpasar","2023-11-02","Instagram","basic",0
"STU01251","Reno Wijaya","reno.wijaya718@gmail.com",35,"Bandung","2024-09-08","YouTube","free",3
"STU02645","Yoga Iskandar","yoga.iskandar@gmail.com",22,"Bandung","2024-01-03","TikTok","basic",7
"STU02620","Dito Kurniawan","dito.kurniawan@gmail.com",33,"Makassar","2022-10-05","Instagram","basic",0
"STU01964","Reza Nugroho","reza.nugroho764@hotmail.com",41,"Yogyakarta","2025-01-08","Google","free",3
"STU00801","Arif Cahyani","arif.cahyani@yahoo.com",36,"Bekasi","2024-12-22","Google","basic",3
"STU00627","Putri Kusuma","putri.kusuma373@outlook.com",42,"Bogor","2024-12-07","Organic","basic",2
"STU00221","Umi Lestari","umi.lestari@hotmail8322@gmail.com",41,"Yogyakarta","2024-03-07","Instagram","basic",0
"STU00258","Indah Anggara","indah.anggara884@yahoo.com",24,"Denpasar","2024-10-01","Instagram","free",0
"STU02841","Yoga Maulana","yoga.maulana959@gmail.com",39,"Bekasi","2023-08-21","Instagram","free",2
"STU01603","Yoga Hakim","yoga.hakim548@hotmail.com",23,"Medan","2024-03-06","Instagram","basic",10
"STU02712","Eko Pratama","eko.pratama@outlook.com",37,"Jakarta","2023-08-09","Instagram","free",3
"STU00833","Tia Hakim","tia.hakim@hotmail.com",37,"Surabaya","2022-06-05","Google","basic",8
"STU02537","Hana Rahmawati","hana.rahmawati@gmail.com",34,"Malang","2023-02-02","Google","free",3
"STU01855","Reza Pramudita","reza.pramudita@outlook.com",31,"Jakarta","2023-04-23","Referral","basic",4
"STU01714","Olivia Hakim","olivia.hakim@outlook.com",39,"Medan","2022-11-06","Referral","free",1
"STU02011","Hendra Ramadhan","hendra.ramadhan@yahoo.com",44,"Jakarta","2025-02-02","YouTube","free",10
"STU01362","Wahyu Lestari","wahyu.lestari@hotmail.com",18,"Surabaya","2023-11-25","Instagram","free",4
"STU00984","Mawar Pertiwi","mawar.pertiwi@gmail.com",41,"Jakarta","2022-09-28","Google","basic",6
"STU01688","Ferdi Wijaya","ferdi.wijaya@outlook.com",25,"Bogor","2024-09-07","Google","free",3
"STU01228","Putra Putra","putra.putra751@outlook.com",41,"Jakarta","2024-05-20","Organic","basic",3
"STU02979","Olivia Santoso","olivia.santoso@outlook.com",22,"Jakarta","2023-12-27","Google","free",11
"STU00551","Nadia Putra","nadia.putra@gmail.com",34,"Medan","2023-03-15","TikTok","free",6
"STU00626","Yuni Putra","yuni.putra303@outlook.com",40,"Bogor","2024-06-19","Referral","free",1
"STU02258","Mawar Maulana","mawar.maulana28@hotmail.com",33,"Palembang","2024-06-20","Google","basic",4
"STU00882","Eko Setyowati","eko.setyowati940@hotmail.com",19,"Semarang","2022-11-16","Organic","free",6
"STU02543","Olivia Hakim","olivia.hakim@gmail.com",22,"Yogyakarta","2024-05-26","Google","pro",0
"STU02820","Rizky Mahendra","rizky.mahendra573@outlook.com",21,"Surabaya","2023-12-27","YouTube","basic",6
"STU01899","Eka Ramadhan","eka.ramadhan@hotmail.com",35,"Jakarta","2024-02-27","YouTube","basic",6
"STU02141","Intan Damayanti","intan.damayanti471@yahoo.com",30,"Surabaya","2022-04-13","Instagram","free",6
"STU00736","Indah Putra","indah.putra@yahoo.com",45,"Jakarta","2022-11-20","Instagram","basic",9
"STU01762","Ferdi Nugroho","ferdi.nugroho166@gmail.com",38,"Surabaya","2022-08-06","YouTube","free",0
"STU01942","Hendra Anggara","hendra.anggara@outlook.com",33,"Bandung","2023-04-17","Instagram","free",0
"STU02519","Luthfi Wulandari","luthfi.wulandari813@yahoo.com",22,"Surabaya","2023-03-27","Instagram","free",3
"STU01920","Wahyu Kurniawan","wahyu.kurniawan@yahoo.com",44,"Denpasar","2024-06-16","YouTube","free",3
"STU01312","Adi Putra","adi.putra@outlook.com",27,"Denpasar","2022-03-24","YouTube","basic",11
"STU01244","Nadia Anggraini","nadia.anggraini923@yahoo.com",33,"Denpasar","2024-02-14","YouTube","free",5
"STU01108","Winda Setiawan","winda.setiawan@gmail.com",34,"Yogyakarta","2024-10-30","Instagram","free",3
"STU00923","Ayu Hakim","ayu.hakim@hotmail.com",23,"Surabaya","2025-02-24","Organic","pro",1
"STU02422","Ayu Nugroho","ayu.nugroho736@gmail.com",39,"Jakarta","2022-08-02","YouTube","free",0
"STU01119","Eka Anggara","eka.anggara@outlook.com",24,"Surabaya","2024-08-06","Google","free",2
"STU00782","Dewi Hakim","dewi.hakim613@yahoo.com",23,"Yogyakarta","2022-07-25","Instagram","basic",4
"STU00759","Vina Kurniawan","vina.kurniawan@yahoo.com",38,"Surabaya","2023-11-08","Instagram","basic",3
"STU00191","Rizky Kurniawan","rizky.kurniawan113@hotmail.com",20,"Jakarta","2023-11-06","YouTube","pro",5
"STU01614","Indah Setiawan","indah.setiawan966@hotmail.com",28,"Surabaya","2024-11-15","TikTok","free",3
"STU00774","Vina Saputra","vina.saputra@outlook.com",25,"Medan","2022-06-22","YouTube","free",9
"STU02924","Putra Lestari","putra.lestari301@gmail.com",40,"Bandung","2023-01-05","Instagram","free",10
"STU01761","Tia Permadi","tia.permadi@outlook2246@gmail.com",22,"Yogyakarta","2023-03-06","Google","free",10
"STU01489","Satria Kurniawan","satria.kurniawan767@outlook.com",36,"Bandung","2023-04-29","YouTube","free",5
"STU00513","Kirana Anggraini","kirana.anggraini241@outlook.com",21,"Bandung","2022-06-08","TikTok","pro",6
"STU01190","Budi Iskandar","budi.iskandar681@outlook.com",38,"Makassar","2023-11-25","Google","free",11
"STU02680","Vina Rahmawati","vina.rahmawati@outlook.com",38,"Bandung","2024-11-15","Instagram","free",4
"STU00701","Yuni Anggraini","yuni.anggraini@gmail.com",32,"Surabaya","2024-09-11","TikTok","basic",11
"STU02682","Adi Wibowo","adi.wibowo42@gmail.com",41,"Yogyakarta","2023-05-17","Instagram","free",3
"STU00203","Gilang Wibowo","gilang.wibowo@hotmail.com",43,"Jakarta","2022-01-22","YouTube","free",5
"STU01634","Vina Cahyani","vina.cahyani640@yahoo.com",33,"Surabaya","2023-02-19","YouTube","basic",6
"STU00280","Eko Saputra","eko.saputra@hotmail.com",34,"Jakarta","2023-03-26","Instagram","free",1
"STU00458","Mawar Yusuf","mawar.yusuf@gmail.com",19,"Tangerang","2022-03-02","Instagram","free",0
"STU01425","Hadi Setyowati","hadi.setyowati@hotmail.com",30,"Jakarta","2025-02-08","YouTube","free",2
"STU01103","Indah Maulana","indah.maulana893@gmail.com",37,"Malang","2022-04-17","Instagram","free",2
"STU01231","Diah Kusuma","diah.kusuma@hotmail9314@gmail.com",18,"Semarang","2022-06-06","Instagram","free",3
"STU02201","Galih Anggraini","galih.anggraini340@outlook.com",18,"Medan","2023-10-13","TikTok","free",11
"STU01656","Nita Hakim","nita.hakim363@outlook.com",38,"Bandung","2022-02-27","TikTok","free",2
"STU00991","Dewi Wijaya","dewi.wijaya239@yahoo.com",45,"Jakarta","2022-10-09","Instagram","pro",3
"STU01777","Indah Lestari","indah.lestari638@hotmail.com",21,"Jakarta","2022-10-06","TikTok","free",0
"STU01241","Reza Setyowati","reza.setyowati756@gmail.com",41,"Surabaya","2023-01-03","Organic","free",3
"STU00897","Fajar Setiawan","fajar.setiawan@outlook.com",39,"Medan","2024-06-17","YouTube","free",2
"STU01346","Eko Wulandari","eko.wulandari@outlook.com",20,"Jakarta","2023-02-04","Referral","free",1
"STU00486","Naufal Wijaya","naufal.wijaya130@hotmail.com",23,"Jakarta","2023-08-02","YouTube","free",2
"STU02251","Dewi Permadi","dewi.permadi@gmail.com",35,"Jakarta","2024-07-13","Google","pro",11
"STU00204","Permata Maulana","permata.maulana@yahoo.com",33,"Malang","2024-10-16","Instagram","free",4
"STU01994","Budi Kurniawan","budi.kurniawan430@yahoo.com",31,"Surabaya","2022-10-03","YouTube","basic",2
"STU02447","Luthfi Anggraini","luthfi.anggraini50@yahoo.com",18,"Jakarta","2023-07-24","TikTok","basic",3
"STU02522","Nita Saputra","nita.saputra651@outlook.com",26,"Bogor","2024-04-06","Instagram","basic",0
"STU01691","Hadi Nugroho","hadi.nugroho773@hotmail.com",23,"Semarang","2022-01-03","TikTok","free",2
"STU00241","Yuni Ramadhan","yuni.ramadhan@gmail.com",31,"Medan","2022-05-19","Google","pro",6
"STU01508","Hana Lestari","hana.lestari863@yahoo.com",44,"Bandung","2023-01-22","Instagram","free",0
"STU02885","Indah Wibowo","indah.wibowo@gmail.com",37,"Medan","2024-03-23","Instagram","basic",11
"STU00569","Dewi Setiawan","dewi.setiawan25@yahoo.com",38,"Jakarta","2023-05-22","TikTok","free",4
"STU00297","Krisna Wulandari","krisna.wulandari565@yahoo.com",38,"Jakarta","2022-03-08","YouTube","free",4
"STU00702","Yoga Hapsari","yoga.hapsari843@gmail.com",29,"Denpasar","2024-03-29","YouTube","free",6
"STU00148","Gilang Kurniawan","gilang.kurniawan@gmail.com",39,"Bandung","2022-10-06","Google","pro",2
"STU01572","Maya Setyowati","maya.setyowati337@yahoo.com",19,"Semarang","2024-03-02","Instagram","free",3
"STU02580","Vina Anggraini","vina.anggraini769@hotmail.com",24,"Makassar","2023-01-27","YouTube","basic",5
"STU02490","Citra Rahmawati","citra.rahmawati865@outlook.com",32,"Makassar","2022-03-09","Google","free",1
"STU01440","Andi Pramudita","andi.pramudita780@hotmail.com",37,"Medan","2024-08-11","YouTube","free",1
"STU02691","Indah Kurniawan","indah.kurniawan354@yahoo.com",43,"Jakarta","2023-05-25","Google","basic",3
"STU01479","Andi Anggara","andi.anggara@outlook.com",20,"Surabaya","2022-04-08","YouTube","free",2
"STU02539","Maya Saputra","maya.saputra597@gmail.com",28,"Denpasar","2022-07-08","Google","basic",6
"STU02918","Tia Yusuf","tia.yusuf602@hotmail.com",40,"Jakarta","2023-09-19","Google","basic",0
"STU01501","Dimas Saputra","dimas.saputra@yahoo.com",39,"Semarang","2022-02-26","Instagram","free",7
"STU01029","Ratna Pertiwi","ratna.pertiwi@yahoo.com",38,"Jakarta","2024-07-18","Organic","free",5
"STU02177","Lestari Yusuf","lestari.yusuf@outlook.com",18,"Semarang","2024-07-16","YouTube","basic",4
"STU00190","Rahmat Setyowati","rahmat.setyowati807@hotmail.com",30,"Palembang","2022-02-23","Instagram","basic",10
"STU01801","Bayu Santoso","bayu.santoso337@hotmail.com",22,"Jakarta","2024-09-03","TikTok","free",3
"STU01266","Hadi Mahendra","hadi.mahendra@gmail.com",37,"Jakarta","2022-04-11","Referral","pro",2
"STU00820","Nita Maulana","nita.maulana@hotmail.com",19,"Bogor","2022-08-09","YouTube","free",3
"STU02952","Fitri Anggara","fitri.anggara@outlook.com",32,"Denpasar","2022-02-03","Google","free",3
"STU02622","Galih Damayanti","galih.damayanti@yahoo.com",22,"Surabaya","2023-04-15","Referral","free",2
"STU00974","Hana Susanto","hana.susanto@yahoo.com",44,"Bogor","2023-01-21","Instagram","basic",3
"STU02501","Mawar Kusuma","mawar.kusuma724@yahoo.com",37,"Denpasar","2022-10-29","YouTube","basic",4
"STU01767","Lestari Hidayat","lestari.hidayat@gmail.com",33,"Malang","2023-10-08","YouTube","basic",0
"STU00683","Bayu Yusuf","bayu.yusuf@outlook.com",36,"Surabaya","2024-06-02","Google","free",0
"STU01454","Wahyu Pratama","wahyu.pratama@hotmail.com",38,"Makassar","2023-09-10","Instagram","free",6
"STU00677","Budi Anggraini","budi.anggraini66@outlook.com",41,"Jakarta","2024-08-01","Instagram","free",3
"STU01427","Bagus Kusuma","bagus.kusuma469@yahoo.com",24,"Jakarta","2024-06-26","YouTube","free",0
"STU01973","Zahra Mahendra","zahra.mahendra@yahoo.com",44,"Medan","2024-02-05","Instagram","pro",1
"STU00464","Arif Kurniawan","arif.kurniawan@outlook.com",25,"Medan","2023-02-17","YouTube","free",1
"STU02209","Winda Yusuf","winda.yusuf@yahoo.com",28,"Jakarta","2024-08-14","TikTok","free",2
"STU01316","Dimas Lestari","dimas.lestari708@gmail.com",37,"Jakarta","2022-04-08","YouTube","free",2
"STU01856","Indah Anggara","indah.anggara@hotmail.com",28,"Jakarta","2022-12-16","Instagram","free",7
"STU01702","Permata Pramudita","permata.pramudita@gmail.com",33,"Surabaya","2023-09-04","Instagram","free",2
"STU02342","Citra Pramudita","citra.pramudita553@outlook.com",18,"Jakarta","2023-05-25","Google","free",1
"STU01893","Ratna Pertiwi","ratna.pertiwi@gmail.com",30,"Jakarta","2024-09-14","Instagram","pro",2
"STU00570","Hendra Cahyani","hendra.cahyani803@hotmail.com",38,"Semarang","2024-03-31","Referral","free",2
"STU00100","Bayu Ramadhan","bayu.ramadhan@yahoo.com",22,"Yogyakarta","2024-02-09","Google","free",8
"STU02310","Yoga Hidayat","yoga.hidayat538@yahoo.com",19,"Makassar","2024-12-07","Instagram","free",9
"STU00961","Nita Cahyani","nita.cahyani@hotmail.com",45,"Surabaya","2022-11-24","Google","free",2
"STU01725","Eka Wulandari","eka.wulandari@gmail7159@gmail.com",24,"Bandung","2023-07-29","YouTube","free",3
"STU00510","Fajar Rahmawati","fajar.rahmawati893@gmail.com",25,"Medan","2022-08-23","TikTok","free",4
"STU02257","Aditya Pramudita","aditya.pramudita723@yahoo.com",32,"Denpasar","2023-07-01","Instagram","free",3
"STU00300","Intan Putra","intan.putra401@outlook.com",22,"Jakarta","2022-07-19","Google","basic",3
"STU02613","Tia Maulana","tia.maulana150@yahoo.com",32,"Makassar","2022-06-26","Google","basic",5
"STU00234","Hana Ramadhan","hana.ramadhan115@gmail.com",39,"Makassar","2022-01-28","YouTube","free",2
"STU01459","Sinta Permadi","sinta.permadi@gmail.com",43,"Jakarta","2022-01-03","Instagram","free",3
"STU02730","Surya Ramadhan","surya.ramadhan@hotmail.com",40,"Surabaya","2022-11-04","Google","basic",4
"STU02728","Rahmat Saputra","rahmat.saputra@gmail.com",41,"Yogyakarta","2023-10-20","YouTube","basic",6
"STU01910","Siti Hapsari","siti.hapsari@outlook2900@gmail.com",21,"Yogyakarta","2022-03-06","Instagram","free",4
"STU00591","Hana Anggara","hana.anggara339@yahoo.com",23,"Bogor","2024-12-09","Google","basic",3
"STU00823","Eko Setyowati","eko.setyowati@gmail3639@gmail.com",36,"Tangerang","2023-01-06","Instagram","free",8
"STU00101","Bagus Wijaya","bagus.wijaya743@hotmail.com",41,"Jakarta","2023-11-05","Referral","basic",1
"STU02854","Krisna Pratama","krisna.pratama579@hotmail.com",33,"Jakarta","2022-01-03","Referral","free",3
"STU01791","Surya Cahyani","surya.cahyani279@hotmail.com",37,"Denpasar","2023-01-17","Instagram","free",0
"STU02458","Andi Santoso","andi.santoso762@hotmail.com",39,"Jakarta","2024-07-30","TikTok","free",5
"STU02260","Gilang Setiawan","gilang.setiawan@hotmail.com",36,"Surabaya","2023-07-30","Organic","free",1
"STU02939","Bagus Setyowati","bagus.setyowati@yahoo.com",37,"Jakarta","2022-02-03","Google","free",1
"STU01260","Aditya Setiawan","aditya.setiawan@gmail.com",20,"Bandung","2023-01-25","Instagram","free",9
"STU01180","Fitri Setiawan","fitri.setiawan@yahoo.com",41,"Bandung","2022-12-02","YouTube","free",6
"STU00496","Hendra Damayanti","hendra.damayanti@hotmail.com",18,"Surabaya","2024-02-23","Instagram","basic",2
"STU01896","Iqbal Yusuf","iqbal.yusuf@hotmail.com",21,"Yogyakarta","2024-08-01","YouTube","free",4
"STU02775","Bayu Nugroho","bayu.nugroho@hotmail.com",34,"Medan","2022-05-17","Organic","free",6
"STU00189","Bagus Cahyani","bagus.cahyani649@yahoo.com",40,"Bandung","2024-02-02","YouTube","free",5
"STU01275","Wahyu Kusuma","wahyu.kusuma@yahoo.com",34,"Yogyakarta","2023-02-02","Instagram","free",1
"STU00217","Ayu Anggara","ayu.anggara@hotmail.com",23,"Yogyakarta","2022-10-14","Instagram","free",3
"STU02495","Eko Hakim","eko.hakim769@hotmail8846@gmail.com",37,"Jakarta","2022-06-02","Google","free",0
"STU01024","Adi Susanto","adi.susanto@yahoo.com",45,"Yogyakarta","2022-10-13","Instagram","basic",2
"STU01769","Nadia Pratama","nadia.pratama395@yahoo6674@gmail.com",39,"Malang","2022-04-28","Google","basic",3
"STU01491","Maya Lestari","maya.lestari@gmail.com",28,"Bekasi","2022-12-19","TikTok","basic",5
"STU00224","Hana Wibowo","hana.wibowo85@hotmail.com",25,"Bandung","2022-11-09","YouTube","free",6
"STU01248","Iqbal Mahendra","iqbal.mahendra857@hotmail.com",26,"Jakarta","2023-10-09","TikTok","free",6
"STU00201","Yoga Rahmawati","yoga.rahmawati@outlook.com",31,"Bekasi","2023-10-03","Referral","free",11
"STU02933","Reno Putra","reno.putra@outlook.com",27,"Jakarta","2022-10-02","TikTok","free",2
"STU01991","Adi Anggraini","adi.anggraini@outlook.com",38,"Bogor","2023-02-24","Instagram","free",2
"STU00157","Putra Lestari","putra.lestari@outlook.com",22,"Bekasi","2022-03-12","YouTube","basic",0
"STU00996","Wahyu Pratama","wahyu.pratama@outlook.com",26,"Jakarta","2025-02-13","Google","free",1
"STU00742","Naufal Anggraini","naufal.anggraini678@outlook.com",27,"Denpasar","2024-02-04","Instagram","free",4
"STU01771","Putri Susanto","putri.susanto@hotmail.com",19,"Malang","2024-01-11","Referral","pro",0
"STU00490","Ratna Wibowo","ratna.wibowo@outlook.com",45,"Surabaya","2023-05-16","Organic","free",2
"STU00442","Yoga Rahmawati","yoga.rahmawati960@gmail.com",43,"Bandung","2024-09-20","YouTube","free",7
"STU01196","Nadia Kurniawan","nadia.kurniawan422@gmail.com",34,"Jakarta","2024-01-16","Referral","free",2
"STU00420","Zahra Lestari","zahra.lestari340@hotmail.com",36,"Bandung","2024-05-04","Organic","free",1
"STU00125","Mawar Wibowo","mawar.wibowo@gmail.com",21,"Jakarta","2023-12-07","Google","basic",3
"STU02294","Sari Mahendra","sari.mahendra@gmail.com",22,"Yogyakarta","2023-04-02","YouTube","free",2
"STU02805","Mega Permadi","mega.permadi@outlook.com",31,"Makassar","2024-10-12","YouTube","basic",2
"STU00731","Krisna Setiawan","krisna.setiawan@outlook.com",34,"Jakarta","2024-08-21","Google","free",1
"STU00019","Surya Hapsari","surya.hapsari@yahoo.com",38,"Surabaya","2024-11-08","YouTube","free",0
"STU00790","Tia Pramudita","tia.pramudita433@outlook.com",39,"Jakarta","2022-10-25","TikTok","free",2
"STU02995","Gita Mahendra","gita.mahendra@hotmail.com",34,"Bogor","2024-09-24","TikTok","free",3
"STU02084","Panji Nugroho","panji.nugroho79@hotmail.com",31,"Palembang","2025-01-22","Instagram","free",0
"STU02444","Siti Maulana","siti.maulana@gmail1140@gmail.com",32,"Bandung","2022-02-10","Organic","free",0
"STU00535","Bayu Pramudita","bayu.pramudita608@outlook.com",39,"Jakarta","2024-07-17","Google","free",5
"STU01102","Nadia Damayanti","nadia.damayanti@yahoo.com",25,"Semarang","2024-04-18","Google","free",3
"STU01453","Andi Wibowo","andi.wibowo@hotmail.com",30,"Makassar","2023-11-22","Google","free",0
"STU02520","Nita Iskandar","nita.iskandar@yahoo7271@gmail.com",31,"Jakarta","2025-02-08","Instagram","free",6
"STU01993","Galih Hidayat","galih.hidayat686@gmail.com",22,"Surabaya","2024-10-01","Instagram","free",4
"STU01743","Dimas Kurniawan","dimas.kurniawan@gmail.com",42,"Jakarta","2024-01-02","Instagram","basic",5
"STU01870","Eko Wibowo","eko.wibowo@yahoo.com",44,"Jakarta","2022-01-02","YouTube","free",6
"STU00315","Eka Setiawan","eka.setiawan@gmail.com",25,"Jakarta","2024-03-06","TikTok","pro",2
"STU01471","Fitri Pramudita","fitri.pramudita605@outlook6194@gmail.com",27,"Jakarta","2024-05-20","Referral","free",3
"STU00404","Hendra Santoso","hendra.santoso@hotmail.com",30,"Bandung","2024-03-15","Instagram","basic",6
"STU01834","Reza Lestari","reza.lestari@outlook.com",19,"Denpasar","2024-02-04","Organic","free",1
"STU01309","Putri Susanto","putri.susanto@yahoo.com",21,"Jakarta","2022-12-26","YouTube","pro",2
"STU00266","Nadia Santoso","nadia.santoso709@outlook.com",38,"Jakarta","2025-01-18","Google","basic",4
"STU02794","Diah Hapsari","diah.hapsari546@hotmail.com",20,"Jakarta","2022-08-22","Instagram","basic",1
"STU01496","Bayu Putra","bayu.putra@gmail.com",33,"Jakarta","2024-09-09","YouTube","pro",0
"STU01066","Zahra Wibowo","zahra.wibowo@hotmail.com",34,"Bandung","2024-09-25","Instagram","basic",6
"STU01371","Umi Hakim","umi.hakim@yahoo.com",22,"Medan","2022-03-19","Organic","free",3
"STU00630","Aditya Anggraini","aditya.anggraini@outlook.com",20,"Makassar","2024-11-17","Organic","basic",8
"STU02065","Satria Nugroho","satria.nugroho@hotmail.com",37,"Semarang","2023-08-15","Referral","basic",11
"STU02677","Rizky Lestari","rizky.lestari490@hotmail.com",18,"Semarang","2024-03-02","YouTube","pro",0
"STU00345","Maya Hakim","maya.hakim@yahoo.com",37,"Jakarta","2024-03-16","Google","free",2
"STU01962","Gita Setiawan","gita.setiawan@outlook.com",44,"Bogor","2024-10-01","Instagram","free",6
"STU00687","Kirana Mahendra","kirana.mahendra223@hotmail.com",37,"Jakarta","2023-07-26","Instagram","free",0
"STU00049","Lestari Permadi","lestari.permadi453@yahoo.com",26,"Medan","2022-06-05","Instagram","free",2
"STU01790","Budi Mahendra","budi.mahendra323@yahoo.com",33,"Bandung","2023-02-12","Referral","basic",0
"STU01377","Eka Pertiwi","eka.pertiwi629@gmail.com",41,"Semarang","2024-08-02","Organic","free",1
"STU01062","Gilang Wulandari","gilang.wulandari630@hotmail.com",38,"Bandung","2022-11-19","Instagram","free",3
"STU00844","Dimas Wulandari","dimas.wulandari@hotmail.com",35,"Palembang","2023-10-05","YouTube","basic",6
"STU02756","Diah Hakim","diah.hakim@yahoo.com",39,"Surabaya","2023-06-20","Google","free",0
"STU02253","Eko Hakim","eko.hakim@gmail.com",29,"Jakarta","2023-09-01","Referral","basic",4
"STU01502","Ayu Damayanti","ayu.damayanti@gmail.com",25,"Medan","2024-01-27","TikTok","basic",3
"STU00665","Sinta Wijaya","sinta.wijaya@hotmail.com",25,"Palembang","2022-12-25","Instagram","basic",3
"STU00272","Rahmat Maulana","rahmat.maulana186@hotmail.com",22,"Surabaya","2023-09-10","Google","free",6
"STU00765","Krisna Nugroho","krisna.nugroho323@yahoo3521@gmail.com",24,"Yogyakarta","2023-09-13","TikTok","free",3
"STU00093","Eko Putra","eko.putra@gmail.com",39,"Bandung","2023-07-25","Instagram","pro",2
"STU01149","Andi Yusuf","andi.yusuf945@yahoo.com",43,"Yogyakarta","2022-12-15","Instagram","free",0
"STU01284","Dito Saputra","dito.saputra@outlook.com",31,"Surabaya","2023-07-28","Instagram","free",2
"STU02383","Nadia Setiawan","nadia.setiawan77@yahoo.com",25,"Makassar","2023-10-31","Instagram","free",1
"STU02403","Citra Mahendra","citra.mahendra@gmail.com",24,"Semarang","2025-02-02","YouTube","basic",1
"STU00146","Fajar Putra","fajar.putra967@gmail.com",21,"Bandung","2024-06-09","YouTube","free",4
"STU02956","Hana Setyowati","hana.setyowati443@outlook.com",18,"Surabaya","2023-11-25","YouTube","basic",2
"STU02097","Andi Setiawan","andi.setiawan835@outlook.com",27,"Surabaya","2023-02-06","Referral","free",6
"STU01928","Tia Setiawan","tia.setiawan876@yahoo.com",21,"Semarang","2022-01-17","Referral","free",1
"STU00393","Tia Wibowo","tia.wibowo@yahoo.com",45,"Malang","2024-10-30","Instagram","basic",3
"STU02319","Nita Anggraini","nita.anggraini@gmail.com",34,"Jakarta","2023-01-10","TikTok","free",3
